Codigo_Accidente,Fecha_Acc,Localidad,Longitud,Latitud,Coordenada_Completa,Dentro_Poligono_Distrital,Localidad_Por_Punto
4509384,2018-02-22,USAQUÉN,,,False,False,
4504883,2018-01-05,SUBA,,,False,False,
4506143,2018-01-23,TEUSAQUILLO,,,False,False,
4506149,2018-01-23,CIUDAD BOLÍVAR,,,False,False,
4506560,2018-01-26,SANTA FE,,,False,False,
4506971,2018-01-30,KENNEDY,,,False,False,
4507389,2018-02-05,USAQUÉN,,,False,False,
4507403,2018-02-04,USAQUÉN,,,False,False,
4507783,2018-02-08,SANTA FE,,,False,False,
4507799,2018-02-08,TUNJUELITO,,,False,False,
4508166,2018-02-12,USAQUÉN,,,False,False,
4508171,2018-02-12,ANTONIO NARIÑO,,,False,False,
4508172,2018-02-11,BOSA,,,False,False,
4508175,2018-02-11,ANTONIO NARIÑO,,,False,False,
4508189,2018-02-12,USAQUÉN,,,False,False,
4504898,2018-01-05,ANTONIO NARIÑO,,,False,False,
4504915,2018-01-07,TEUSAQUILLO,,,False,False,
4505326,2018-01-14,LOS MÁRTIRES,,,False,False,
4505740,2018-01-18,PUENTE ARANDA,,,False,False,
4505747,2018-01-18,TUNJUELITO,-74.1549,4.59649999999999,True,True,CIUDAD BOLIVAR
4506152,2018-01-23,ENGATIVÁ,,,False,False,
4506157,2018-01-22,LOS MÁRTIRES,,,False,False,
4506567,2018-01-26,BOSA,,,False,False,
4506568,2018-01-27,LOS MÁRTIRES,,,False,False,
4506579,2018-01-26,RAFAEL URIBE URIBE,,,False,False,
4506580,2018-01-27,SANTA FE,,,False,False,
4506582,2018-01-26,CIUDAD BOLÍVAR,,,False,False,
4506585,2018-01-28,BOSA,-74.209634074,4.60581046099998,True,False,Fuera de polígonos
4506591,2018-01-27,ANTONIO NARIÑO,,,False,False,
4507815,2018-02-07,BOSA,,,False,False,
4507819,2018-02-07,BOSA,,,False,False,
4509429,2018-02-22,CIUDAD BOLÍVAR,,,False,False,
4509433,2018-02-22,SAN CRISTÓBAL,,,False,False,
4509437,2018-02-23,BOSA,,,False,False,
4504919,2018-01-06,SUBA,,,False,False,
4504921,2018-01-08,TUNJUELITO,,,False,False,
4504925,2018-01-08,PUENTE ARANDA,,,False,False,
4504931,2018-01-08,USAQUÉN,-74.057311918,4.68405251799999,True,True,CHAPINERO
4505343,2018-01-14,TUNJUELITO,,,False,False,
4505357,2018-01-13,CIUDAD BOLÍVAR,,,False,False,
4505358,2018-01-13,BARRIOS UNIDOS,,,False,False,
4506599,2018-01-26,SAN CRISTÓBAL,,,False,False,
4509052,2018-02-20,ANTONIO NARIÑO,,,False,False,
4509459,2018-02-22,SAN CRISTÓBAL,,,False,False,
4509460,2018-02-23,ANTONIO NARIÑO,,,False,False,
4504542,2018-01-01,USAQUÉN,,,False,False,
4505374,2018-01-13,KENNEDY,,,False,False,
4505380,2018-01-13,PUENTE ARANDA,,,False,False,
4505383,2018-01-13,RAFAEL URIBE URIBE,,,False,False,
4505384,2018-01-13,CIUDAD BOLÍVAR,,,False,False,
4509074,2018-02-20,KENNEDY,,,False,False,
4509506,2018-02-23,SAN CRISTÓBAL,,,False,False,
4509508,2018-02-24,SAN CRISTÓBAL,,,False,False,
4509519,2018-02-24,SANTA FE,-74.08479161,4.59833319099999,True,True,LOS MARTIRES
4504995,2018-01-08,KENNEDY,,,False,False,
4505399,2018-01-13,BOSA,,,False,False,
4505827,2018-01-19,ANTONIO NARIÑO,,,False,False,
4507897,2018-02-08,KENNEDY,,,False,False,
4508286,2018-02-05,LOS MÁRTIRES,,,False,False,
4508287,2018-02-05,SANTA FE,,,False,False,
4509085,2018-02-20,ANTONIO NARIÑO,,,False,False,
4509489,2018-02-23,BOSA,,,False,False,
4505004,2018-01-09,USAQUÉN,,,False,False,
4505840,2018-01-19,BOSA,-74.184238822,4.59643812299998,True,False,Fuera de polígonos
4506265,2018-01-21,USAQUÉN,,,False,False,
4506273,2018-01-23,BOSA,,,False,False,
4507097,2018-01-31,BOSA,,,False,False,
4507521,2018-02-06,USAQUÉN,,,False,False,
4507522,2018-02-05,BARRIOS UNIDOS,,,False,False,
4507528,2018-02-06,SAN CRISTÓBAL,,,False,False,
4507530,2018-02-05,BARRIOS UNIDOS,,,False,False,
4507536,2018-02-05,USAQUÉN,,,False,False,
4507915,2018-02-08,FONTIBÓN,,,False,False,
4508710,2018-02-16,SANTA FE,,,False,False,
4508714,2018-02-16,SANTA FE,,,False,False,
4505467,2018-01-14,BOSA,,,False,False,
4506289,2018-01-24,SUBA,,,False,False,
4506290,2018-01-24,TUNJUELITO,,,False,False,
4506293,2018-01-24,ANTONIO NARIÑO,,,False,False,
4508717,2018-02-14,KENNEDY,,,False,False,
4508721,2018-02-15,BOSA,,,False,False,
4508723,2018-02-15,USAQUÉN,,,False,False,
4508731,2018-02-16,KENNEDY,,,False,False,
4508735,2018-02-17,BOSA,,,False,False,
4508736,2018-02-15,TUNJUELITO,,,False,False,
4508738,2018-02-16,BARRIOS UNIDOS,,,False,False,
4504631,2018-01-02,ANTONIO NARIÑO,,,False,False,
4505480,2018-01-15,LOS MÁRTIRES,,,False,False,
4505481,2018-01-15,LOS MÁRTIRES,,,False,False,
4505488,2018-01-14,USME,,,False,False,
4505489,2018-01-15,SUBA,,,False,False,
4505491,2018-01-15,CIUDAD BOLÍVAR,,,False,False,
4505908,2018-01-18,BOSA,,,False,False,
4507969,2018-02-10,ENGATIVÁ,-74.0819,4.6816,True,True,BARRIOS UNIDOS
4507973,2018-02-09,BOSA,,,False,False,
4508748,2018-02-16,ENGATIVÁ,,,False,False,
4508753,2018-02-16,LOS MÁRTIRES,,,False,False,
4508759,2018-02-16,RAFAEL URIBE URIBE,,,False,False,
4508762,2018-02-16,USME,,,False,False,
4505095,2018-01-11,RAFAEL URIBE URIBE,-74.119017855,4.58937206000002,True,True,ANTONIO NARINO
4505922,2018-01-20,SAN CRISTÓBAL,-74.089742143,4.517035529,True,True,USME
4505931,2018-01-20,ANTONIO NARIÑO,,,False,False,
4505935,2018-01-20,TEUSAQUILLO,,,False,False,
4507984,2018-02-10,ANTONIO NARIÑO,,,False,False,
4507996,2018-02-10,RAFAEL URIBE URIBE,-74.096646615,4.55998871100002,True,True,SAN CRISTOBAL
4508002,2018-02-10,SUBA,,,False,False,
4508006,2018-02-10,SAN CRISTÓBAL,,,False,False,
4508379,2018-02-09,CIUDAD BOLÍVAR,,,False,False,
4508391,2018-02-14,CIUDAD BOLÍVAR,,,False,False,
4508399,2018-02-14,TEUSAQUILLO,,,False,False,
4508400,2018-02-14,TUNJUELITO,,,False,False,
4508778,2018-02-17,BARRIOS UNIDOS,,,False,False,
4508013,2018-02-11,CIUDAD BOLÍVAR,,,False,False,
4508027,2018-02-10,BOSA,,,False,False,
4508028,2018-02-11,TEUSAQUILLO,,,False,False,
4508412,2018-02-13,LOS MÁRTIRES,,,False,False,
4508413,2018-02-14,SANTA FE,,,False,False,
4508415,2018-02-13,PUENTE ARANDA,,,False,False,
4508418,2018-02-13,ENGATIVÁ,,,False,False,
4508822,2018-02-17,KENNEDY,-74.16195682,4.60325105999999,True,True,BOSA
4505562,2018-01-15,ANTONIO NARIÑO,,,False,False,
4506399,2018-01-25,RAFAEL URIBE URIBE,,,False,False,
4506403,2018-01-24,USAQUÉN,,,False,False,
4506824,2018-01-29,LOS MÁRTIRES,,,False,False,
4508444,2018-02-14,BOSA,,,False,False,
4504746,2018-01-03,KENNEDY,,,False,False,
4504749,2018-01-03,BOSA,,,False,False,
4505161,2018-01-10,TUNJUELITO,,,False,False,
4505162,2018-01-11,FONTIBÓN,,,False,False,
4505167,2018-01-11,TUNJUELITO,,,False,False,
4505180,2018-01-10,LOS MÁRTIRES,,,False,False,
4506415,2018-01-25,TEUSAQUILLO,,,False,False,
4506418,2018-01-25,TUNJUELITO,,,False,False,
4506846,2018-01-30,RAFAEL URIBE URIBE,,,False,False,
4507262,2018-02-03,KENNEDY,,,False,False,
4507674,2018-02-07,ANTONIO NARIÑO,,,False,False,
4507675,2018-02-06,RAFAEL URIBE URIBE,,,False,False,
4505185,2018-01-11,TEUSAQUILLO,-74.101796456,4.609270939,True,True,PUENTE ARANDA
4507287,2018-02-03,ANTONIO NARIÑO,,,False,False,
4507293,2018-02-03,USAQUÉN,,,False,False,
4507303,2018-02-04,CIUDAD BOLÍVAR,,,False,False,
4508114,2018-02-12,ENGATIVÁ,,,False,False,
4508884,2018-02-17,BOSA,,,False,False,
4509292,2018-02-22,BOSA,,,False,False,
4509307,2018-02-20,CIUDAD BOLÍVAR,-74.1449098,4.59088406000001,True,True,TUNJUELITO
4509308,2018-02-21,LOS MÁRTIRES,,,False,False,
4509313,2018-02-22,USAQUÉN,-74.059375055,4.67196820700002,True,True,CHAPINERO
4505228,2018-01-11,BOSA,,,False,False,
4505232,2018-01-11,CIUDAD BOLÍVAR,,,False,False,
4505636,2018-01-16,ANTONIO NARIÑO,,,False,False,
4505639,2018-01-17,LOS MÁRTIRES,,,False,False,
4505647,2018-01-17,RAFAEL URIBE URIBE,,,False,False,
4506060,2018-01-21,TUNJUELITO,,,False,False,
4506474,2018-01-25,SUBA,,,False,False,
4506478,2018-01-25,TEUSAQUILLO,,,False,False,
4508531,2018-02-15,USAQUÉN,,,False,False,
4508901,2018-02-18,USAQUÉN,,,False,False,
4508917,2018-02-19,CIUDAD BOLÍVAR,,,False,False,
4509320,2018-02-22,USAQUÉN,,,False,False,
4504820,2018-01-05,FONTIBÓN,,,False,False,
4504821,2018-01-04,PUENTE ARANDA,,,False,False,
4504827,2018-01-04,PUENTE ARANDA,,,False,False,
4505234,2018-01-11,USAQUÉN,,,False,False,
4505236,2018-01-11,USME,,,False,False,
4505239,2018-01-11,TUNJUELITO,,,False,False,
4505245,2018-01-11,USME,,,False,False,
4505259,2018-01-12,PUENTE ARANDA,-74.114,4.59559999999999,True,True,ANTONIO NARINO
4505662,2018-01-17,KENNEDY,,,False,False,
4506503,2018-01-25,KENNEDY,,,False,False,
4508155,2018-02-12,ENGATIVÁ,,,False,False,
4508533,2018-02-14,PUENTE ARANDA,,,False,False,
4507379,2018-02-05,ANTONIO NARIÑO,,,False,False,
4515613,2018-04-23,USAQUÉN,-74.0594,4.67349999999999,True,True,CHAPINERO
4511049,2018-03-09,CIUDAD BOLÍVAR,,,False,False,
4511056,2018-03-09,SANTA FE,,,False,False,
4511889,2018-03-16,PUENTE ARANDA,,,False,False,
4513114,2018-03-28,ENGATIVÁ,,,False,False,
4513124,2018-03-28,USME,-74.1373,4.55059999999997,True,True,CIUDAD BOLIVAR
4513129,2018-03-28,FONTIBÓN,,,False,False,
4513957,2018-04-06,FONTIBÓN,,,False,False,
4515190,2018-04-18,TEUSAQUILLO,,,False,False,
4509837,2018-02-26,BARRIOS UNIDOS,,,False,False,
4511898,2018-03-16,USAQUÉN,,,False,False,
4511903,2018-03-16,CIUDAD BOLÍVAR,,,False,False,
4511904,2018-03-17,USAQUÉN,-74.054412857,4.68275910099999,True,True,CHAPINERO
4513130,2018-03-29,USAQUÉN,,,False,False,
4513974,2018-04-07,RAFAEL URIBE URIBE,,,False,False,
4514386,2018-04-11,PUENTE ARANDA,,,False,False,
4514398,2018-04-11,PUENTE ARANDA,,,False,False,
4514402,2018-04-10,TUNJUELITO,,,False,False,
4515214,2018-04-18,CIUDAD BOLÍVAR,-74.208760757,4.60551836600001,True,True,BOSA
4515666,2018-04-22,PUENTE ARANDA,,,False,False,
4515678,2018-04-23,SAN CRISTÓBAL,,,False,False,
4516070,2018-04-23,BARRIOS UNIDOS,,,False,False,
4516074,2018-04-26,ANTONIO NARIÑO,,,False,False,
4509842,2018-02-27,KENNEDY,,,False,False,
4511091,2018-03-10,SANTA FE,,,False,False,
4511094,2018-03-10,SAN CRISTÓBAL,,,False,False,
4511100,2018-03-10,BOSA,,,False,False,
4511921,2018-03-17,TUNJUELITO,,,False,False,
4513172,2018-03-31,CHAPINERO,,,False,False,
4513183,2018-03-30,KENNEDY,,,False,False,
4513995,2018-04-08,CIUDAD BOLÍVAR,,,False,False,
4510288,2018-03-03,LOS MÁRTIRES,,,False,False,
4510290,2018-03-03,BOSA,,,False,False,
4510294,2018-03-03,USME,,,False,False,
4511535,2018-03-13,SAN CRISTÓBAL,,,False,False,
4511539,2018-03-13,TUNJUELITO,-74.1346,4.55610000000001,True,True,CIUDAD BOLIVAR
4511541,2018-03-14,TUNJUELITO,,,False,False,
4511954,2018-03-20,CIUDAD BOLÍVAR,-74.1445,4.59519999999998,True,True,TUNJUELITO
4512366,2018-03-21,ANTONIO NARIÑO,,,False,False,
4512376,2018-03-21,USAQUÉN,,,False,False,
4512790,2018-03-26,BARRIOS UNIDOS,-74.0639,4.65309999999999,True,True,CHAPINERO
4513184,2018-04-01,BOSA,-74.1806,4.61649999999997,True,True,KENNEDY
4513186,2018-04-02,KENNEDY,,,False,False,
4513190,2018-03-21,TUNJUELITO,,,False,False,
4515288,2018-04-19,ANTONIO NARIÑO,,,False,False,
4516151,2018-04-27,TEUSAQUILLO,-74.1018,4.56319999999999,True,True,SAN CRISTOBAL
4516160,2018-04-15,BOSA,,,False,False,
4510315,2018-03-04,PUENTE ARANDA,,,False,False,
4510320,2018-03-03,BOSA,,,False,False,
4510327,2018-03-03,RAFAEL URIBE URIBE,,,False,False,
4510721,2018-03-06,BARRIOS UNIDOS,,,False,False,
4511563,2018-03-13,CANDELARIA,,,False,False,
4512394,2018-03-23,KENNEDY,,,False,False,
4514067,2018-04-08,PUENTE ARANDA,,,False,False,
4514874,2018-04-16,FONTIBÓN,,,False,False,
4514878,2018-04-16,PUENTE ARANDA,,,False,False,
4515295,2018-04-19,USAQUÉN,,,False,False,
4515299,2018-04-19,ANTONIO NARIÑO,,,False,False,
4515307,2018-04-18,KENNEDY,,,False,False,
4510338,2018-03-03,RAFAEL URIBE URIBE,-74.095783796,4.539684357,True,True,SAN CRISTOBAL
4510754,2018-03-07,RAFAEL URIBE URIBE,,,False,False,
4512019,2018-03-20,BOSA,-74.19376929,4.59833415000003,True,False,Fuera de polígonos
4512841,2018-03-15,ANTONIO NARIÑO,,,False,False,
4513244,2018-04-01,USAQUÉN,,,False,False,
4513245,2018-04-01,CANDELARIA,,,False,False,
4513252,2018-04-01,SAN CRISTÓBAL,,,False,False,
4514071,2018-04-09,TUNJUELITO,,,False,False,
4514072,2018-04-09,ANTONIO NARIÑO,,,False,False,
4514077,2018-04-09,CHAPINERO,,,False,False,
4514081,2018-04-09,ENGATIVÁ,,,False,False,
4514510,2018-04-11,ANTONIO NARIÑO,,,False,False,
4514515,2018-04-11,SAN CRISTÓBAL,,,False,False,
4509551,2018-02-24,ENGATIVÁ,,,False,False,
4509944,2018-02-28,KENNEDY,,,False,False,
4511613,2018-03-14,PUENTE ARANDA,,,False,False,
4512029,2018-03-19,USME,,,False,False,
4512040,2018-03-20,PUENTE ARANDA,,,False,False,
4512047,2018-03-20,TEUSAQUILLO,,,False,False,
4512855,2018-03-25,TUNJUELITO,,,False,False,
4512857,2018-03-25,USAQUÉN,,,False,False,
4514518,2018-04-12,ANTONIO NARIÑO,,,False,False,
4514520,2018-04-11,KENNEDY,,,False,False,
4515349,2018-02-08,LOS MÁRTIRES,,,False,False,
4515793,2018-04-24,USAQUÉN,,,False,False,
4511229,2018-03-10,TUNJUELITO,,,False,False,
4512473,2018-03-22,KENNEDY,,,False,False,
4512479,2018-03-22,PUENTE ARANDA,,,False,False,
4512483,2018-03-23,SANTA FE,,,False,False,
4512487,2018-03-23,PUENTE ARANDA,,,False,False,
4513721,2018-04-03,ANTONIO NARIÑO,,,False,False,
4515379,2018-04-21,SANTA FE,-74.113213192,4.57698810699998,True,True,RAFAEL URIBE URIBE
4515813,2018-04-21,CIUDAD BOLÍVAR,,,False,False,
4513742,2018-04-04,BOSA,,,False,False,
4515408,2018-04-20,BOSA,,,False,False,
4510863,2018-03-07,RAFAEL URIBE URIBE,,,False,False,
4510868,2018-03-07,FONTIBÓN,,,False,False,
4511688,2018-03-14,KENNEDY,,,False,False,
4512120,2018-03-22,BOSA,,,False,False,
4512122,2018-03-21,BOSA,,,False,False,
4513763,2018-04-05,KENNEDY,,,False,False,
4515010,2018-04-16,TUNJUELITO,-74.136796708,4.594987608,True,True,PUENTE ARANDA
4515017,2018-04-16,CIUDAD BOLÍVAR,,,False,False,
4515020,2018-04-16,PUENTE ARANDA,,,False,False,
4511724,2018-03-15,ANTONIO NARIÑO,,,False,False,
4511729,2018-03-15,BARRIOS UNIDOS,,,False,False,
4511734,2018-03-15,ANTONIO NARIÑO,,,False,False,
4512128,2018-03-21,USAQUÉN,,,False,False,
4512131,2018-03-20,USAQUÉN,,,False,False,
4513373,2018-03-31,SANTA FE,,,False,False,
4514620,2018-04-12,BARRIOS UNIDOS,,,False,False,
4514635,2018-04-13,PUENTE ARANDA,,,False,False,
4514639,2018-04-13,PUENTE ARANDA,,,False,False,
4514645,2018-01-13,RAFAEL URIBE URIBE,,,False,False,
4515031,2018-04-16,PUENTE ARANDA,,,False,False,
4515034,2018-04-17,PUENTE ARANDA,,,False,False,
4515039,2018-04-17,BARRIOS UNIDOS,,,False,False,
4515048,2018-04-17,BOSA,,,False,False,
4509664,2018-02-26,SAN CRISTÓBAL,,,False,False,
4509665,2018-02-26,KENNEDY,,,False,False,
4509668,2018-02-26,CIUDAD BOLÍVAR,,,False,False,
4509669,2018-02-26,ANTONIO NARIÑO,,,False,False,
4509676,2018-02-24,CIUDAD BOLÍVAR,,,False,False,
4513828,2018-04-04,ANTONIO NARIÑO,,,False,False,
4515074,2018-04-16,ANTONIO NARIÑO,,,False,False,
4515490,2018-04-20,CIUDAD BOLÍVAR,,,False,False,
4515499,2018-04-21,BOSA,,,False,False,
4510107,2018-02-28,LOS MÁRTIRES,,,False,False,
4510112,2018-03-01,BOSA,,,False,False,
4510113,2018-03-01,SAN CRISTÓBAL,,,False,False,
4510117,2018-03-01,RAFAEL URIBE URIBE,,,False,False,
4510538,2018-03-06,RAFAEL URIBE URIBE,,,False,False,
4511360,2018-03-12,CHAPINERO,,,False,False,
4511774,2018-03-13,KENNEDY,,,False,False,
4512203,2018-03-18,TUNJUELITO,-74.126520912,4.59460461100002,True,True,PUENTE ARANDA
4513437,2018-04-03,BOSA,,,False,False,
4513445,2018-04-03,CHAPINERO,,,False,False,
4513840,2018-04-05,SANTA FE,,,False,False,
4513848,2018-04-06,PUENTE ARANDA,,,False,False,
4513856,2018-04-06,LOS MÁRTIRES,-74.090827077,4.59247480800002,True,True,ANTONIO NARINO
4514691,2018-04-14,SAN CRISTÓBAL,,,False,False,
4515097,2018-04-16,BARRIOS UNIDOS,,,False,False,
4515502,2018-04-22,BOSA,,,False,False,
4515504,2018-04-22,RAFAEL URIBE URIBE,,,False,False,
4515507,2018-04-21,PUENTE ARANDA,,,False,False,
4515513,2018-04-22,PUENTE ARANDA,,,False,False,
4515526,2018-04-21,ANTONIO NARIÑO,,,False,False,
4515941,2018-04-25,SAN CRISTÓBAL,,,False,False,
4515946,2018-01-25,KENNEDY,,,False,False,
4515948,2018-04-25,SAN CRISTÓBAL,,,False,False,
4515959,2018-04-25,USAQUÉN,-74.059975243,4.66829031700001,True,True,CHAPINERO
4511381,2018-03-13,ENGATIVÁ,,,False,False,
4512637,2018-03-23,PUENTE ARANDA,,,False,False,
4513873,2018-04-06,FONTIBÓN,,,False,False,
4514699,2018-04-15,USAQUÉN,,,False,False,
4514701,2018-04-14,KENNEDY,-74.1371,4.59500000000003,True,True,PUENTE ARANDA
4515541,2018-04-21,ENGATIVÁ,,,False,False,
4515547,2018-04-21,PUENTE ARANDA,,,False,False,
4510174,2018-03-02,TUNJUELITO,,,False,False,
4510570,2018-03-05,BARRIOS UNIDOS,,,False,False,
4510993,2018-03-09,CANDELARIA,,,False,False,
4510998,2018-03-09,ANTONIO NARIÑO,,,False,False,
4511000,2018-03-09,BOSA,,,False,False,
4512648,2018-03-23,SAN CRISTÓBAL,,,False,False,
4512654,2018-03-23,SAN CRISTÓBAL,,,False,False,
4512655,2018-03-25,KENNEDY,,,False,False,
4512665,2018-03-25,RAFAEL URIBE URIBE,,,False,False,
4513056,2018-03-27,CIUDAD BOLÍVAR,,,False,False,
4513057,2018-03-27,CHAPINERO,,,False,False,
4513073,2018-03-26,CIUDAD BOLÍVAR,,,False,False,
4514737,2018-04-13,FONTIBÓN,,,False,False,
4515560,2018-04-22,BOSA,,,False,False,
4510178,2018-03-02,LOS MÁRTIRES,,,False,False,
4510180,2018-03-01,RAFAEL URIBE URIBE,,,False,False,
4510199,2018-03-02,BOSA,,,False,False,
4510202,2018-03-02,ENGATIVÁ,,,False,False,
4511857,2018-03-18,TUNJUELITO,,,False,False,
4512683,2018-03-26,USAQUÉN,,,False,False,
4513090,2018-03-27,BARRIOS UNIDOS,,,False,False,
4513100,2018-03-27,TEUSAQUILLO,,,False,False,
4513933,2018-04-07,USAQUÉN,,,False,False,
4514750,2018-04-15,CANDELARIA,,,False,False,
4514751,2018-04-14,FONTIBÓN,,,False,False,
4514768,2018-04-14,SAN CRISTÓBAL,,,False,False,
4515165,2018-04-15,CHAPINERO,,,False,False,
4515176,2018-04-17,SANTA FE,,,False,False,
4515185,2018-04-17,PUENTE ARANDA,,,False,False,
4515602,2018-04-21,PUENTE ARANDA,,,False,False,
10452498,2018-06-27,SAN CRISTÓBAL,-74.107090644,4.557742115,True,True,RAFAEL URIBE URIBE
10452504,2018-06-26,CIUDAD BOLÍVAR,,,False,False,
4516427,2018-04-30,BOSA,,,False,False,
10447024,2018-05-08,SAN CRISTÓBAL,,,False,False,
10447029,2018-05-08,ENGATIVÁ,,,False,False,
10447030,2018-05-07,BOSA,,,False,False,
10447453,2018-05-11,KENNEDY,,,False,False,
10447464,2018-05-12,RAFAEL URIBE URIBE,-74.119576482,4.589076541,True,True,ANTONIO NARINO
10447465,2018-05-12,SAN CRISTÓBAL,,,False,False,
10447872,2018-05-12,SANTA FE,-74.14337285,4.579446389,True,True,TUNJUELITO
10448693,2018-05-22,SANTA FE,-74.065529933,4.63297879599997,True,True,CHAPINERO
10448697,2018-05-23,SUBA,,,False,False,
10449565,2018-05-31,FONTIBÓN,,,False,False,
10450393,2018-06-09,BOSA,,,False,False,
10450404,2018-06-09,TUNJUELITO,,,False,False,
10450409,2018-06-09,ANTONIO NARIÑO,,,False,False,
10450412,2018-06-09,ANTONIO NARIÑO,,,False,False,
10450810,2018-06-13,USAQUÉN,,,False,False,
10450817,2018-06-13,USAQUÉN,,,False,False,
10451222,2018-06-17,CIUDAD BOLÍVAR,-74.143952604,4.587015409,True,True,TUNJUELITO
10451657,2018-06-20,SANTA FE,,,False,False,
10451663,2018-06-20,BOSA,-74.153355446,4.56681546800002,True,True,CIUDAD BOLIVAR
10452538,2018-06-26,ANTONIO NARIÑO,,,False,False,
4516464,2018-04-30,ANTONIO NARIÑO,,,False,False,
4516474,2018-04-30,SAN CRISTÓBAL,,,False,False,
10447475,2018-05-12,ANTONIO NARIÑO,,,False,False,
10447476,2018-05-12,SUBA,,,False,False,
10447490,2018-05-13,SAN CRISTÓBAL,,,False,False,
10449157,2018-05-28,USME,,,False,False,
10449161,2018-05-26,BOSA,-74.14373716,4.58470363700002,True,True,TUNJUELITO
10449165,2018-05-27,BOSA,,,False,False,
10450423,2018-06-10,BOSA,,,False,False,
10450425,2018-06-10,LOS MÁRTIRES,,,False,False,
10450427,2018-06-10,TEUSAQUILLO,,,False,False,
10450435,2018-06-11,BOSA,,,False,False,
10451669,2018-06-20,BARRIOS UNIDOS,,,False,False,
10451681,2018-06-19,LOS MÁRTIRES,,,False,False,
10451690,2018-06-20,ANTONIO NARIÑO,,,False,False,
10451694,2018-06-19,PUENTE ARANDA,,,False,False,
4516480,2018-04-30,ANTONIO NARIÑO,,,False,False,
10446673,2018-05-02,ANTONIO NARIÑO,,,False,False,
10447508,2018-05-13,LOS MÁRTIRES,,,False,False,
10447512,2018-05-11,KENNEDY,,,False,False,
10447929,2018-05-17,PUENTE ARANDA,-74.090154181,4.58161348599998,True,True,SAN CRISTOBAL
10448757,2018-05-23,ENGATIVÁ,-74.14000262,4.69480420399998,True,True,FONTIBON
10449172,2018-05-26,BOSA,,,False,False,
10449176,2018-05-27,KENNEDY,,,False,False,
10450042,2018-06-05,TEUSAQUILLO,,,False,False,
10450445,2018-06-09,ENGATIVÁ,,,False,False,
10450456,2018-06-10,RAFAEL URIBE URIBE,,,False,False,
10451705,2018-06-20,SAN CRISTÓBAL,,,False,False,
10452604,2018-06-27,TUNJUELITO,,,False,False,
10447942,2018-05-16,BOSA,,,False,False,
10448772,2018-05-24,CANDELARIA,,,False,False,
10449642,2018-06-01,ANTONIO NARIÑO,,,False,False,
10449645,2018-05-31,SANTA FE,,,False,False,
10450050,2018-06-05,ENGATIVÁ,,,False,False,
10450052,2018-06-05,TEUSAQUILLO,,,False,False,
10450062,2018-06-06,ENGATIVÁ,,,False,False,
10450066,2018-06-06,CIUDAD BOLÍVAR,-74.171359147,4.59620873199998,True,True,BOSA
10446706,2018-05-04,LOS MÁRTIRES,,,False,False,
10446718,2018-05-05,BOSA,-74.182098001,4.59343272400002,True,True,CIUDAD BOLIVAR
10448378,2018-05-21,LOS MÁRTIRES,,,False,False,
10448385,2018-05-21,ANTONIO NARIÑO,,,False,False,
10448387,2018-05-19,USAQUÉN,,,False,False,
10448391,2018-05-22,CHAPINERO,,,False,False,
10448398,2018-05-21,ANTONIO NARIÑO,,,False,False,
10448805,2018-05-24,BOSA,-74.184947284,4.59636501400001,True,False,Fuera de polígonos
10449661,2018-06-01,SAN CRISTÓBAL,-74.101541248,4.56815995699998,True,True,RAFAEL URIBE URIBE
10449665,2018-06-01,CANDELARIA,,,False,False,
10449668,2018-05-31,PUENTE ARANDA,,,False,False,
10449674,2018-05-31,PUENTE ARANDA,,,False,False,
10450073,2018-06-06,SANTA FE,,,False,False,
10450910,2018-06-14,LOS MÁRTIRES,,,False,False,
10450924,2018-06-13,BOSA,,,False,False,
10452605,2018-06-27,SAN CRISTÓBAL,,,False,False,
10452609,2018-06-28,USAQUÉN,,,False,False,
10452615,2018-06-28,BARRIOS UNIDOS,,,False,False,
10452622,2018-06-27,SAN CRISTÓBAL,,,False,False,
10446742,2018-05-04,SANTA FE,,,False,False,
10446751,2018-05-04,ENGATIVÁ,,,False,False,
10447173,2018-05-09,RAFAEL URIBE URIBE,-74.138316482,4.59054522100001,True,True,TUNJUELITO
10447587,2018-05-15,LOS MÁRTIRES,,,False,False,
10447596,2018-05-15,FONTIBÓN,,,False,False,
10448415,2018-05-20,KENNEDY,,,False,False,
10449682,2018-06-01,USAQUÉN,,,False,False,
10449691,2018-06-01,BARRIOS UNIDOS,,,False,False,
10449697,2018-06-01,TUNJUELITO,,,False,False,
10449699,2018-06-01,LOS MÁRTIRES,,,False,False,
10451797,2018-06-21,USAQUÉN,,,False,False,
10452240,2018-06-25,USAQUÉN,,,False,False,
4516167,2018-04-26,SAN CRISTÓBAL,,,False,False,
4516188,2018-04-27,CIUDAD BOLÍVAR,-74.19449807,4.59897341499999,True,True,BOSA
10446773,2018-05-06,USAQUÉN,,,False,False,
10446781,2018-05-06,ENGATIVÁ,,,False,False,
10447199,2018-05-08,SAN CRISTÓBAL,,,False,False,
10447601,2018-05-15,RAFAEL URIBE URIBE,-74.130614327,4.57669722600002,True,True,TUNJUELITO
10449281,2018-05-29,FONTIBÓN,,,False,False,
10449725,2018-06-03,BARRIOS UNIDOS,,,False,False,
10450556,2018-06-11,BOSA,,,False,False,
10450557,2018-06-12,SAN CRISTÓBAL,,,False,False,
10451387,2018-06-19,TUNJUELITO,-74.127525549,4.57869698600001,True,True,RAFAEL URIBE URIBE
10451807,2018-06-21,CIUDAD BOLÍVAR,-74.118006846,4.53108277500002,True,True,USME
4516195,2018-04-27,RAFAEL URIBE URIBE,,,False,False,
4516620,2018-05-02,BOSA,,,False,False,
4516626,2018-05-02,SANTA FE,,,False,False,
10449310,2018-05-29,ENGATIVÁ,,,False,False,
10449316,2018-05-29,CIUDAD BOLÍVAR,,,False,False,
10449740,2018-06-02,TEUSAQUILLO,,,False,False,
10449746,2018-06-04,SANTA FE,,,False,False,
10450161,2018-06-06,SAN CRISTÓBAL,,,False,False,
10450164,2018-06-05,RAFAEL URIBE URIBE,,,False,False,
10450173,2018-06-07,PUENTE ARANDA,,,False,False,
10451406,2018-06-15,FONTIBÓN,,,False,False,
4516240,2018-04-27,SAN CRISTÓBAL,,,False,False,
4516242,2018-04-27,CANDELARIA,,,False,False,
4516243,2018-04-28,ANTONIO NARIÑO,,,False,False,
4516650,2018-05-02,LOS MÁRTIRES,,,False,False,
10446820,2018-05-04,PUENTE ARANDA,,,False,False,
10446834,2018-05-07,SANTA FE,,,False,False,
10448909,2018-05-24,LOS MÁRTIRES,,,False,False,
10448914,2018-05-24,ANTONIO NARIÑO,,,False,False,
10448918,2018-05-24,CIUDAD BOLÍVAR,,,False,False,
10448933,2018-05-25,PUENTE ARANDA,,,False,False,
10449775,2018-06-02,PUENTE ARANDA,,,False,False,
10449776,2018-06-02,CIUDAD BOLÍVAR,-74.1391,4.57049999999998,True,True,TUNJUELITO
10452323,2018-06-24,ENGATIVÁ,,,False,False,
10452324,2018-06-25,RAFAEL URIBE URIBE,-74.120860057,4.58930426299997,True,True,ANTONIO NARINO
10446844,2018-05-07,PUENTE ARANDA,,,False,False,
10446846,2018-05-03,ANTONIO NARIÑO,,,False,False,
10446848,2018-05-07,LOS MÁRTIRES,,,False,False,
10446849,2018-05-07,LOS MÁRTIRES,,,False,False,
10448106,2018-05-18,LOS MÁRTIRES,,,False,False,
10448941,2018-05-25,USAQUÉN,,,False,False,
10448947,2018-05-25,PUENTE ARANDA,,,False,False,
10448954,2018-03-24,LOS MÁRTIRES,-74.104955091,4.61877773399999,True,True,PUENTE ARANDA
10450209,2018-06-07,FONTIBÓN,,,False,False,
10450219,2018-04-15,CANDELARIA,,,False,False,
10451472,2018-06-15,ENGATIVÁ,,,False,False,
10451905,2018-06-22,SANTA FE,,,False,False,
10452340,2018-06-25,BOSA,-74.164053958,4.59553675299998,True,True,CIUDAD BOLIVAR
10452342,2018-06-26,CHAPINERO,-74.134380182,4.58615157700001,True,True,TUNJUELITO
10452344,2018-06-26,ENGATIVÁ,,,False,False,
10452346,2018-06-26,RAFAEL URIBE URIBE,-74.125852751,4.569382125,True,True,TUNJUELITO
10452350,2018-06-26,ANTONIO NARIÑO,,,False,False,
10452357,2018-06-24,BOSA,,,False,False,
4516277,2018-04-29,ANTONIO NARIÑO,,,False,False,
4516280,2018-04-29,TEUSAQUILLO,-74.0651,4.64710000000002,True,True,CHAPINERO
10447293,2018-05-09,PUENTE ARANDA,,,False,False,
10447307,2018-05-10,ENGATIVÁ,,,False,False,
10447703,2018-05-15,SAN CRISTÓBAL,,,False,False,
10447728,2018-05-16,LOS MÁRTIRES,,,False,False,
10448122,2018-05-18,TUNJUELITO,-74.142293537,4.570215529,True,True,CIUDAD BOLIVAR
10448124,2018-05-18,PUENTE ARANDA,-74.09169083,4.60508281699998,True,True,LOS MARTIRES
10448135,2018-05-17,SANTA FE,,,False,False,
10448963,2018-05-24,SAN CRISTÓBAL,,,False,False,
10448964,2018-05-24,KENNEDY,,,False,False,
10448976,2018-05-25,RAFAEL URIBE URIBE,,,False,False,
10448979,2018-05-26,FONTIBÓN,,,False,False,
10449824,2018-06-01,TEUSAQUILLO,,,False,False,
10451064,2018-06-14,PUENTE ARANDA,,,False,False,
10451077,2018-06-15,SAN CRISTÓBAL,,,False,False,
10451080,2018-06-15,TUNJUELITO,,,False,False,
10451081,2018-06-15,FONTIBÓN,,,False,False,
10451088,2018-06-16,RAFAEL URIBE URIBE,-74.143236736,4.57940502000002,True,True,TUNJUELITO
10451504,2018-06-19,PUENTE ARANDA,,,False,False,
10451507,2018-06-18,BOSA,-74.151842213,4.59568688799999,True,True,KENNEDY
10452374,2018-06-24,ENGATIVÁ,-74.0819,4.6816,True,True,BARRIOS UNIDOS
4516298,2018-04-28,BARRIOS UNIDOS,,,False,False,
4516310,2018-04-27,LOS MÁRTIRES,,,False,False,
10447734,2018-05-16,PUENTE ARANDA,,,False,False,
10448147,2018-05-17,SAN CRISTÓBAL,,,False,False,
10448152,2018-05-18,USAQUÉN,,,False,False,
10448566,2018-05-20,KENNEDY,,,False,False,
10448571,2018-05-22,TEUSAQUILLO,,,False,False,
10448581,2018-05-22,SANTA FE,,,False,False,
10448584,2018-05-22,SANTA FE,-74.093420272,4.59912335600001,True,True,LOS MARTIRES
10449003,2018-03-25,CIUDAD BOLÍVAR,,,False,False,
10449005,2018-05-26,RAFAEL URIBE URIBE,-74.134788257,4.59127126700002,True,True,TUNJUELITO
10449428,2018-05-30,ANTONIO NARIÑO,,,False,False,
10449429,2018-05-29,KENNEDY,,,False,False,
10451934,2018-06-21,BOSA,,,False,False,
10451936,2018-06-22,PUENTE ARANDA,,,False,False,
10451938,2018-06-22,ANTONIO NARIÑO,,,False,False,
10451946,2018-06-21,KENNEDY,,,False,False,
10451951,2018-06-22,PUENTE ARANDA,,,False,False,
10451956,2018-06-22,CIUDAD BOLÍVAR,,,False,False,
10448601,2018-05-22,RAFAEL URIBE URIBE,,,False,False,
10449435,2018-05-30,SANTA FE,,,False,False,
10450286,2018-06-07,TUNJUELITO,,,False,False,
10450290,2018-06-07,ENGATIVÁ,,,False,False,
10450293,2018-06-08,LOS MÁRTIRES,,,False,False,
10450299,2018-06-07,PUENTE ARANDA,,,False,False,
10450703,2018-06-13,TEUSAQUILLO,,,False,False,
10450705,2018-06-12,USAQUÉN,,,False,False,
10450713,2018-06-13,ANTONIO NARIÑO,,,False,False,
10450714,2018-06-12,LOS MÁRTIRES,,,False,False,
10451966,2018-06-22,LOS MÁRTIRES,,,False,False,
10451968,2018-06-21,CIUDAD BOLÍVAR,-74.1418,4.58089999999999,True,True,TUNJUELITO
10451970,2018-06-22,CIUDAD BOLÍVAR,-74.14396311,4.58699007899997,True,True,TUNJUELITO
4516774,2018-05-02,PUENTE ARANDA,,,False,False,
4516778,2018-05-02,SANTA FE,,,False,False,
4516783,2018-05-03,TUNJUELITO,,,False,False,
10447377,2018-05-11,BOSA,-74.150443825,4.59556716399999,True,True,KENNEDY
10448206,2018-05-19,BOSA,,,False,False,
10449040,2018-05-26,BOSA,,,False,False,
10449048,2018-05-26,KENNEDY,,,False,False,
10451161,2018-06-13,TEUSAQUILLO,-74.143997012,4.568731576,True,True,CIUDAD BOLIVAR
10451164,2018-06-15,SUBA,,,False,False,
10451169,2018-06-16,TEUSAQUILLO,,,False,False,
10451567,2018-06-18,SANTA FE,,,False,False,
4516801,2018-05-02,RAFAEL URIBE URIBE,,,False,False,
4516802,2018-04-30,TUNJUELITO,,,False,False,
4516803,2018-05-03,TUNJUELITO,,,False,False,
4516805,2018-05-02,RAFAEL URIBE URIBE,-74.137965565,4.59005232700002,True,True,TUNJUELITO
10447390,2018-05-10,ANTONIO NARIÑO,,,False,False,
10447395,2018-05-11,USAQUÉN,,,False,False,
10448227,2018-05-20,ANTONIO NARIÑO,,,False,False,
10448231,2018-05-20,CIUDAD BOLÍVAR,,,False,False,
10448234,2018-05-20,USME,,,False,False,
10448242,2018-05-20,CHAPINERO,,,False,False,
10448243,2018-05-19,ANTONIO NARIÑO,,,False,False,
10449070,2018-05-24,BARRIOS UNIDOS,,,False,False,
10451171,2018-06-15,TUNJUELITO,,,False,False,
10451174,2018-06-16,ANTONIO NARIÑO,,,False,False,
10452477,2018-06-27,TUNJUELITO,-74.128499099,4.58684079599999,True,True,RAFAEL URIBE URIBE
4516406,2018-04-29,RAFAEL URIBE URIBE,,,False,False,
10447425,2018-05-11,SAN CRISTÓBAL,-74.098812307,4.57126979999998,True,True,RAFAEL URIBE URIBE
10447430,2018-05-11,LOS MÁRTIRES,,,False,False,
10448253,2018-05-19,CHAPINERO,,,False,False,
10448669,2018-05-23,USAQUÉN,,,False,False,
10449536,2018-05-30,SANTA FE,,,False,False,
10450386,2018-06-08,PUENTE ARANDA,,,False,False,
10451213,2018-06-16,SANTA FE,,,False,False,
10451217,2018-06-16,BOSA,,,False,False,
10452052,2018-06-24,SANTA FE,,,False,False,
10458812,2018-08-29,LOS MÁRTIRES,,,False,False,
10452942,2018-07-02,TEUSAQUILLO,-74.0651,4.64710000000002,True,True,CHAPINERO
10453354,2018-07-04,LOS MÁRTIRES,,,False,False,
10453368,2018-07-06,RAFAEL URIBE URIBE,-74.134789806,4.59126248000001,True,True,TUNJUELITO
10453768,2018-07-10,TEUSAQUILLO,,,False,False,
10453769,2018-07-09,ANTONIO NARIÑO,,,False,False,
10453771,2018-07-10,BOSA,-74.1786,4.63159999999999,True,True,KENNEDY
10454199,2018-07-14,PUENTE ARANDA,,,False,False,
10454203,2018-07-14,BOSA,,,False,False,
10454204,2018-07-15,PUENTE ARANDA,,,False,False,
10454206,2018-07-15,USAQUÉN,,,False,False,
10454214,2018-07-15,ANTONIO NARIÑO,,,False,False,
10454217,2018-07-14,CIUDAD BOLÍVAR,,,False,False,
10454639,2018-07-16,ENGATIVÁ,,,False,False,
10455899,2018-07-29,BARRIOS UNIDOS,-74.062,4.65839999999997,True,True,CHAPINERO
10456294,2018-08-03,CIUDAD BOLÍVAR,,,False,False,
10456297,2018-08-03,BARRIOS UNIDOS,,,False,False,
10456318,2018-08-05,CIUDAD BOLÍVAR,-74.139359164,4.58215167700001,True,True,TUNJUELITO
10456720,2018-08-08,KENNEDY,,,False,False,
10456726,2018-08-08,LOS MÁRTIRES,,,False,False,
10456734,2018-08-09,CHAPINERO,,,False,False,
10457544,2018-08-16,BOSA,,,False,False,
10457978,2018-08-22,USAQUÉN,,,False,False,
10458387,2018-08-25,ANTONIO NARIÑO,,,False,False,
10458403,2018-08-23,KENNEDY,,,False,False,
10458843,2018-08-30,TUNJUELITO,,,False,False,
10459258,2018-09-02,CIUDAD BOLÍVAR,-74.131319119,4.58572887299999,True,True,TUNJUELITO
10459260,2018-09-03,TEUSAQUILLO,,,False,False,
10459261,2018-09-02,TUNJUELITO,,,False,False,
10452955,2018-07-04,BOSA,-74.1402,4.59550000000002,True,True,KENNEDY
10453380,2018-07-06,SAN CRISTÓBAL,,,False,False,
10454219,2018-07-15,TUNJUELITO,,,False,False,
10454645,2018-07-16,BOSA,,,False,False,
10454652,2018-07-18,KENNEDY,,,False,False,
10454667,2018-07-18,BOSA,,,False,False,
10455910,2018-07-31,SAN CRISTÓBAL,,,False,False,
10455916,2018-07-30,USAQUÉN,,,False,False,
10455923,2018-07-30,BARRIOS UNIDOS,,,False,False,
10456324,2018-08-05,RAFAEL URIBE URIBE,,,False,False,
10456326,2018-08-05,PUENTE ARANDA,,,False,False,
10456745,2018-08-09,ENGATIVÁ,,,False,False,
10457982,2018-08-21,RAFAEL URIBE URIBE,,,False,False,
10457990,2018-08-22,TUNJUELITO,,,False,False,
10457996,2018-08-21,PUENTE ARANDA,,,False,False,
10458422,2018-08-23,CIUDAD BOLÍVAR,,,False,False,
10454668,2018-07-16,SAN CRISTÓBAL,-74.112329165,4.56063218499997,True,True,RAFAEL URIBE URIBE
10456353,2018-08-04,USAQUÉN,,,False,False,
10457192,2018-08-13,BOSA,-74.182122605,4.59343706300001,True,True,CIUDAD BOLIVAR
10457195,2018-08-13,KENNEDY,-74.213450885,4.62128127,True,True,BOSA
10457197,2018-08-13,BOSA,,,False,False,
10458005,2018-08-21,ANTONIO NARIÑO,-74.126839071,4.59332094600001,True,True,PUENTE ARANDA
10458020,2018-08-21,SAN CRISTÓBAL,-74.104627021,4.56506470800002,True,True,RAFAEL URIBE URIBE
10458436,2018-08-23,TUNJUELITO,,,False,False,
10459308,2018-08-30,USAQUÉN,,,False,False,
10453441,2018-07-06,CIUDAD BOLÍVAR,,,False,False,
10453447,2018-07-07,ANTONIO NARIÑO,-74.127129335,4.59092081300003,True,True,RAFAEL URIBE URIBE
10453449,2018-07-06,PUENTE ARANDA,,,False,False,
10454272,2018-07-15,CIUDAD BOLÍVAR,-74.1211,4.55650000000003,True,True,RAFAEL URIBE URIBE
10455127,2018-07-23,TEUSAQUILLO,,,False,False,
10455128,2018-07-24,SANTA FE,,,False,False,
10455142,2018-07-23,KENNEDY,,,False,False,
10455146,2018-07-23,KENNEDY,,,False,False,
10457222,2018-08-12,CIUDAD BOLÍVAR,,,False,False,
10457629,2018-08-16,BARRIOS UNIDOS,,,False,False,
10458472,2018-08-27,ANTONIO NARIÑO,,,False,False,
10458475,2018-08-27,ENGATIVÁ,-74.118864721,4.68936254400001,True,True,FONTIBON
10453459,2018-07-07,PUENTE ARANDA,,,False,False,
10453468,2018-07-07,USME,-74.121362124,4.55330169600001,True,True,TUNJUELITO
10453481,2018-07-07,KENNEDY,,,False,False,
10453873,2018-07-10,ANTONIO NARIÑO,-74.110546279,4.59725914699999,True,True,PUENTE ARANDA
10453879,2018-07-10,RAFAEL URIBE URIBE,-74.101724125,4.547952678,True,True,SAN CRISTOBAL
10453880,2018-07-11,BOSA,-74.1798,4.6343,True,True,KENNEDY
10453888,2018-07-11,USAQUÉN,,,False,False,
10453893,2018-07-11,BARRIOS UNIDOS,-74.105124105,4.687864687,True,True,ENGATIVA
10454745,2018-07-20,BOSA,,,False,False,
10454746,2018-07-19,BOSA,,,False,False,
10455581,2018-07-27,SAN CRISTÓBAL,,,False,False,
10455594,2018-07-28,TEUSAQUILLO,-74.069897758,4.654177291,True,True,BARRIOS UNIDOS
10455995,2018-08-01,BARRIOS UNIDOS,-74.095,4.68729999999999,True,True,ENGATIVA
10457666,2018-08-17,CIUDAD BOLÍVAR,-74.143832342,4.578939768,True,True,TUNJUELITO
10458069,2018-08-21,PUENTE ARANDA,,,False,False,
10458484,2018-08-27,SANTA FE,,,False,False,
10458950,2018-08-15,ANTONIO NARIÑO,,,False,False,
10453500,2018-07-08,BOSA,,,False,False,
10453914,2018-07-11,BOSA,,,False,False,
10454755,2018-07-19,PUENTE ARANDA,,,False,False,
10454757,2018-07-19,ANTONIO NARIÑO,-74.09553578,4.59743170600001,True,True,LOS MARTIRES
10454760,2018-07-20,USME,-74.142529421,4.585205261,True,True,TUNJUELITO
10455602,2018-07-28,ENGATIVÁ,,,False,False,
10457675,2018-08-16,USAQUÉN,,,False,False,
10457691,2018-08-17,ANTONIO NARIÑO,-74.081678573,4.60880120100001,True,True,LOS MARTIRES
10457694,2018-08-17,SANTA FE,-74.080492415,4.63272452000001,True,True,TEUSAQUILLO
10457695,2018-08-17,BARRIOS UNIDOS,,,False,False,
10452673,2018-06-27,TUNJUELITO,,,False,False,
10453091,2018-06-24,BOSA,,,False,False,
10453514,2018-07-07,KENNEDY,,,False,False,
10455630,2018-07-29,ANTONIO NARIÑO,,,False,False,
10455633,2018-07-28,TUNJUELITO,-74.158048101,4.56577729399999,True,True,CIUDAD BOLIVAR
10455637,2018-07-29,SUMAPAZ,-74.128848759,4.46514023899999,True,True,USME
10455638,2018-07-28,PUENTE ARANDA,,,False,False,
10456041,2018-07-31,BOSA,,,False,False,
10456047,2018-08-01,CHAPINERO,,,False,False,
10456049,2018-07-25,PUENTE ARANDA,,,False,False,
10456051,2018-08-01,SAN CRISTÓBAL,-74.086075355,4.50124738,True,True,USME
10456061,2018-08-01,ENGATIVÁ,,,False,False,
10456874,2018-08-10,ANTONIO NARIÑO,,,False,False,
10456879,2018-08-10,KENNEDY,,,False,False,
10456886,2018-08-10,SAN CRISTÓBAL,,,False,False,
10457709,2018-08-18,BARRIOS UNIDOS,,,False,False,
10458536,2018-08-25,CHAPINERO,,,False,False,
10458988,2018-08-30,SAN CRISTÓBAL,,,False,False,
10458991,2018-08-31,BOSA,,,False,False,
10459006,2018-08-30,SAN CRISTÓBAL,,,False,False,
10459009,2018-08-31,CIUDAD BOLÍVAR,,,False,False,
10453110,2018-07-03,SAN CRISTÓBAL,-74.071246787,4.59036143600002,True,True,CANDELARIA
10453129,2018-07-04,ANTONIO NARIÑO,,,False,False,
10453133,2018-07-04,SAN CRISTÓBAL,-74.119523437,4.48971011100002,True,True,USME
10454385,2018-07-16,CIUDAD BOLÍVAR,-74.140354957,4.58220582400003,True,True,TUNJUELITO
10454387,2018-07-13,CIUDAD BOLÍVAR,,,False,False,
10454397,2018-07-15,TEUSAQUILLO,-74.061588746,4.66185879199998,True,True,BARRIOS UNIDOS
10454807,2018-07-19,SUBA,,,False,False,
10455661,2018-07-28,BOSA,-74.179474699,4.63366981500002,True,True,KENNEDY
10456081,2018-08-01,BOSA,,,False,False,
10456087,2018-07-31,KENNEDY,,,False,False,
10456477,2018-08-07,SANTA FE,,,False,False,
10456483,2018-08-07,BOSA,,,False,False,
10457307,2018-08-13,SAN CRISTÓBAL,,,False,False,
10457316,2018-08-14,USAQUÉN,,,False,False,
10457317,2018-08-11,RAFAEL URIBE URIBE,,,False,False,
10457320,2018-08-14,SAN CRISTÓBAL,,,False,False,
10457321,2018-08-11,RAFAEL URIBE URIBE,-74.143792979,4.58586429000002,True,True,TUNJUELITO
10457322,2018-08-14,RAFAEL URIBE URIBE,,,False,False,
10457726,2018-08-15,SAN CRISTÓBAL,-74.098812307,4.57126979999998,True,True,RAFAEL URIBE URIBE
10457747,2018-08-19,CIUDAD BOLÍVAR,,,False,False,
10459011,2018-08-29,TUNJUELITO,,,False,False,
10459037,2018-09-01,PUENTE ARANDA,,,False,False,
10452734,2018-06-29,BARRIOS UNIDOS,,,False,False,
10452736,2018-06-29,ANTONIO NARIÑO,,,False,False,
10452738,2018-06-29,SAN CRISTÓBAL,,,False,False,
10453142,2018-07-04,LOS MÁRTIRES,,,False,False,
10453993,2018-07-13,LOS MÁRTIRES,,,False,False,
10453994,2018-07-11,LOS MÁRTIRES,,,False,False,
10454849,2018-07-21,SANTA FE,,,False,False,
10455274,2018-07-24,RAFAEL URIBE URIBE,-74.138396154,4.59055926899998,True,True,TUNJUELITO
10455278,2018-07-24,USAQUÉN,,,False,False,
10457331,2018-08-13,PUENTE ARANDA,,,False,False,
10457341,2018-08-14,SAN CRISTÓBAL,,,False,False,
10459040,2018-09-01,PUENTE ARANDA,,,False,False,
10459046,2018-09-01,PUENTE ARANDA,,,False,False,
10459048,2018-09-01,ANTONIO NARIÑO,,,False,False,
10459051,2018-09-01,BARRIOS UNIDOS,,,False,False,
10459059,2018-08-31,RAFAEL URIBE URIBE,,,False,False,
10452739,2018-06-29,SAN CRISTÓBAL,,,False,False,
10452741,2018-06-29,USAQUÉN,,,False,False,
10452762,2018-06-28,BOSA,,,False,False,
10454009,2018-07-12,TUNJUELITO,,,False,False,
10454010,2018-07-12,BOSA,,,False,False,
10454014,2018-07-11,TEUSAQUILLO,,,False,False,
10455303,2018-07-25,KENNEDY,,,False,False,
10456539,2018-08-06,PUENTE ARANDA,,,False,False,
10457357,2018-08-11,SAN CRISTÓBAL,-74.113430854,4.56199916100002,True,True,RAFAEL URIBE URIBE
10458623,2018-08-24,USAQUÉN,,,False,False,
10458629,2018-08-27,USAQUÉN,,,False,False,
10459077,2018-09-01,LOS MÁRTIRES,,,False,False,
10453628,2018-07-09,CIUDAD BOLÍVAR,,,False,False,
10453629,2018-07-09,FONTIBÓN,,,False,False,
10453630,2018-07-09,BARRIOS UNIDOS,,,False,False,
10454034,2018-07-11,PUENTE ARANDA,,,False,False,
10456163,2018-08-01,USAQUÉN,,,False,False,
10456165,2018-08-02,KENNEDY,,,False,False,
10456974,2018-08-11,ANTONIO NARIÑO,,,False,False,
10458235,2018-08-22,RAFAEL URIBE URIBE,,,False,False,
10458643,2018-08-28,CHAPINERO,-74.079700864,4.63466944200002,True,True,TEUSAQUILLO
10458650,2018-08-28,BOSA,,,False,False,
10458653,2018-08-27,BOSA,,,False,False,
10458655,2018-08-27,SAN CRISTÓBAL,-74.090949339,4.51413691200003,True,True,USME
10458661,2018-08-27,SANTA FE,,,False,False,
10458667,2018-08-28,KENNEDY,,,False,False,
10459089,2018-09-02,BOSA,,,False,False,
10459098,2018-09-01,USAQUÉN,,,False,False,
10452796,2018-06-29,SUBA,,,False,False,
10452808,2018-06-29,TUNJUELITO,,,False,False,
10452812,2018-06-29,LOS MÁRTIRES,,,False,False,
10453654,2018-07-08,BARRIOS UNIDOS,,,False,False,
10454063,2018-07-08,PUENTE ARANDA,,,False,False,
10454081,2018-07-10,BARRIOS UNIDOS,-74.152485261,4.54139488700002,True,True,CIUDAD BOLIVAR
10454484,2018-07-16,ANTONIO NARIÑO,,,False,False,
10455773,2018-07-30,KENNEDY,,,False,False,
10456178,2018-08-01,USME,,,False,False,
10456183,2018-08-02,LOS MÁRTIRES,,,False,False,
10456581,2018-08-07,USAQUÉN,,,False,False,
10456590,2018-08-07,PUENTE ARANDA,,,False,False,
10456602,2018-08-08,BOSA,-74.175362884,4.60758720500002,True,True,KENNEDY
10456998,2018-08-11,LOS MÁRTIRES,,,False,False,
10457003,2018-08-11,PUENTE ARANDA,,,False,False,
10457009,2018-08-10,ENGATIVÁ,,,False,False,
10457013,2018-08-11,SAN CRISTÓBAL,,,False,False,
10457021,2018-08-12,BOSA,-74.178735653,4.59678455800002,True,True,CIUDAD BOLIVAR
10457434,2018-08-14,RAFAEL URIBE URIBE,-74.1205,4.58920000000001,True,True,ANTONIO NARINO
10457435,2018-08-14,SAN CRISTÓBAL,,,False,False,
10458688,2018-07-24,USAQUÉN,-74.0752,4.58629999999999,True,True,SANTA FE
10458696,2018-08-28,PUENTE ARANDA,,,False,False,
10452823,2018-06-29,ENGATIVÁ,,,False,False,
10452840,2018-07-01,TEUSAQUILLO,-74.0651,4.64710000000002,True,True,CHAPINERO
10453249,2018-06-21,LOS MÁRTIRES,,,False,False,
10453263,2018-07-05,LOS MÁRTIRES,,,False,False,
10453678,2018-07-07,BOSA,,,False,False,
10454524,2018-07-17,BOSA,,,False,False,
10455796,2018-07-30,SUBA,,,False,False,
10456607,2018-08-07,ANTONIO NARIÑO,,,False,False,
10456608,2018-08-08,PUENTE ARANDA,-74.073103555,4.66909109900001,True,True,BARRIOS UNIDOS
10457022,2018-08-10,FONTIBÓN,,,False,False,
10457452,2018-08-15,PUENTE ARANDA,,,False,False,
10457857,2018-08-21,RAFAEL URIBE URIBE,,,False,False,
10457859,2018-08-21,CIUDAD BOLÍVAR,,,False,False,
10457861,2018-08-21,BOSA,,,False,False,
10458274,2018-08-24,PUENTE ARANDA,-74.133687837,4.62645699900003,True,True,KENNEDY
10458279,2018-08-24,SANTA FE,,,False,False,
10458282,2018-08-22,ENGATIVÁ,,,False,False,
10458712,2018-08-28,USME,,,False,False,
10458717,2018-08-29,RAFAEL URIBE URIBE,,,False,False,
10458718,2018-08-29,TUNJUELITO,-74.162620932,4.586135743,True,True,CIUDAD BOLIVAR
10452848,2018-07-01,ANTONIO NARIÑO,,,False,False,
10452856,2018-07-02,USAQUÉN,,,False,False,
10454988,2018-07-22,FONTIBÓN,,,False,False,
10456238,2018-08-02,SAN CRISTÓBAL,,,False,False,
10456240,2018-08-03,PUENTE ARANDA,,,False,False,
10458727,2018-08-28,BOSA,-74.157204076,4.58854592799997,True,True,CIUDAD BOLIVAR
10458746,2018-08-28,KENNEDY,,,False,False,
10458750,2018-08-28,BOSA,,,False,False,
10452878,2018-06-30,CIUDAD BOLÍVAR,,,False,False,
10452880,2018-07-01,ANTONIO NARIÑO,,,False,False,
10454151,2018-07-12,USAQUÉN,,,False,False,
10454158,2018-07-13,SAN CRISTÓBAL,,,False,False,
10454991,2018-07-22,LOS MÁRTIRES,,,False,False,
10454999,2018-07-22,BOSA,,,False,False,
10455016,2018-07-23,SAN CRISTÓBAL,,,False,False,
10455427,2018-07-26,SAN CRISTÓBAL,,,False,False,
10455429,2018-07-23,BOSA,,,False,False,
10455442,2018-07-26,SAN CRISTÓBAL,,,False,False,
10458343,2018-08-25,SANTA FE,,,False,False,
10458349,2018-08-25,KENNEDY,,,False,False,
10453337,2018-07-06,BOSA,-74.118744499,4.689167381,True,True,FONTIBON
10453763,2018-07-10,CIUDAD BOLÍVAR,,,False,False,
10454183,2018-07-14,FONTIBÓN,,,False,False,
10455446,2018-07-26,FONTIBÓN,,,False,False,
10456283,2018-08-04,USAQUÉN,-74.057134152,4.68567035299998,True,True,CHAPINERO
10456292,2018-08-03,ENGATIVÁ,-74.121205376,4.69247653999997,True,True,FONTIBON
10457103,2018-08-12,USAQUÉN,,,False,False,
10457526,2018-08-15,PUENTE ARANDA,,,False,False,
10458354,2018-08-25,USME,,,False,False,
10458372,2018-08-23,ANTONIO NARIÑO,,,False,False,
10458777,2018-08-29,ENGATIVÁ,,,False,False,
10458789,2018-08-27,TEUSAQUILLO,-74.0651,4.64710000000002,True,True,CHAPINERO
10465295,2018-10-30,CIUDAD BOLÍVAR,-74.195445719,4.62448906100002,True,True,BOSA
10465304,2018-10-30,ENGATIVÁ,-74.063897997,4.68617524299998,True,True,BARRIOS UNIDOS
10465696,2018-11-03,TEUSAQUILLO,,,False,False,
10459644,2018-09-04,SANTA FE,,,False,False,
10460063,2018-09-08,ANTONIO NARIÑO,,,False,False,
10460456,2018-09-12,SAN CRISTÓBAL,,,False,False,
10460873,2018-09-17,BARRIOS UNIDOS,,,False,False,
10461283,2018-09-21,TUNJUELITO,,,False,False,
10461288,2018-09-21,LOS MÁRTIRES,,,False,False,
10462107,2018-09-29,TEUSAQUILLO,,,False,False,
10462120,2018-09-29,CIUDAD BOLÍVAR,,,False,False,
10462126,2018-09-30,BOSA,,,False,False,
10462934,2018-10-07,PUENTE ARANDA,-74.117569236,4.58351598500002,True,True,RAFAEL URIBE URIBE
10462936,2018-10-07,ANTONIO NARIÑO,-74.116051017,4.58836979400002,True,True,RAFAEL URIBE URIBE
10463355,2018-10-11,KENNEDY,,,False,False,
10465312,2018-10-30,CHAPINERO,,,False,False,
10465719,2018-11-05,BOSA,,,False,False,
10460071,2018-09-07,CIUDAD BOLÍVAR,,,False,False,
10460073,2018-09-09,SAN CRISTÓBAL,,,False,False,
10460075,2018-09-10,SANTA FE,,,False,False,
10460080,2018-09-10,PUENTE ARANDA,-74.141894384,4.58844554900003,True,True,TUNJUELITO
10460491,2018-09-13,LOS MÁRTIRES,,,False,False,
10460492,2018-09-12,CIUDAD BOLÍVAR,,,False,False,
10460495,2018-09-11,TUNJUELITO,,,False,False,
10460891,2018-09-18,SANTA FE,,,False,False,
10460906,2018-09-18,USME,,,False,False,
10461300,2018-09-21,PUENTE ARANDA,-74.149180891,4.567509094,True,True,CIUDAD BOLIVAR
10461727,2018-09-26,PUENTE ARANDA,-74.0817,4.60509999999999,True,True,LOS MARTIRES
10462141,2018-09-29,KENNEDY,,,False,False,
10462968,2018-10-08,KENNEDY,,,False,False,
10462971,2018-10-08,PUENTE ARANDA,,,False,False,
10464939,2018-10-27,ENGATIVÁ,,,False,False,
10465341,2018-10-28,PUENTE ARANDA,,,False,False,
10465344,2018-10-28,BOSA,-74.182043417,4.59343397200001,True,True,CIUDAD BOLIVAR
10460503,2018-09-13,TEUSAQUILLO,,,False,False,
10460514,2018-09-14,ENGATIVÁ,,,False,False,
10460520,2018-09-14,SAN CRISTÓBAL,-74.128505155,4.58677904299998,True,True,RAFAEL URIBE URIBE
10461327,2018-09-22,TUNJUELITO,-74.1295,4.58620000000002,True,True,RAFAEL URIBE URIBE
10461332,2018-09-23,BOSA,,,False,False,
10461333,2018-09-22,USME,,,False,False,
10461336,2018-09-22,USAQUÉN,,,False,False,
10462571,2018-10-04,ENGATIVÁ,-74.0765,4.66140000000001,True,True,BARRIOS UNIDOS
10462581,2018-10-04,PUENTE ARANDA,,,False,False,
10464963,2018-10-26,TUNJUELITO,,,False,False,
10464977,2018-10-26,PUENTE ARANDA,,,False,False,
10465776,2018-11-05,SANTA FE,,,False,False,
10465778,2018-11-05,BOSA,,,False,False,
10465784,2018-11-05,BARRIOS UNIDOS,-74.060051293,4.668023452,True,True,CHAPINERO
10465791,2018-11-02,BARRIOS UNIDOS,,,False,False,
10460118,2018-09-07,BOSA,,,False,False,
10460120,2018-09-10,LOS MÁRTIRES,,,False,False,
10460123,2018-09-10,BOSA,,,False,False,
10460530,2018-09-14,ANTONIO NARIÑO,,,False,False,
10460535,2018-09-16,TUNJUELITO,,,False,False,
10460539,2018-09-14,LOS MÁRTIRES,,,False,False,
10461358,2018-09-22,LOS MÁRTIRES,,,False,False,
10461360,2018-09-22,PUENTE ARANDA,,,False,False,
10461361,2018-09-20,PUENTE ARANDA,,,False,False,
10461373,2018-09-21,BARRIOS UNIDOS,,,False,False,
10461771,2018-09-26,ANTONIO NARIÑO,,,False,False,
10461780,2018-09-25,TUNJUELITO,,,False,False,
10462590,2018-10-02,ANTONIO NARIÑO,-74.121588279,4.60192203999998,True,True,PUENTE ARANDA
10462591,2018-10-03,BARRIOS UNIDOS,,,False,False,
10462593,2018-10-03,TEUSAQUILLO,-74.113903886,4.56670655699997,True,True,RAFAEL URIBE URIBE
10462600,2018-10-04,KENNEDY,,,False,False,
10462609,2018-10-03,ENGATIVÁ,,,False,False,
10462610,2018-10-04,ENGATIVÁ,,,False,False,
10463452,2018-10-11,BOSA,,,False,False,
10463851,2018-10-16,KENNEDY,,,False,False,
10463853,2018-10-16,USAQUÉN,,,False,False,
10463856,2018-10-17,PUENTE ARANDA,,,False,False,
10464219,2018-10-20,CANDELARIA,,,False,False,
10464222,2018-10-19,ENGATIVÁ,,,False,False,
10464232,2018-10-20,TEUSAQUILLO,,,False,False,
10464238,2018-10-18,BARRIOS UNIDOS,,,False,False,
10464997,2018-10-26,TUNJUELITO,,,False,False,
10464999,2018-10-27,BARRIOS UNIDOS,,,False,False,
10465395,2018-10-30,ANTONIO NARIÑO,,,False,False,
10465399,2018-10-30,FONTIBÓN,,,False,False,
10459753,2018-09-06,SANTA FE,,,False,False,
10460553,2018-09-15,BOSA,-74.155890172,4.59265567900002,True,True,CIUDAD BOLIVAR
10460568,2018-09-14,KENNEDY,,,False,False,
10460571,2018-09-15,CIUDAD BOLÍVAR,-74.161513845,4.60711553499999,True,True,KENNEDY
10461391,2018-09-21,CHAPINERO,,,False,False,
10461399,2018-09-23,SAN CRISTÓBAL,,,False,False,
10461401,2018-09-23,KENNEDY,,,False,False,
10461791,2018-09-25,RAFAEL URIBE URIBE,,,False,False,
10462210,2018-09-30,KENNEDY,-74.183863309,4.59623370700001,True,False,Fuera de polígonos
10462624,2018-10-03,BOSA,,,False,False,
10463046,2018-07-19,USAQUÉN,,,False,False,
10463459,2018-10-12,BOSA,,,False,False,
10463475,2018-10-11,ANTONIO NARIÑO,,,False,False,
10463479,2018-10-12,ENGATIVÁ,,,False,False,
10463482,2018-10-11,CIUDAD BOLÍVAR,-74.139113271,4.57900370200002,True,True,TUNJUELITO
10463868,2018-10-15,PUENTE ARANDA,,,False,False,
10464241,2018-10-21,BOSA,-74.182180704,4.59343643400001,True,True,CIUDAD BOLIVAR
10464250,2018-10-20,PUENTE ARANDA,,,False,False,
10464251,2018-10-20,SAN CRISTÓBAL,,,False,False,
10464258,2018-10-21,BOSA,,,False,False,
10464265,2018-10-17,BARRIOS UNIDOS,,,False,False,
10464632,2018-10-24,SAN CRISTÓBAL,,,False,False,
10464639,2018-10-24,SAN CRISTÓBAL,,,False,False,
10464641,2018-10-23,BARRIOS UNIDOS,,,False,False,
10464642,2018-10-24,SAN CRISTÓBAL,,,False,False,
10464645,2018-10-24,SANTA FE,-74.067901946,4.60009899800002,True,True,CANDELARIA
10464652,2018-10-18,ENGATIVÁ,,,False,False,
10465008,2018-10-28,PUENTE ARANDA,,,False,False,
10465023,2018-10-27,SAN CRISTÓBAL,,,False,False,
10465027,2018-10-27,USAQUÉN,,,False,False,
10465430,2018-10-31,KENNEDY,,,False,False,
10465797,2018-10-02,RAFAEL URIBE URIBE,-74.124915095,4.593972038,True,True,PUENTE ARANDA
10465814,2018-09-21,SAN CRISTÓBAL,,,False,False,
10459756,2018-09-06,BOSA,,,False,False,
10459757,2018-09-06,CANDELARIA,-74.066082692,4.60328268400002,True,True,SANTA FE
10459767,2018-09-05,KENNEDY,,,False,False,
10459778,2018-09-05,PUENTE ARANDA,,,False,False,
10459780,2018-09-05,FONTIBÓN,-74.067409708,4.66368414099998,True,True,BARRIOS UNIDOS
10460591,2018-09-16,TUNJUELITO,-74.180523531,4.591446851,True,True,CIUDAD BOLIVAR
10461003,2018-09-18,BOSA,-74.182013438,4.59343955899999,True,True,CIUDAD BOLIVAR
10461821,2018-09-26,SAN CRISTÓBAL,,,False,False,
10461824,2018-09-26,SAN CRISTÓBAL,,,False,False,
10462236,2018-09-28,BOSA,-74.180571123,4.63605702500001,True,True,KENNEDY
10463485,2018-10-10,PUENTE ARANDA,,,False,False,
10463486,2018-10-12,BOSA,,,False,False,
10463490,2018-10-11,SAN CRISTÓBAL,-74.126193237,4.55744282199998,True,True,TUNJUELITO
10463499,2018-10-05,USAQUÉN,,,False,False,
10463506,2018-10-12,SAN CRISTÓBAL,-74.098352002,4.57180777899998,True,True,RAFAEL URIBE URIBE
10464271,2018-10-17,TEUSAQUILLO,,,False,False,
10464276,2018-10-20,BOSA,,,False,False,
10464278,2018-10-18,PUENTE ARANDA,,,False,False,
10464656,2018-10-23,RAFAEL URIBE URIBE,-74.126671603,4.56680993399999,True,True,TUNJUELITO
10460211,2018-06-10,FONTIBÓN,,,False,False,
10460217,2018-09-10,CIUDAD BOLÍVAR,,,False,False,
10461034,2018-09-18,BOSA,,,False,False,
10461038,2018-09-18,USAQUÉN,,,False,False,
10461859,2018-09-27,CIUDAD BOLÍVAR,,,False,False,
10463090,2018-10-08,SAN CRISTÓBAL,-74.126199985,4.58113432699997,True,True,RAFAEL URIBE URIBE
10463515,2018-10-13,BARRIOS UNIDOS,,,False,False,
10463516,2018-10-11,BARRIOS UNIDOS,,,False,False,
10463520,2018-10-12,KENNEDY,,,False,False,
10463525,2018-10-13,BOSA,,,False,False,
10463527,2018-10-13,SAN CRISTÓBAL,,,False,False,
10463910,2018-10-16,USME,-74.085107002,4.73642391499999,True,True,SUBA
10463915,2018-10-17,TUNJUELITO,,,False,False,
10460227,2018-09-10,BARRIOS UNIDOS,,,False,False,
10460647,2018-09-15,KENNEDY,-74.03411092,4.71719923299997,True,True,USAQUEN
10460648,2018-09-16,BOSA,,,False,False,
10460651,2018-09-17,RAFAEL URIBE URIBE,,,False,False,
10461063,2018-09-18,ANTONIO NARIÑO,,,False,False,
10461482,2018-09-23,BOSA,,,False,False,
10461872,2018-09-26,TUNJUELITO,,,False,False,
10461881,2018-09-27,BOSA,,,False,False,
10461883,2018-09-27,BOSA,,,False,False,
10462692,2018-10-04,BOSA,,,False,False,
10462693,2018-10-04,ANTONIO NARIÑO,,,False,False,
10462695,2018-10-04,ANTONIO NARIÑO,,,False,False,
10462700,2018-10-04,BOSA,-74.147569166,4.54894654100002,True,True,CIUDAD BOLIVAR
10462707,2018-10-04,SAN CRISTÓBAL,-74.126664573,4.56680869500002,True,True,TUNJUELITO
10462708,2018-10-04,BARRIOS UNIDOS,,,False,False,
10462711,2018-10-04,ENGATIVÁ,,,False,False,
10463110,2018-10-09,TUNJUELITO,-74.135432174,4.55847726299999,True,True,CIUDAD BOLIVAR
10463119,2018-10-09,BARRIOS UNIDOS,,,False,False,
10463547,2018-10-13,LOS MÁRTIRES,,,False,False,
10463553,2018-10-11,USME,,,False,False,
10465490,2018-11-01,TEUSAQUILLO,,,False,False,
10465494,2018-11-01,KENNEDY,,,False,False,
10465497,2018-11-01,CANDELARIA,-74.076540665,4.59002137200002,True,True,SANTA FE
10465505,2018-10-31,SAN CRISTÓBAL,,,False,False,
10465507,2018-11-01,TUNJUELITO,-74.151777926,4.58085307099998,True,True,CIUDAD BOLIVAR
10465508,2018-10-31,PUENTE ARANDA,,,False,False,
10459428,2018-09-03,BARRIOS UNIDOS,,,False,False,
10459445,2018-09-02,KENNEDY,,,False,False,
10459836,2018-09-06,USAQUÉN,,,False,False,
10460244,2018-09-11,PUENTE ARANDA,,,False,False,
10460657,2018-09-15,ENGATIVÁ,,,False,False,
10460658,2018-09-16,KENNEDY,-74.161009369,4.60270268400001,True,True,BOSA
10460659,2018-09-15,USME,,,False,False,
10460661,2018-09-15,BARRIOS UNIDOS,,,False,False,
10460672,2018-06-16,FONTIBÓN,,,False,False,
10460674,2018-09-15,TUNJUELITO,,,False,False,
10461068,2018-09-19,USAQUÉN,,,False,False,
10461085,2018-09-19,USME,,,False,False,
10461089,2018-09-19,USME,,,False,False,
10461491,2018-09-23,BARRIOS UNIDOS,-74.0611,4.66410000000002,True,True,CHAPINERO
10461501,2018-09-23,BOSA,,,False,False,
10462721,2018-10-03,ANTONIO NARIÑO,,,False,False,
10462725,2018-10-04,SANTA FE,,,False,False,
10463562,2018-10-15,TUNJUELITO,,,False,False,
10463577,2018-10-13,TEUSAQUILLO,,,False,False,
10463580,2018-10-13,KENNEDY,,,False,False,
10464367,2018-10-20,ENGATIVÁ,,,False,False,
10465514,2018-11-01,SUBA,,,False,False,
10465515,2018-11-01,SANTA FE,-74.090732168,4.60139044900001,True,True,LOS MARTIRES
10465523,2018-10-31,SUBA,,,False,False,
10459448,2018-09-03,BOSA,,,False,False,
10459450,2018-09-03,BOSA,,,False,False,
10459458,2018-09-04,BARRIOS UNIDOS,,,False,False,
10459460,2018-09-04,SAN CRISTÓBAL,,,False,False,
10459861,2018-09-07,KENNEDY,,,False,False,
10460691,2018-09-17,TUNJUELITO,,,False,False,
10461942,2018-09-27,PUENTE ARANDA,,,False,False,
10462337,2018-10-01,ANTONIO NARIÑO,-74.0846,4.6232,True,True,PUENTE ARANDA
10462348,2018-10-02,TEUSAQUILLO,,,False,False,
10462354,2018-10-02,PUENTE ARANDA,,,False,False,
10462357,2018-10-02,LOS MÁRTIRES,,,False,False,
10462764,2018-10-06,PUENTE ARANDA,,,False,False,
10463179,2018-08-30,ANTONIO NARIÑO,,,False,False,
10463589,2018-10-13,CANDELARIA,,,False,False,
10463593,2018-10-13,LOS MÁRTIRES,,,False,False,
10463609,2018-10-15,LOS MÁRTIRES,,,False,False,
10463986,2018-10-17,SAN CRISTÓBAL,-74.106463811,4.56572986800001,True,True,RAFAEL URIBE URIBE
10463989,2018-10-17,BOSA,,,False,False,
10464384,2018-10-22,PUENTE ARANDA,,,False,False,
10464385,2018-10-22,BARRIOS UNIDOS,,,False,False,
10464387,2018-10-22,SANTA FE,,,False,False,
10465141,2018-10-28,ANTONIO NARIÑO,,,False,False,
10465143,2018-10-28,CIUDAD BOLÍVAR,,,False,False,
10465144,2018-10-29,PUENTE ARANDA,,,False,False,
10465146,2018-10-29,ENGATIVÁ,,,False,False,
10465154,2018-10-27,BOSA,,,False,False,
10459472,2018-09-03,SAN CRISTÓBAL,,,False,False,
10461125,2018-09-17,ANTONIO NARIÑO,-74.08483684,4.58925393999999,True,True,SAN CRISTOBAL
10461128,2018-09-19,KENNEDY,,,False,False,
10461131,2018-08-19,USAQUÉN,,,False,False,
10461140,2018-09-20,BOSA,,,False,False,
10461956,2018-09-27,SAN CRISTÓBAL,-74.111822487,4.62081532399998,True,True,PUENTE ARANDA
10461967,2018-09-27,BARRIOS UNIDOS,-74.06006259,4.66798678499998,True,True,CHAPINERO
10461970,2018-09-21,LOS MÁRTIRES,,,False,False,
10462373,2018-10-01,KENNEDY,-74.073134018,4.62676548399998,True,True,TEUSAQUILLO
10462780,2018-10-06,USAQUÉN,,,False,False,
10462784,2018-10-06,LOS MÁRTIRES,,,False,False,
10462786,2018-10-07,BOSA,-74.156185359,4.64751496700001,True,True,KENNEDY
10462791,2018-10-05,USAQUÉN,,,False,False,
10463209,2018-10-10,BARRIOS UNIDOS,-74.064,4.65260000000001,True,True,CHAPINERO
10464007,2018-10-17,TUNJUELITO,-74.107106203,4.59001182600002,True,True,ANTONIO NARINO
10464014,2018-10-17,TUNJUELITO,,,False,False,
10464017,2018-10-16,PUENTE ARANDA,,,False,False,
10464020,2018-10-18,PUENTE ARANDA,,,False,False,
10464779,2018-10-24,CANDELARIA,,,False,False,
10464781,2018-10-25,TUNJUELITO,-74.141481746,4.55187395500002,True,True,CIUDAD BOLIVAR
10465160,2018-10-28,SANTA FE,,,False,False,
10465576,2018-01-01,TEUSAQUILLO,,,False,False,
10459913,2018-09-05,LOS MÁRTIRES,,,False,False,
10459914,2018-09-08,TEUSAQUILLO,,,False,False,
10459922,2018-09-07,ANTONIO NARIÑO,,,False,False,
10459926,2018-09-06,BARRIOS UNIDOS,,,False,False,
10460323,2018-09-12,RAFAEL URIBE URIBE,,,False,False,
10460326,2018-09-11,TEUSAQUILLO,,,False,False,
10460335,2018-09-12,USAQUÉN,,,False,False,
10461146,2018-09-20,CANDELARIA,,,False,False,
10461148,2018-09-19,CIUDAD BOLÍVAR,-74.120243526,4.48738006299999,True,True,USME
10461151,2018-09-19,BARRIOS UNIDOS,,,False,False,
10461153,2018-09-20,TEUSAQUILLO,,,False,False,
10461157,2018-09-20,LOS MÁRTIRES,,,False,False,
10461972,2018-09-27,TUNJUELITO,,,False,False,
10461973,2018-09-28,SAN CRISTÓBAL,,,False,False,
10461981,2018-09-28,SAN CRISTÓBAL,,,False,False,
10462389,2018-10-01,TUNJUELITO,-74.119232959,4.56685449700001,True,True,RAFAEL URIBE URIBE
10462800,2018-10-06,TUNJUELITO,,,False,False,
10462803,2018-10-06,SAN CRISTÓBAL,,,False,False,
10462817,2018-10-05,BOSA,,,False,False,
10463217,2018-10-10,ANTONIO NARIÑO,,,False,False,
10463230,2018-10-08,USAQUÉN,,,False,False,
10464038,2018-10-17,PUENTE ARANDA,,,False,False,
10464043,2018-10-18,BOSA,,,False,False,
10465584,2018-10-30,ANTONIO NARIÑO,,,False,False,
10465589,2018-10-31,PUENTE ARANDA,-74.124564051,4.58907562100001,True,True,RAFAEL URIBE URIBE
10465593,2018-11-01,ANTONIO NARIÑO,,,False,False,
10465597,2018-11-01,TEUSAQUILLO,,,False,False,
10465602,2018-11-01,SAN CRISTÓBAL,,,False,False,
10465607,2018-11-02,SANTA FE,,,False,False,
10459943,2018-09-08,LOS MÁRTIRES,,,False,False,
10459946,2018-09-05,ENGATIVÁ,,,False,False,
10459951,2018-09-07,PUENTE ARANDA,,,False,False,
10459958,2018-09-07,BARRIOS UNIDOS,,,False,False,
10461587,2018-09-24,PUENTE ARANDA,,,False,False,
10461604,2018-09-24,TUNJUELITO,,,False,False,
10463251,2018-10-09,CIUDAD BOLÍVAR,,,False,False,
10463661,2018-10-16,PUENTE ARANDA,-74.0933,4.63249999999999,True,True,TEUSAQUILLO
10465634,2018-11-03,PUENTE ARANDA,-74.0938,4.60649999999998,True,True,LOS MARTIRES
10460377,2018-09-12,SAN CRISTÓBAL,-74.1055,4.57990000000001,True,True,RAFAEL URIBE URIBE
10461610,2018-09-24,BOSA,,,False,False,
10461629,2018-09-25,KENNEDY,,,False,False,
10462030,2018-09-25,KENNEDY,,,False,False,
10462034,2018-09-29,KENNEDY,,,False,False,
10462045,2018-09-28,ENGATIVÁ,,,False,False,
10463688,2018-10-16,RAFAEL URIBE URIBE,,,False,False,
10463690,2018-10-16,SANTA FE,-74.0658,4.62569999999999,True,True,CHAPINERO
10463691,2018-10-16,ANTONIO NARIÑO,,,False,False,
10463695,2018-10-15,BARRIOS UNIDOS,-74.084164349,4.65336442799997,True,True,TEUSAQUILLO
10463705,2018-10-16,KENNEDY,,,False,False,
10463708,2018-10-16,SAN CRISTÓBAL,,,False,False,
10464109,2018-10-18,KENNEDY,,,False,False,
10464491,2018-10-21,CIUDAD BOLÍVAR,,,False,False,
10465641,2018-11-02,BOSA,-74.143224875,4.579274613,True,True,TUNJUELITO
10465642,2018-11-03,TUNJUELITO,-74.074062255,4.63734484000003,True,True,TEUSAQUILLO
10465644,2018-11-03,KENNEDY,,,False,False,
10465645,2018-11-03,BARRIOS UNIDOS,,,False,False,
10459586,2018-08-22,PUENTE ARANDA,,,False,False,
10460419,2018-09-13,BOSA,-74.179648704,4.63405325700001,True,True,KENNEDY
10461244,2018-09-21,USME,-74.121,4.5489,True,True,RAFAEL URIBE URIBE
10462052,2018-09-27,LOS MÁRTIRES,,,False,False,
10462069,2018-09-29,ANTONIO NARIÑO,,,False,False,
10462070,2018-09-29,SAN CRISTÓBAL,,,False,False,
10463326,2018-10-06,ANTONIO NARIÑO,,,False,False,
10464118,2018-10-19,LOS MÁRTIRES,,,False,False,
10464127,2018-10-19,PUENTE ARANDA,,,False,False,
10464133,2018-10-18,SAN CRISTÓBAL,,,False,False,
10464135,2018-10-19,TEUSAQUILLO,,,False,False,
10464519,2018-10-23,SAN CRISTÓBAL,-74.114465936,4.62439293,True,True,PUENTE ARANDA
10465282,2018-10-29,SANTA FE,,,False,False,
10465284,2018-10-29,CHAPINERO,,,False,False,
10465670,2018-11-05,SAN CRISTÓBAL,,,False,False,
10465672,2018-11-03,PUENTE ARANDA,,,False,False,
10465674,2018-11-04,USAQUÉN,,,False,False,
10465679,2018-11-05,ANTONIO NARIÑO,,,False,False,
10465685,2018-11-03,TUNJUELITO,,,False,False,
10465689,2018-11-03,CIUDAD BOLÍVAR,-74.129761925,4.585670349,True,True,RAFAEL URIBE URIBE
10459615,2018-09-05,SANTA FE,,,False,False,
10460425,2018-09-13,CIUDAD BOLÍVAR,,,False,False,
10460855,2018-09-18,USAQUÉN,,,False,False,
10461252,2018-09-19,KENNEDY,,,False,False,
10461256,2018-09-19,CANDELARIA,,,False,False,
10461257,2018-09-19,PUENTE ARANDA,,,False,False,
10461260,2018-09-19,ANTONIO NARIÑO,,,False,False,
10461270,2018-09-20,CIUDAD BOLÍVAR,,,False,False,
10462086,2018-09-29,TUNJUELITO,,,False,False,
10462091,2018-09-30,SAN CRISTÓBAL,,,False,False,
10462093,2018-09-29,PUENTE ARANDA,,,False,False,
10462094,2018-09-29,BOSA,,,False,False,
10462099,2018-09-29,LOS MÁRTIRES,,,False,False,
10462495,2018-10-02,SAN CRISTÓBAL,,,False,False,
10462502,2018-10-02,FONTIBÓN,,,False,False,
10462914,2018-10-06,TEUSAQUILLO,,,False,False,
10462924,2018-10-06,BARRIOS UNIDOS,-74.058594139,4.676479218,True,True,CHAPINERO
10463330,2018-10-11,PUENTE ARANDA,,,False,False,
10463343,2018-10-11,RAFAEL URIBE URIBE,-74.110162945,4.51629494299999,True,True,USME
10463348,2018-10-08,PUENTE ARANDA,,,False,False,
10463744,2018-10-15,CIUDAD BOLÍVAR,,,False,False,
10463747,2018-10-15,USME,,,False,False,
10471734,2018-12-29,ANTONIO NARIÑO,,,False,False,
10471737,2018-12-29,KENNEDY,,,False,False,
10471738,2018-12-29,TUNJUELITO,,,False,False,
10471741,2018-12-29,ANTONIO NARIÑO,,,False,False,
10466517,2018-11-10,TEUSAQUILLO,-74.0651,4.64710000000002,True,True,CHAPINERO
10466521,2018-11-10,TUNJUELITO,,,False,False,
10467299,2018-11-17,BOSA,-74.153320846,4.574600111,True,True,CIUDAD BOLIVAR
10467301,2018-11-18,CANDELARIA,,,False,False,
10467717,2018-11-22,LOS MÁRTIRES,,,False,False,
10467726,2018-11-22,BOSA,,,False,False,
10468540,2018-11-28,KENNEDY,,,False,False,
10469743,2018-12-11,BARRIOS UNIDOS,,,False,False,
10471751,2018-12-28,SANTA FE,,,False,False,
10471757,2018-12-31,SAN CRISTÓBAL,,,False,False,
10471758,2018-12-31,TUNJUELITO,,,False,False,
10471760,2018-12-31,SAN CRISTÓBAL,,,False,False,
10471767,2018-12-30,SUBA,,,False,False,
10471768,2018-12-31,TEUSAQUILLO,,,False,False,
10466143,2018-10-30,PUENTE ARANDA,,,False,False,
10466929,2018-11-14,BOSA,,,False,False,
10467733,2018-11-21,SAN CRISTÓBAL,,,False,False,
10469380,2018-12-04,BOSA,,,False,False,
10469390,2018-12-06,SAN CRISTÓBAL,,,False,False,
10470177,2018-12-15,TUNJUELITO,-74.126149441,4.574014632,True,True,RAFAEL URIBE URIBE
10470185,2018-12-14,PUENTE ARANDA,,,False,False,
10471778,2018-12-30,BOSA,,,False,False,
10472199,2019-01-05,KENNEDY,,,False,False,
10472202,2019-01-05,USME,,,False,False,
10466156,2018-11-07,SAN CRISTÓBAL,,,False,False,
10466563,2018-11-10,USAQUÉN,,,False,False,
10466568,2018-11-13,FONTIBÓN,,,False,False,
10466963,2018-11-08,USAQUÉN,,,False,False,
10466967,2018-11-15,ANTONIO NARIÑO,,,False,False,
10466970,2018-11-16,LOS MÁRTIRES,,,False,False,
10467355,2018-11-18,CIUDAD BOLÍVAR,,,False,False,
10467756,2018-11-20,TEUSAQUILLO,,,False,False,
10469393,2018-12-07,RAFAEL URIBE URIBE,,,False,False,
10469397,2018-12-07,RAFAEL URIBE URIBE,,,False,False,
10469413,2018-12-08,USAQUÉN,,,False,False,
10470192,2018-12-15,ENGATIVÁ,,,False,False,
10470195,2018-12-15,KENNEDY,,,False,False,
10470207,2018-12-14,CIUDAD BOLÍVAR,,,False,False,
10470210,2018-12-14,ANTONIO NARIÑO,,,False,False,
10471376,2018-12-25,USME,,,False,False,
10466177,2018-11-08,BOSA,,,False,False,
10466181,2018-11-08,TUNJUELITO,,,False,False,
10466584,2018-11-12,BARRIOS UNIDOS,,,False,False,
10466597,2018-11-13,PUENTE ARANDA,,,False,False,
10466600,2018-11-11,BOSA,-74.183796465,4.59625812299998,True,False,Fuera de polígonos
10466981,2018-11-14,LOS MÁRTIRES,,,False,False,
10467792,2018-11-23,BOSA,,,False,False,
10467799,2018-11-23,BOSA,,,False,False,
10467802,2018-11-23,LOS MÁRTIRES,,,False,False,
10468190,2018-11-25,BARRIOS UNIDOS,,,False,False,
10468196,2018-11-25,CHAPINERO,,,False,False,
10469006,2018-12-02,ANTONIO NARIÑO,,,False,False,
10469016,2018-12-03,ANTONIO NARIÑO,,,False,False,
10469019,2018-12-04,KENNEDY,,,False,False,
10469021,2018-12-04,BARRIOS UNIDOS,,,False,False,
10469023,2018-12-04,CIUDAD BOLÍVAR,-74.067432503,4.64703354900001,True,True,TEUSAQUILLO
10469026,2018-12-04,SAN CRISTÓBAL,,,False,False,
10469032,2018-12-02,BOSA,-74.182065413,4.59112359,True,True,CIUDAD BOLIVAR
10469423,2018-12-08,CIUDAD BOLÍVAR,,,False,False,
10469425,2018-12-08,USAQUÉN,,,False,False,
10469426,2018-12-08,BOSA,,,False,False,
10469428,2018-12-09,KENNEDY,,,False,False,
10469429,2018-12-08,BOSA,,,False,False,
10469432,2018-12-09,RAFAEL URIBE URIBE,-74.138605207,4.59058361199999,True,True,TUNJUELITO
10470218,2018-12-14,USAQUÉN,,,False,False,
10470230,2018-12-13,SAN CRISTÓBAL,,,False,False,
10470235,2018-12-16,CIUDAD BOLÍVAR,,,False,False,
10470236,2018-12-16,USME,-74.125545064,4.56926787200001,True,True,TUNJUELITO
10472269,2019-01-06,ANTONIO NARIÑO,,,False,False,
10466614,2018-11-12,CIUDAD BOLÍVAR,,,False,False,
10468222,2018-11-27,TEUSAQUILLO,,,False,False,
10469038,2018-12-04,CIUDAD BOLÍVAR,-74.1409,4.57729999999998,True,True,TUNJUELITO
10469049,2018-12-03,PUENTE ARANDA,-74.123059729,4.58871972100002,True,True,RAFAEL URIBE URIBE
10469451,2018-12-07,CIUDAD BOLÍVAR,,,False,False,
10469462,2018-12-08,PUENTE ARANDA,,,False,False,
10469858,2018-12-13,TUNJUELITO,,,False,False,
10469860,2018-12-10,SAN CRISTÓBAL,-74.134790786,4.591282412,True,True,TUNJUELITO
10469862,2018-12-10,RAFAEL URIBE URIBE,,,False,False,
10470239,2018-12-15,USAQUÉN,,,False,False,
10470246,2018-12-16,ANTONIO NARIÑO,-74.085366102,4.59522420100001,True,True,SANTA FE
10470254,2018-12-14,PUENTE ARANDA,,,False,False,
10470256,2018-12-16,TEUSAQUILLO,,,False,False,
10471041,2018-12-22,RAFAEL URIBE URIBE,-74.097023576,4.583961112,True,True,ANTONIO NARINO
10471050,2018-12-20,TUNJUELITO,-74.125486638,4.57944199999997,True,True,RAFAEL URIBE URIBE
10471055,2018-12-21,SUBA,,,False,False,
10472249,2019-01-08,TEUSAQUILLO,,,False,False,
10472257,2019-01-06,SANTA FE,,,False,False,
10467422,2018-11-18,KENNEDY,,,False,False,
10468235,2018-11-27,SAN CRISTÓBAL,,,False,False,
10469468,2018-12-06,TUNJUELITO,,,False,False,
10469469,2018-10-06,USAQUÉN,,,False,False,
10470264,2018-12-15,CANDELARIA,,,False,False,
10470287,2018-12-14,USAQUÉN,,,False,False,
10470662,2018-12-19,USAQUÉN,,,False,False,
10470673,2018-12-19,ANTONIO NARIÑO,-74.0843,4.59039999999999,True,True,SANTA FE
10471057,2018-12-22,TUNJUELITO,,,False,False,
10471063,2018-12-21,TUNJUELITO,-74.159294219,4.58218508099998,True,True,CIUDAD BOLIVAR
10471072,2018-12-22,BOSA,-74.182245833,4.59343704600002,True,True,CIUDAD BOLIVAR
10471074,2018-12-22,BOSA,,,False,False,
10471076,2018-12-22,SAN CRISTÓBAL,,,False,False,
10471080,2018-12-22,LOS MÁRTIRES,,,False,False,
10471894,2018-12-31,RAFAEL URIBE URIBE,,,False,False,
10465853,2018-11-03,BARRIOS UNIDOS,-74.0658,4.64409999999998,True,True,TEUSAQUILLO
10467069,2018-11-16,LOS MÁRTIRES,,,False,False,
10468672,2018-12-02,SAN CRISTÓBAL,-74.124521201,4.57958468700002,True,True,RAFAEL URIBE URIBE
10468675,2018-11-30,ANTONIO NARIÑO,-74.082578096,4.609893989,True,True,LOS MARTIRES
10469909,2018-12-12,LOS MÁRTIRES,,,False,False,
10471086,2018-12-22,BARRIOS UNIDOS,,,False,False,
10471924,2019-01-02,TUNJUELITO,-74.123761543,4.57979686099998,True,True,RAFAEL URIBE URIBE
10467076,2018-11-13,LOS MÁRTIRES,,,False,False,
10467096,2018-11-16,BARRIOS UNIDOS,-74.0613,4.66250000000002,True,True,CHAPINERO
10467476,2018-11-19,TUNJUELITO,,,False,False,
10467900,2018-11-23,KENNEDY,,,False,False,
10468713,2018-12-02,BOSA,-74.17992266,4.57998362199999,True,False,Fuera de polígonos
10468723,2018-12-02,FONTIBÓN,,,False,False,
10469115,2018-12-05,PUENTE ARANDA,,,False,False,
10469132,2018-12-05,RAFAEL URIBE URIBE,-74.101751209,4.54794295599999,True,True,SAN CRISTOBAL
10470711,2018-12-18,USAQUÉN,,,False,False,
10466306,2018-11-08,RAFAEL URIBE URIBE,,,False,False,
10466315,2018-11-08,BARRIOS UNIDOS,,,False,False,
10466319,2018-11-09,BOSA,,,False,False,
10466323,2018-11-09,PUENTE ARANDA,,,False,False,
10467904,2018-11-23,SAN CRISTÓBAL,,,False,False,
10467918,2018-11-23,PUENTE ARANDA,-74.101942519,4.60215340000002,True,True,LOS MARTIRES
10467923,2018-11-24,RAFAEL URIBE URIBE,-74.098645986,4.544372345,True,True,SAN CRISTOBAL
10468735,2018-12-01,KENNEDY,,,False,False,
10468737,2018-12-02,PUENTE ARANDA,,,False,False,
10469138,2018-12-05,LOS MÁRTIRES,,,False,False,
10469152,2018-12-04,TEUSAQUILLO,,,False,False,
10469157,2018-12-05,SAN CRISTÓBAL,,,False,False,
10469555,2018-12-10,USAQUÉN,,,False,False,
10469556,2018-12-10,RAFAEL URIBE URIBE,,,False,False,
10471546,2018-12-27,BARRIOS UNIDOS,-74.076416351,4.62095586599997,True,True,TEUSAQUILLO
10471548,2018-12-26,BOSA,,,False,False,
10471956,2019-01-01,SAN CRISTÓBAL,,,False,False,
10471957,2019-01-02,ANTONIO NARIÑO,,,False,False,
10467130,2018-11-17,SAN CRISTÓBAL,,,False,False,
10467145,2018-11-17,BOSA,,,False,False,
10467146,2018-11-18,PUENTE ARANDA,,,False,False,
10467931,2018-11-25,PUENTE ARANDA,,,False,False,
10467933,2018-11-24,CIUDAD BOLÍVAR,-74.140188744,4.58234685600002,True,True,TUNJUELITO
10467935,2018-11-23,BARRIOS UNIDOS,,,False,False,
10467941,2018-11-24,TEUSAQUILLO,,,False,False,
10467949,2018-11-24,SAN CRISTÓBAL,,,False,False,
10467950,2018-11-23,USAQUÉN,,,False,False,
10468341,2018-11-28,BARRIOS UNIDOS,,,False,False,
10468343,2018-11-28,BOSA,,,False,False,
10468345,2018-11-28,BOSA,,,False,False,
10469176,2018-12-05,TUNJUELITO,,,False,False,
10469584,2018-12-10,SANTA FE,,,False,False,
10471178,2018-12-22,LOS MÁRTIRES,,,False,False,
10471549,2018-12-22,CIUDAD BOLÍVAR,-74.201555725,4.632258874,True,True,BOSA
10471977,2019-01-01,CIUDAD BOLÍVAR,,,False,False,
10471983,2019-01-03,BOSA,,,False,False,
10471985,2019-01-03,BOSA,,,False,False,
10466369,2018-11-11,BOSA,-74.180491733,4.63609618200002,True,True,KENNEDY
10466371,2018-11-12,CIUDAD BOLÍVAR,,,False,False,
10466372,2018-11-09,PUENTE ARANDA,,,False,False,
10466374,2018-11-11,SAN CRISTÓBAL,,,False,False,
10466379,2018-11-10,RAFAEL URIBE URIBE,,,False,False,
10466761,2018-11-13,LOS MÁRTIRES,,,False,False,
10466767,2018-11-13,BOSA,-74.110586449,4.72109492599998,True,True,ENGATIVA
10467151,2018-11-15,SANTA FE,,,False,False,
10467157,2018-11-16,BOSA,,,False,False,
10467159,2018-11-17,TEUSAQUILLO,,,False,False,
10467160,2018-11-16,CHAPINERO,,,False,False,
10467975,2018-11-25,BOSA,,,False,False,
10468363,2018-11-28,SANTA FE,,,False,False,
10469595,2018-12-10,USAQUÉN,-74.043378297,4.68248331799998,True,True,CHAPINERO
10469991,2018-12-12,BOSA,,,False,False,
10469997,2018-12-12,CANDELARIA,,,False,False,
10470001,2018-12-13,BARRIOS UNIDOS,,,False,False,
10470004,2018-12-12,RAFAEL URIBE URIBE,,,False,False,
10471194,2018-12-23,LOS MÁRTIRES,,,False,False,
10471200,2018-12-24,BOSA,,,False,False,
10471202,2018-12-23,ANTONIO NARIÑO,-74.107251185,4.59869434400002,True,True,PUENTE ARANDA
10465991,2018-11-06,RAFAEL URIBE URIBE,,,False,False,
10466388,2018-11-12,USAQUÉN,,,False,False,
10466391,2018-11-09,SAN CRISTÓBAL,-74.098818512,4.57128599499998,True,True,RAFAEL URIBE URIBE
10466403,2018-11-12,BOSA,,,False,False,
10466776,2018-11-13,CHAPINERO,,,False,False,
10466783,2018-11-14,ANTONIO NARIÑO,,,False,False,
10466795,2018-11-13,ANTONIO NARIÑO,-74.141561629,4.58924123100002,True,True,TUNJUELITO
10467587,2018-11-21,SAN CRISTÓBAL,-74.125798372,4.56936954399998,True,True,TUNJUELITO
10470429,2018-12-16,SANTA FE,,,False,False,
10471211,2018-12-24,FONTIBÓN,,,False,False,
10471213,2018-12-24,FONTIBÓN,,,False,False,
10471215,2018-12-24,PUENTE ARANDA,,,False,False,
10471219,2018-12-24,LOS MÁRTIRES,,,False,False,
10465998,2018-11-07,TUNJUELITO,,,False,False,
10466004,2018-11-07,TUNJUELITO,-74.137733454,4.55324968100001,True,True,CIUDAD BOLIVAR
10466796,2018-11-13,USAQUÉN,,,False,False,
10466797,2018-11-13,TUNJUELITO,,,False,False,
10466808,2018-11-14,CIUDAD BOLÍVAR,,,False,False,
10466817,2018-11-14,LOS MÁRTIRES,,,False,False,
10470845,2018-12-19,SAN CRISTÓBAL,,,False,False,
10470846,2018-12-20,BOSA,,,False,False,
10470852,2018-12-20,SAN CRISTÓBAL,,,False,False,
10471232,2018-12-23,RAFAEL URIBE URIBE,,,False,False,
10466437,2018-11-11,LOS MÁRTIRES,,,False,False,
10468049,2018-11-26,TUNJUELITO,,,False,False,
10468857,2018-12-03,TUNJUELITO,,,False,False,
10469285,2018-12-07,BOSA,,,False,False,
10469289,2018-12-06,SAN CRISTÓBAL,,,False,False,
10471653,2018-12-28,SAN CRISTÓBAL,,,False,False,
10471662,2018-12-28,TUNJUELITO,,,False,False,
10471663,2018-12-27,LOS MÁRTIRES,,,False,False,
10471665,2018-12-28,TUNJUELITO,,,False,False,
10466062,2018-11-07,SUBA,-74.064341189,4.68127344200002,True,True,BARRIOS UNIDOS
10467266,2018-11-17,TUNJUELITO,-74.145474169,4.56257834000002,True,True,CIUDAD BOLIVAR
10467271,2018-11-16,SAN CRISTÓBAL,-74.106936187,4.55706149000002,True,True,RAFAEL URIBE URIBE
10468069,2018-11-26,PUENTE ARANDA,,,False,False,
10468075,2018-11-25,CIUDAD BOLÍVAR,,,False,False,
10468466,2018-11-28,SANTA FE,,,False,False,
10468476,2018-11-29,BARRIOS UNIDOS,,,False,False,
10469305,2018-12-05,RAFAEL URIBE URIBE,,,False,False,
10470086,2018-12-14,PUENTE ARANDA,-74.081330491,4.60969874699998,True,True,LOS MARTIRES
10470089,2018-12-14,SANTA FE,,,False,False,
10470093,2018-12-12,PUENTE ARANDA,,,False,False,
10471289,2018-12-25,CHAPINERO,-74.068700192,4.62616876200002,True,True,SANTA FE
10471676,2018-12-26,KENNEDY,,,False,False,
10467280,2018-11-19,SAN CRISTÓBAL,,,False,False,
10467282,2018-11-19,USAQUÉN,,,False,False,
10467289,2018-11-16,BARRIOS UNIDOS,,,False,False,
10467695,2018-11-21,LOS MÁRTIRES,,,False,False,
10468090,2018-11-26,USME,,,False,False,
10469719,2018-12-11,BOSA,,,False,False,
10471708,2018-12-28,SUBA,,,False,False,
10471715,2018-12-30,FONTIBÓN,-74.118,4.63760000000002,True,True,PUENTE ARANDA
10471717,2018-12-29,BARRIOS UNIDOS,,,False,False,
10471721,2018-12-29,ANTONIO NARIÑO,,,False,False,
10471724,2018-12-28,LOS MÁRTIRES,,,False,False,
10478085,2019-03-08,FONTIBÓN,,,False,False,
10472534,2019-01-10,RAFAEL URIBE URIBE,,,False,False,
10472538,2019-01-11,PUENTE ARANDA,,,False,False,
10472550,2019-01-09,PUENTE ARANDA,,,False,False,
10472928,2019-01-15,BOSA,,,False,False,
10472933,2019-01-16,ENGATIVÁ,,,False,False,
10472945,2019-01-16,BOSA,,,False,False,
10473324,2019-01-21,SAN CRISTÓBAL,,,False,False,
10473334,2019-01-21,CIUDAD BOLÍVAR,,,False,False,
10473341,2019-01-20,SAN CRISTÓBAL,,,False,False,
10473707,2019-01-24,BOSA,,,False,False,
10474521,2019-02-02,LOS MÁRTIRES,,,False,False,
10474530,2019-02-01,SUMAPAZ,-74.0363,4.73809999999997,True,True,USAQUEN
10476495,2019-02-22,ANTONIO NARIÑO,,,False,False,
10476502,2019-02-21,KENNEDY,,,False,False,
10476503,2019-02-21,LOS MÁRTIRES,,,False,False,
10476510,2019-02-22,TEUSAQUILLO,,,False,False,
10476890,2019-02-25,BARRIOS UNIDOS,,,False,False,
10476892,2019-02-25,KENNEDY,,,False,False,
10477298,2019-03-02,SAN CRISTÓBAL,-74.118595764,4.54253394400001,True,True,RAFAEL URIBE URIBE
10477664,2019-03-03,SAN CRISTÓBAL,,,False,False,
10477666,2019-03-03,BOSA,,,False,False,
10478103,2019-03-09,SAN CRISTÓBAL,,,False,False,
10478490,2019-03-13,TUNJUELITO,,,False,False,
10472958,2019-01-16,ENGATIVÁ,,,False,False,
10473342,2019-01-21,SAN CRISTÓBAL,-74.121828774,4.60218190099999,True,True,PUENTE ARANDA
10473349,2019-01-19,CIUDAD BOLÍVAR,,,False,False,
10473355,2019-01-20,TEUSAQUILLO,,,False,False,
10474139,2019-01-29,SAN CRISTÓBAL,,,False,False,
10474541,2019-02-01,BARRIOS UNIDOS,-74.052585205,4.68329392300001,True,True,CHAPINERO
10474549,2019-02-02,LOS MÁRTIRES,,,False,False,
10474552,2019-02-02,SANTA FE,,,False,False,
10474554,2019-02-01,PUENTE ARANDA,,,False,False,
10474556,2019-02-02,ANTONIO NARIÑO,,,False,False,
10474947,2019-02-05,SANTA FE,,,False,False,
10476140,2019-02-18,USAQUÉN,,,False,False,
10476914,2019-02-26,ANTONIO NARIÑO,,,False,False,
10478128,2019-03-09,BOSA,,,False,False,
10478132,2019-03-09,PUENTE ARANDA,,,False,False,
10472594,2019-01-12,ANTONIO NARIÑO,-74.12453566,4.58909960900002,True,True,RAFAEL URIBE URIBE
10472597,2019-01-12,SAN CRISTÓBAL,,,False,False,
10472599,2019-01-12,CIUDAD BOLÍVAR,,,False,False,
10472601,2019-01-12,BARRIOS UNIDOS,,,False,False,
10472983,2019-01-16,CIUDAD BOLÍVAR,,,False,False,
10472993,2019-01-17,LOS MÁRTIRES,,,False,False,
10474951,2019-02-06,CANDELARIA,,,False,False,
10474955,2019-02-06,TEUSAQUILLO,-74.0651,4.64710000000002,True,True,CHAPINERO
10474958,2019-02-06,SAN CRISTÓBAL,-74.125519097,4.57942235299998,True,True,RAFAEL URIBE URIBE
10474959,2019-01-06,TUNJUELITO,,,False,False,
10474967,2019-02-06,SAN CRISTÓBAL,,,False,False,
10474970,2019-02-05,ENGATIVÁ,,,False,False,
10476145,2019-02-18,TUNJUELITO,-74.118241193,4.552174407,True,True,RAFAEL URIBE URIBE
10477345,2019-03-01,BOSA,-74.181983459,4.59344514600002,True,True,CIUDAD BOLIVAR
10478137,2019-03-10,BARRIOS UNIDOS,,,False,False,
10478140,2019-03-10,TEUSAQUILLO,-74.0651,4.64710000000002,True,True,CHAPINERO
10478146,2019-03-09,KENNEDY,,,False,False,
10478153,2019-03-08,SANTA FE,,,False,False,
10472614,2019-01-12,BOSA,,,False,False,
10473001,2019-01-16,SANTA FE,,,False,False,
10474585,2019-02-02,PUENTE ARANDA,,,False,False,
10475398,2019-02-11,KENNEDY,,,False,False,
10476582,2019-02-22,PUENTE ARANDA,-74.091958262,4.60526527799999,True,True,LOS MARTIRES
10477347,2019-03-02,SAN CRISTÓBAL,-74.073396051,4.60138296999997,True,True,CANDELARIA
10477348,2019-03-02,ENGATIVÁ,,,False,False,
10477360,2019-03-03,TUNJUELITO,,,False,False,
10478160,2019-03-10,BOSA,-74.149774925,4.57397925700002,True,True,CIUDAD BOLIVAR
10478174,2019-03-10,CIUDAD BOLÍVAR,,,False,False,
10478602,2019-03-14,KENNEDY,,,False,False,
10478604,2019-03-13,RAFAEL URIBE URIBE,-74.098819017,4.54419264799998,True,True,SAN CRISTOBAL
10478606,2019-03-14,PUENTE ARANDA,,,False,False,
10478615,2019-03-14,BARRIOS UNIDOS,,,False,False,
10472631,2019-01-12,ENGATIVÁ,,,False,False,
10472641,2019-01-11,KENNEDY,,,False,False,
10472642,2019-01-13,KENNEDY,-74.188372481,4.62985350299999,True,True,BOSA
10472650,2019-01-12,CIUDAD BOLÍVAR,,,False,False,
10473428,2019-01-21,TUNJUELITO,-74.115305649,4.55806882100001,True,True,RAFAEL URIBE URIBE
10473804,2019-01-24,TUNJUELITO,-74.12871083,4.58418605399999,True,True,RAFAEL URIBE URIBE
10473815,2019-01-26,BOSA,,,False,False,
10474214,2019-01-30,BOSA,,,False,False,
10474230,2019-01-30,USME,-74.041042708,4.719633015,True,True,USAQUEN
10474233,2019-01-30,TUNJUELITO,,,False,False,
10475408,2019-02-11,SANTA FE,,,False,False,
10475821,2019-02-14,PUENTE ARANDA,,,False,False,
10476196,2019-02-18,SANTA FE,,,False,False,
10476209,2019-01-24,ENGATIVÁ,-74.121262997,4.69250603,True,True,FONTIBON
10476216,2019-02-15,TUNJUELITO,,,False,False,
10476615,2019-02-23,FONTIBÓN,,,False,False,
10477000,2019-02-26,PUENTE ARANDA,,,False,False,
10477003,2019-02-27,TEUSAQUILLO,,,False,False,
10477004,2019-02-27,LOS MÁRTIRES,,,False,False,
10477005,2019-02-27,TUNJUELITO,,,False,False,
10477372,2019-03-03,KENNEDY,,,False,False,
10478571,2019-03-13,SAN CRISTÓBAL,,,False,False,
10478576,2019-03-13,CIUDAD BOLÍVAR,,,False,False,
10478589,2019-03-14,TEUSAQUILLO,,,False,False,
10473456,2019-01-22,SAN CRISTÓBAL,,,False,False,
10473830,2019-01-25,CANDELARIA,-74.072668346,4.58761604699998,True,True,SANTA FE
10473833,2019-01-25,LOS MÁRTIRES,,,False,False,
10475044,2019-02-05,ANTONIO NARIÑO,,,False,False,
10476233,2019-02-17,RAFAEL URIBE URIBE,,,False,False,
10476622,2019-02-24,PUENTE ARANDA,,,False,False,
10476626,2019-02-22,PUENTE ARANDA,,,False,False,
10476632,2019-02-22,SAN CRISTÓBAL,,,False,False,
10476633,2019-02-23,TUNJUELITO,,,False,False,
10476634,2019-02-23,SAN CRISTÓBAL,,,False,False,
10477021,2019-02-27,SAN CRISTÓBAL,-74.098330811,4.57182518399998,True,True,RAFAEL URIBE URIBE
10477789,2019-03-06,TEUSAQUILLO,,,False,False,
10477791,2019-03-05,TUNJUELITO,-74.151779148,4.58072281400001,True,True,CIUDAD BOLIVAR
10477804,2019-03-06,ANTONIO NARIÑO,-74.122366789,4.58450612899998,True,True,RAFAEL URIBE URIBE
10473078,2019-01-17,SAN CRISTÓBAL,,,False,False,
10473080,2019-01-18,BOSA,,,False,False,
10473465,2019-01-21,RAFAEL URIBE URIBE,,,False,False,
10473467,2019-01-20,KENNEDY,,,False,False,
10473471,2019-01-21,ENGATIVÁ,,,False,False,
10473477,2019-01-22,TUNJUELITO,,,False,False,
10473858,2019-01-27,SANTA FE,,,False,False,
10473871,2019-01-25,SAN CRISTÓBAL,,,False,False,
10475064,2019-02-06,ANTONIO NARIÑO,,,False,False,
10475068,2019-02-06,CIUDAD BOLÍVAR,,,False,False,
10476259,2019-02-19,ANTONIO NARIÑO,,,False,False,
10476641,2019-02-22,LOS MÁRTIRES,,,False,False,
10472719,2019-01-13,USAQUÉN,-74.037506845,4.80702285500001,True,True,SUBA
10472720,2019-01-14,TUNJUELITO,,,False,False,
10473100,2019-01-18,TUNJUELITO,,,False,False,
10473106,2019-01-18,TEUSAQUILLO,,,False,False,
10473107,2019-01-18,SANTA FE,,,False,False,
10475075,2019-02-07,TUNJUELITO,,,False,False,
10476284,2019-02-20,SAN CRISTÓBAL,-74.124745098,4.57177612999999,True,True,RAFAEL URIBE URIBE
10477864,2019-03-04,LOS MÁRTIRES,,,False,False,
10478276,2019-03-11,TEUSAQUILLO,,,False,False,
10478284,2019-03-11,BOSA,,,False,False,
10478288,2019-03-11,USME,,,False,False,
10472726,2019-01-12,SANTA FE,,,False,False,
10472733,2019-01-14,TEUSAQUILLO,,,False,False,
10472736,2019-01-13,KENNEDY,,,False,False,
10473525,2019-01-20,USAQUÉN,,,False,False,
10474319,2019-01-30,ANTONIO NARIÑO,,,False,False,
10474330,2019-01-30,TEUSAQUILLO,,,False,False,
10475098,2019-02-08,BARRIOS UNIDOS,,,False,False,
10475114,2019-02-08,BOSA,,,False,False,
10475512,2019-02-11,PUENTE ARANDA,,,False,False,
10475516,2019-02-12,TUNJUELITO,,,False,False,
10475517,2019-02-11,USAQUÉN,,,False,False,
10475920,2019-02-15,ANTONIO NARIÑO,,,False,False,
10476307,2019-02-20,CIUDAD BOLÍVAR,-74.143295473,4.57933687899998,True,True,TUNJUELITO
10477099,2019-02-28,TEUSAQUILLO,,,False,False,
10477491,2019-03-02,PUENTE ARANDA,,,False,False,
10477871,2019-03-06,BARRIOS UNIDOS,,,False,False,
10477890,2019-03-07,SAN CRISTÓBAL,,,False,False,
10477891,2019-03-07,ENGATIVÁ,,,False,False,
10478289,2019-03-11,SAN CRISTÓBAL,-74.110350755,4.54890016600001,True,True,RAFAEL URIBE URIBE
10478290,2019-03-11,SAN CRISTÓBAL,-74.108055098,4.55179092100002,True,True,RAFAEL URIBE URIBE
10472386,2019-01-07,PUENTE ARANDA,,,False,False,
10473159,2019-01-19,CIUDAD BOLÍVAR,,,False,False,
10474731,2019-02-04,CANDELARIA,,,False,False,
10475539,2019-02-12,BOSA,,,False,False,
10475542,2019-02-12,RAFAEL URIBE URIBE,,,False,False,
10475543,2019-02-11,CIUDAD BOLÍVAR,,,False,False,
10475924,2019-02-15,ANTONIO NARIÑO,,,False,False,
10475930,2019-02-15,SAN CRISTÓBAL,,,False,False,
10477116,2019-02-28,ANTONIO NARIÑO,-74.194905797,4.60150864500002,True,True,BOSA
10477120,2019-02-28,SAN CRISTÓBAL,,,False,False,
10477507,2019-03-04,TUNJUELITO,,,False,False,
10477894,2019-03-07,TUNJUELITO,,,False,False,
10477896,2019-03-06,ENGATIVÁ,,,False,False,
10477913,2019-03-06,KENNEDY,,,False,False,
10478315,2019-03-09,BARRIOS UNIDOS,,,False,False,
10472391,2019-01-08,PUENTE ARANDA,,,False,False,
10472395,2019-01-09,TUNJUELITO,,,False,False,
10472400,2019-01-09,TUNJUELITO,,,False,False,
10473170,2019-01-20,KENNEDY,,,False,False,
10473173,2019-01-19,USAQUÉN,-74.040093414,4.66860876599998,True,True,CHAPINERO
10473178,2019-01-19,SAN CRISTÓBAL,,,False,False,
10473182,2019-01-19,BOSA,,,False,False,
10473559,2019-01-22,USAQUÉN,-74.117047622,4.68668697200002,True,True,ENGATIVA
10473576,2019-01-23,SAN CRISTÓBAL,,,False,False,
10474751,2019-02-03,USME,,,False,False,
10475554,2019-02-12,USAQUÉN,,,False,False,
10475968,2019-02-15,TEUSAQUILLO,,,False,False,
10477131,2019-02-28,TUNJUELITO,-74.11965744,4.60694311200001,True,True,PUENTE ARANDA
10477133,2019-02-28,BARRIOS UNIDOS,,,False,False,
10472816,2019-01-14,SAN CRISTÓBAL,,,False,False,
10472821,2019-01-15,PUENTE ARANDA,,,False,False,
10473195,2019-01-20,BOSA,,,False,False,
10473596,2019-01-23,LOS MÁRTIRES,,,False,False,
10475184,2019-02-09,PUENTE ARANDA,,,False,False,
10475188,2019-02-08,BOSA,,,False,False,
10476000,2019-02-16,SANTA FE,,,False,False,
10478383,2019-03-12,BARRIOS UNIDOS,,,False,False,
10472443,2019-01-08,CIUDAD BOLÍVAR,,,False,False,
10472444,2019-01-09,ANTONIO NARIÑO,-74.124028766,4.57330485300002,True,True,RAFAEL URIBE URIBE
10472448,2019-01-09,CIUDAD BOLÍVAR,,,False,False,
10472831,2019-01-15,BARRIOS UNIDOS,,,False,False,
10475200,2019-02-09,FONTIBÓN,,,False,False,
10475202,2019-02-09,CIUDAD BOLÍVAR,,,False,False,
10475212,2019-02-08,CIUDAD BOLÍVAR,,,False,False,
10475213,2019-02-09,USAQUÉN,,,False,False,
10475214,2019-02-10,SAN CRISTÓBAL,-74.122707707,4.58731316199999,True,True,RAFAEL URIBE URIBE
10476006,2019-02-15,SAN CRISTÓBAL,,,False,False,
10476008,2019-02-16,CHAPINERO,,,False,False,
10476024,2019-02-17,CIUDAD BOLÍVAR,-74.136795511,4.56317527499999,True,True,TUNJUELITO
10476409,2019-02-20,ANTONIO NARIÑO,,,False,False,
10476411,2019-02-21,TEUSAQUILLO,,,False,False,
10476414,2019-02-21,CHAPINERO,,,False,False,
10476805,2019-02-25,BARRIOS UNIDOS,,,False,False,
10476806,2019-02-25,USAQUÉN,,,False,False,
10478388,2019-03-12,USME,-74.156602819,4.54367974799999,True,True,CIUDAD BOLIVAR
10478392,2019-03-12,KENNEDY,-74.164007191,4.599658745,True,True,BOSA
10473653,2019-01-23,PUENTE ARANDA,,,False,False,
10475627,2019-02-12,SANTA FE,,,False,False,
10476418,2019-02-20,USAQUÉN,,,False,False,
10476427,2019-02-21,ANTONIO NARIÑO,,,False,False,
10476820,2019-02-25,LOS MÁRTIRES,,,False,False,
10477222,2019-03-01,LOS MÁRTIRES,,,False,False,
10474467,2019-02-01,KENNEDY,-74.106756024,4.60943953499998,True,True,PUENTE ARANDA
10474478,2019-01-31,SANTA FE,,,False,False,
10474481,2019-01-31,TUNJUELITO,,,False,False,
10474851,2019-02-04,USAQUÉN,,,False,False,
10474854,2019-02-04,CIUDAD BOLÍVAR,,,False,False,
10474857,2019-02-04,CIUDAD BOLÍVAR,,,False,False,
10477231,2019-03-01,PUENTE ARANDA,,,False,False,
10477233,2019-03-01,SANTA FE,,,False,False,
10477247,2019-03-01,LOS MÁRTIRES,,,False,False,
10477249,2019-03-01,TUNJUELITO,,,False,False,
10477628,2019-03-04,SAN CRISTÓBAL,,,False,False,
10477638,2019-03-03,TUNJUELITO,,,False,False,
10478027,2019-03-07,RAFAEL URIBE URIBE,,,False,False,
10478438,2019-03-12,SAN CRISTÓBAL,,,False,False,
10472521,2019-01-11,USAQUÉN,,,False,False,
10472526,2019-01-11,SAN CRISTÓBAL,-74.1209,4.55650000000003,True,True,RAFAEL URIBE URIBE
10472528,2019-01-11,BOSA,,,False,False,
10474879,2019-02-04,USAQUÉN,,,False,False,
10474884,2019-02-04,ENGATIVÁ,,,False,False,
10474888,2019-02-05,PUENTE ARANDA,,,False,False,
10476487,2019-02-21,SANTA FE,,,False,False,
10477250,2019-03-01,SANTA FE,-74.091784741,4.63496051300001,True,True,TEUSAQUILLO
10477252,2019-03-02,SANTA FE,,,False,False,
10477253,2019-02-27,LOS MÁRTIRES,,,False,False,
10477649,2019-03-05,SAN CRISTÓBAL,,,False,False,
10477657,2019-03-03,USAQUÉN,,,False,False,
10478049,2019-03-07,BOSA,,,False,False,
10484826,2019-05-17,SANTA FE,,,False,False,
10478881,2019-03-18,PUENTE ARANDA,,,False,False,
10480068,2019-03-27,LOS MÁRTIRES,,,False,False,
10480069,2019-03-27,CIUDAD BOLÍVAR,,,False,False,
10481647,2019-04-14,FONTIBÓN,,,False,False,
10481649,2019-04-12,LOS MÁRTIRES,,,False,False,
10482441,2019-04-23,TUNJUELITO,,,False,False,
10482837,2019-04-27,ANTONIO NARIÑO,-74.082699558,4.60741339600003,True,True,LOS MARTIRES
10482842,2019-04-26,ANTONIO NARIÑO,-74.109896646,4.57822754,True,True,RAFAEL URIBE URIBE
10479295,2019-03-21,CIUDAD BOLÍVAR,,,False,False,
10479699,2019-03-25,USAQUÉN,,,False,False,
10480483,2019-04-01,CANDELARIA,,,False,False,
10480500,2019-04-02,USAQUÉN,,,False,False,
10481292,2019-04-09,LOS MÁRTIRES,,,False,False,
10483650,2019-05-06,CHAPINERO,,,False,False,
10483654,2019-05-06,USME,,,False,False,
10483666,2019-05-06,SAN CRISTÓBAL,-74.123112588,4.58615571799999,True,True,RAFAEL URIBE URIBE
10479314,2019-03-21,BOSA,,,False,False,
10481302,2019-04-08,SAN CRISTÓBAL,,,False,False,
10481304,2019-04-09,SAN CRISTÓBAL,,,False,False,
10482092,2019-04-17,ENGATIVÁ,,,False,False,
10482095,2019-04-19,BOSA,,,False,False,
10482105,2019-04-20,BOSA,,,False,False,
10482111,2019-04-19,PUENTE ARANDA,-74.095278536,4.60465658800001,True,True,LOS MARTIRES
10483280,2019-05-02,BARRIOS UNIDOS,,,False,False,
10479355,2019-03-21,ENGATIVÁ,,,False,False,
10480532,2019-04-02,CHAPINERO,,,False,False,
10480930,2019-04-06,SAN CRISTÓBAL,,,False,False,
10480946,2019-04-06,LOS MÁRTIRES,,,False,False,
10480948,2019-04-05,SAN CRISTÓBAL,,,False,False,
10482114,2019-04-15,TEUSAQUILLO,-74.147948195,4.56945600300003,True,True,CIUDAD BOLIVAR
10482135,2019-04-17,TUNJUELITO,,,False,False,
10482527,2019-04-22,RAFAEL URIBE URIBE,-74.098159264,4.55244188799998,True,True,SAN CRISTOBAL
10483310,2019-05-02,PUENTE ARANDA,,,False,False,
10484089,2019-05-08,CIUDAD BOLÍVAR,,,False,False,
10484100,2019-05-09,KENNEDY,,,False,False,
10484518,2019-05-13,TUNJUELITO,-74.139060352,4.56241040200001,True,True,CIUDAD BOLIVAR
10484522,2019-05-13,SAN CRISTÓBAL,,,False,False,
10484531,2019-05-11,ENGATIVÁ,,,False,False,
10484948,2019-05-16,CIUDAD BOLÍVAR,,,False,False,
10484952,2019-05-17,ENGATIVÁ,,,False,False,
10479375,2019-03-22,USAQUÉN,,,False,False,
10479385,2019-03-21,BOSA,-74.17816997,4.592703658,True,True,CIUDAD BOLIVAR
10480957,2019-04-05,ENGATIVÁ,,,False,False,
10482147,2019-04-19,KENNEDY,,,False,False,
10482153,2019-04-17,TUNJUELITO,,,False,False,
10482154,2019-04-21,KENNEDY,,,False,False,
10482163,2019-04-18,SAN CRISTÓBAL,,,False,False,
10482537,2019-04-23,USAQUÉN,,,False,False,
10482936,2019-04-28,SAN CRISTÓBAL,,,False,False,
10482952,2019-04-26,PUENTE ARANDA,,,False,False,
10483330,2019-05-02,PUENTE ARANDA,,,False,False,
10483350,2019-05-02,TUNJUELITO,,,False,False,
10480189,2019-03-29,BOSA,,,False,False,
10480195,2019-03-30,KENNEDY,,,False,False,
10480589,2019-04-03,SAN CRISTÓBAL,,,False,False,
10480988,2019-04-06,CIUDAD BOLÍVAR,,,False,False,
10482174,2019-04-17,CIUDAD BOLÍVAR,,,False,False,
10482177,2019-04-16,TEUSAQUILLO,,,False,False,
10482975,2019-04-29,PUENTE ARANDA,-74.095265913,4.55032537,True,True,SAN CRISTOBAL
10479015,2019-03-18,LOS MÁRTIRES,-74.070671633,4.63710476400001,True,True,TEUSAQUILLO
10479026,2019-03-19,CIUDAD BOLÍVAR,-74.146440396,4.58943645800002,True,True,TUNJUELITO
10479036,2019-03-18,TUNJUELITO,-74.119646154,4.57600592599999,True,True,RAFAEL URIBE URIBE
10480207,2019-03-29,CIUDAD BOLÍVAR,,,False,False,
10480223,2019-03-30,PUENTE ARANDA,,,False,False,
10482997,2019-04-29,SAN CRISTÓBAL,,,False,False,
10484168,2019-04-29,PUENTE ARANDA,,,False,False,
10484171,2019-05-09,USAQUÉN,,,False,False,
10484177,2019-05-10,TUNJUELITO,-74.153639619,4.58118858699999,True,True,CIUDAD BOLIVAR
10484181,2019-05-10,USAQUÉN,,,False,False,
10484184,2019-05-09,SANTA FE,,,False,False,
10484598,2019-05-15,USAQUÉN,-74.058816232,4.694334395,True,True,SUBA
10479051,2019-03-19,BOSA,,,False,False,
10479053,2019-03-19,PUENTE ARANDA,,,False,False,
10479844,2019-03-27,SANTA FE,-74.0805,4.59609999999998,True,True,CANDELARIA
10479848,2019-03-21,SAN CRISTÓBAL,,,False,False,
10480225,2019-03-30,TUNJUELITO,,,False,False,
10480236,2019-03-30,CIUDAD BOLÍVAR,-74.12858312,4.467157456,True,True,USME
10480248,2019-03-30,USME,,,False,False,
10480648,2019-04-03,KENNEDY,-74.176584691,4.624015757,True,True,BOSA
10482621,2019-04-24,SANTA FE,,,False,False,
10482624,2019-04-24,FONTIBÓN,-74.083874456,4.62139895199999,True,True,LOS MARTIRES
10483799,2019-05-07,ANTONIO NARIÑO,,,False,False,
10483803,2019-05-06,BOSA,-74.184972342,4.61567056299998,True,True,KENNEDY
10483813,2019-05-06,TUNJUELITO,,,False,False,
10484201,2019-05-11,KENNEDY,,,False,False,
10484203,2019-05-11,BOSA,,,False,False,
10484637,2019-05-14,BOSA,,,False,False,
10478687,2019-03-14,PUENTE ARANDA,-74.089427411,4.611898666,True,True,LOS MARTIRES
10478692,2019-03-15,BARRIOS UNIDOS,,,False,False,
10479470,2019-03-22,SANTA FE,,,False,False,
10479484,2019-03-22,ENGATIVÁ,,,False,False,
10479859,2019-03-26,TUNJUELITO,,,False,False,
10480275,2019-03-30,BOSA,,,False,False,
10480667,2019-04-03,BOSA,,,False,False,
10481058,2019-04-08,PUENTE ARANDA,,,False,False,
10481065,2019-04-08,TUNJUELITO,,,False,False,
10481070,2019-04-08,SAN CRISTÓBAL,-74.098808862,4.57127221299999,True,True,RAFAEL URIBE URIBE
10481071,2019-04-08,TUNJUELITO,,,False,False,
10481856,2019-04-12,USAQUÉN,,,False,False,
10482253,2019-04-20,CIUDAD BOLÍVAR,,,False,False,
10482260,2019-04-22,USAQUÉN,,,False,False,
10482636,2019-04-25,RAFAEL URIBE URIBE,,,False,False,
10482637,2019-04-25,BOSA,,,False,False,
10482648,2019-04-24,RAFAEL URIBE URIBE,-74.128143307,4.56827321600002,True,True,TUNJUELITO
10482650,2019-04-24,RAFAEL URIBE URIBE,-74.102038366,4.54704879299999,True,True,SAN CRISTOBAL
10483818,2019-05-06,BARRIOS UNIDOS,,,False,False,
10484210,2019-05-10,USME,,,False,False,
10484225,2019-05-11,SANTA FE,,,False,False,
10484230,2019-03-10,PUENTE ARANDA,,,False,False,
10484647,2019-04-15,CIUDAD BOLÍVAR,,,False,False,
10484658,2019-05-14,LOS MÁRTIRES,,,False,False,
10484662,2019-05-15,LOS MÁRTIRES,,,False,False,
10478711,2019-03-15,SAN CRISTÓBAL,,,False,False,
10478712,2019-03-15,KENNEDY,,,False,False,
10479491,2019-03-23,BARRIOS UNIDOS,,,False,False,
10479492,2019-03-25,ANTONIO NARIÑO,-74.123770291,4.629314351,True,True,KENNEDY
10480691,2019-04-04,SUMAPAZ,-74.1325,4.47300000000001,True,True,USME
10480692,2019-04-02,ENGATIVÁ,-74.121143895,4.69244153800003,True,True,FONTIBON
10480699,2019-04-03,SAN CRISTÓBAL,,,False,False,
10481870,2019-04-12,BOSA,,,False,False,
10481871,2019-04-13,PUENTE ARANDA,,,False,False,
10482656,2019-04-25,TUNJUELITO,-74.140158591,4.59534813200003,True,True,KENNEDY
10482663,2019-04-25,KENNEDY,,,False,False,
10483465,2019-05-02,TUNJUELITO,-74.174362541,4.590841501,True,True,CIUDAD BOLIVAR
10483479,2019-05-03,CANDELARIA,-74.073803654,4.58701328900003,True,True,SANTA FE
10484254,2019-05-08,SAN CRISTÓBAL,-74.125503177,4.579430419,True,True,RAFAEL URIBE URIBE
10484675,2019-05-14,SAN CRISTÓBAL,-74.102621932,4.58228016700002,True,True,ANTONIO NARINO
10479514,2019-03-22,SAN CRISTÓBAL,,,False,False,
10479515,2019-03-25,BOSA,-74.168706419,4.64453824200001,True,True,KENNEDY
10479518,2019-03-25,PUENTE ARANDA,,,False,False,
10479522,2019-03-22,TUNJUELITO,,,False,False,
10479527,2019-03-23,BOSA,,,False,False,
10480707,2019-04-03,BARRIOS UNIDOS,,,False,False,
10484262,2019-05-12,TUNJUELITO,-74.183317834,4.59641161799999,True,True,CIUDAD BOLIVAR
10478748,2019-03-16,RAFAEL URIBE URIBE,-74.071591048,4.610854351,True,True,SANTA FE
10479141,2019-03-19,CIUDAD BOLÍVAR,,,False,False,
10479143,2019-03-20,FONTIBÓN,,,False,False,
10479536,2019-03-23,SAN CRISTÓBAL,,,False,False,
10479554,2019-03-23,BOSA,,,False,False,
10479557,2019-03-25,BOSA,,,False,False,
10483126,2019-04-30,SAN CRISTÓBAL,,,False,False,
10483518,2019-05-03,RAFAEL URIBE URIBE,,,False,False,
10483519,2019-05-05,PUENTE ARANDA,,,False,False,
10484307,2019-05-11,KENNEDY,-74.083318118,4.772207106,True,True,SUBA
10478773,2019-03-16,SAN CRISTÓBAL,,,False,False,
10478780,2019-03-15,USAQUÉN,,,False,False,
10478793,2019-03-16,FONTIBÓN,,,False,False,
10479171,2019-03-20,CIUDAD BOLÍVAR,,,False,False,
10481569,2019-04-12,CANDELARIA,,,False,False,
10482752,2019-04-25,ANTONIO NARIÑO,,,False,False,
10483135,2019-05-01,TUNJUELITO,,,False,False,
10483149,2019-04-30,TEUSAQUILLO,,,False,False,
10483154,2019-04-29,ANTONIO NARIÑO,,,False,False,
10483528,2019-05-04,TUNJUELITO,,,False,False,
10483529,2019-05-05,TUNJUELITO,-74.140178164,4.59534675100002,True,True,KENNEDY
10483540,2019-05-04,LOS MÁRTIRES,,,False,False,
10483545,2019-05-03,SAN CRISTÓBAL,,,False,False,
10478808,2019-03-16,PUENTE ARANDA,,,False,False,
10480387,2019-04-01,BOSA,,,False,False,
10482762,2019-04-25,ANTONIO NARIÑO,,,False,False,
10482770,2019-04-26,USAQUÉN,,,False,False,
10482775,2019-04-25,ANTONIO NARIÑO,,,False,False,
10483158,2019-04-21,FONTIBÓN,-74.130863284,4.581943782,True,True,TUNJUELITO
10483163,2019-04-28,ENGATIVÁ,,,False,False,
10483168,2019-04-29,KENNEDY,,,False,False,
10483176,2019-04-30,BOSA,,,False,False,
10483550,2019-05-04,PUENTE ARANDA,-74.135371615,4.59434947599999,True,True,TUNJUELITO
10483551,2019-05-04,PUENTE ARANDA,,,False,False,
10483566,2019-05-05,CIUDAD BOLÍVAR,,,False,False,
10483940,2019-05-08,SAN CRISTÓBAL,,,False,False,
10483950,2019-05-07,TEUSAQUILLO,,,False,False,
10483954,2019-01-08,CHAPINERO,,,False,False,
10483955,2019-05-08,USAQUÉN,,,False,False,
10480026,2019-03-28,RAFAEL URIBE URIBE,,,False,False,
10480825,2019-04-05,CIUDAD BOLÍVAR,,,False,False,
10481614,2019-04-12,KENNEDY,-74.108161352,4.563620942,True,True,RAFAEL URIBE URIBE
10481618,2019-04-12,KENNEDY,-74.1464,4.5949,True,True,TUNJUELITO
10482000,2019-04-15,CIUDAD BOLÍVAR,,,False,False,
10482002,2019-04-16,TEUSAQUILLO,,,False,False,
10482003,2019-04-15,ANTONIO NARIÑO,,,False,False,
10482010,2019-04-16,BOSA,,,False,False,
10482800,2019-04-26,TUNJUELITO,,,False,False,
10484379,2019-05-12,TUNJUELITO,,,False,False,
10484386,2019-05-13,TUNJUELITO,,,False,False,
10484792,2019-05-16,TEUSAQUILLO,,,False,False,
10484802,2019-05-16,ANTONIO NARIÑO,,,False,False,
10480034,2019-03-28,KENNEDY,,,False,False,
10480035,2019-03-28,USAQUÉN,,,False,False,
10481621,2019-04-12,TUNJUELITO,,,False,False,
10481633,2019-04-12,LOS MÁRTIRES,,,False,False,
10482016,2019-04-16,TUNJUELITO,,,False,False,
10482029,2019-04-16,SAN CRISTÓBAL,,,False,False,
10482420,2019-04-23,CIUDAD BOLÍVAR,,,False,False,
10482421,2019-04-22,BARRIOS UNIDOS,,,False,False,
10482431,2019-04-23,KENNEDY,,,False,False,
10482816,2019-04-27,ANTONIO NARIÑO,-74.113676298,4.59928159399999,True,True,PUENTE ARANDA
10482821,2019-04-26,ANTONIO NARIÑO,,,False,False,
10483219,2019-05-02,TUNJUELITO,,,False,False,
10484406,2019-05-13,TEUSAQUILLO,,,False,False,
10484407,2019-05-12,SANTA FE,,,False,False,
10491164,2019-07-19,KENNEDY,,,False,False,
10491170,2019-07-20,USME,,,False,False,
10485219,2019-05-21,CIUDAD BOLÍVAR,,,False,False,
10485626,2019-05-24,PUENTE ARANDA,,,False,False,
10485636,2019-05-23,TEUSAQUILLO,,,False,False,
10485647,2019-05-24,USAQUÉN,-74.039954649,4.66838858800003,True,True,CHAPINERO
10486028,2019-05-26,USAQUÉN,,,False,False,
10487238,2019-06-07,FONTIBÓN,,,False,False,
10487261,2019-06-08,SANTA FE,-74.0729,4.58969999999999,True,True,CANDELARIA
10490406,2019-07-12,ANTONIO NARIÑO,,,False,False,
10490419,2019-07-12,SANTA FE,-74.06578016,4.59930550399997,True,True,CANDELARIA
10487272,2019-06-10,TEUSAQUILLO,,,False,False,
10487273,2019-06-10,KENNEDY,,,False,False,
10487285,2019-06-09,PUENTE ARANDA,,,False,False,
10487682,2019-06-13,USAQUÉN,,,False,False,
10488524,2019-06-19,SAN CRISTÓBAL,,,False,False,
10488920,2019-06-26,FONTIBÓN,,,False,False,
10490061,2019-05-26,TUNJUELITO,-74.1794,4.5967,True,True,CIUDAD BOLIVAR
10490072,2019-07-09,CHAPINERO,,,False,False,
10490441,2019-07-14,BARRIOS UNIDOS,,,False,False,
10490447,2019-07-13,SAN CRISTÓBAL,,,False,False,
10485679,2019-05-19,PUENTE ARANDA,,,False,False,
10485680,2019-05-24,RAFAEL URIBE URIBE,,,False,False,
10485687,2019-05-25,KENNEDY,,,False,False,
10485689,2019-05-25,TUNJUELITO,-74.139419894,4.562050607,True,True,CIUDAD BOLIVAR
10485694,2019-05-25,SAN CRISTÓBAL,,,False,False,
10485695,2019-05-24,BOSA,,,False,False,
10485696,2019-05-25,KENNEDY,,,False,False,
10485697,2019-05-26,BOSA,,,False,False,
10486486,2019-06-01,SUBA,,,False,False,
10486493,2019-05-31,ENGATIVÁ,-74.092358917,4.64558461199999,True,True,TEUSAQUILLO
10486494,2019-06-01,USME,,,False,False,
10486500,2019-06-01,ENGATIVÁ,,,False,False,
10488534,2019-06-21,CHAPINERO,,,False,False,
10488538,2019-06-21,KENNEDY,,,False,False,
10488548,2019-06-21,KENNEDY,,,False,False,
10488945,2019-06-26,KENNEDY,,,False,False,
10488947,2019-06-26,TUNJUELITO,,,False,False,
10489728,2019-07-04,KENNEDY,,,False,False,
10490452,2019-07-13,BOSA,,,False,False,
10491233,2019-07-21,BOSA,-74.177290125,4.62840999299999,True,True,KENNEDY
10491253,2019-07-19,KENNEDY,-74.203239686,4.60969221300002,True,True,BOSA
10485711,2019-05-26,BOSA,,,False,False,
10485714,2019-05-24,CIUDAD BOLÍVAR,,,False,False,
10485717,2019-05-24,SAN CRISTÓBAL,-74.126675534,4.56682874900002,True,True,TUNJUELITO
10485721,2019-05-25,USAQUÉN,,,False,False,
10486123,2019-05-28,BOSA,,,False,False,
10486512,2019-06-02,TUNJUELITO,,,False,False,
10486528,2019-06-03,USME,-74.1371,4.54689999999999,True,True,CIUDAD BOLIVAR
10488554,2019-06-21,LOS MÁRTIRES,,,False,False,
10488559,2019-06-20,SAN CRISTÓBAL,,,False,False,
10488565,2019-06-20,SANTA FE,-74.076236402,4.61747365299999,True,True,LOS MARTIRES
10488968,2019-06-25,USAQUÉN,,,False,False,
10488977,2019-06-26,SAN CRISTÓBAL,-74.106201236,4.59135546599998,True,True,ANTONIO NARINO
10489365,2019-07-01,USME,,,False,False,
10489366,2019-07-02,LOS MÁRTIRES,,,False,False,
10490119,2019-07-07,PUENTE ARANDA,,,False,False,
10490480,2019-07-15,PUENTE ARANDA,,,False,False,
10490868,2019-07-16,RAFAEL URIBE URIBE,,,False,False,
10490888,2019-07-17,TUNJUELITO,-74.149199502,4.56752687300002,True,True,CIUDAD BOLIVAR
10485726,2019-05-25,RAFAEL URIBE URIBE,,,False,False,
10486130,2019-05-29,SUBA,,,False,False,
10486131,2019-05-28,USME,,,False,False,
10486534,2019-06-02,RAFAEL URIBE URIBE,,,False,False,
10486539,2019-06-03,LOS MÁRTIRES,,,False,False,
10486547,2019-06-01,USAQUÉN,,,False,False,
10488185,2019-06-16,KENNEDY,-74.125888837,4.59347585699999,True,True,PUENTE ARANDA
10488187,2019-06-16,BOSA,,,False,False,
10488189,2019-06-16,BOSA,,,False,False,
10488190,2019-06-18,TUNJUELITO,,,False,False,
10488583,2019-06-21,BOSA,-74.1806,4.61649999999997,True,True,KENNEDY
10488584,2019-06-22,PUENTE ARANDA,,,False,False,
10488594,2019-06-22,TUNJUELITO,,,False,False,
10488595,2019-06-21,TUNJUELITO,,,False,False,
10489384,2019-07-02,TEUSAQUILLO,-74.083835695,4.62411115100002,True,True,PUENTE ARANDA
10489778,2019-07-04,CHAPINERO,,,False,False,
10491260,2019-07-19,FONTIBÓN,,,False,False,
10486151,2019-05-28,FONTIBÓN,,,False,False,
10486154,2019-05-29,CIUDAD BOLÍVAR,-74.137928318,4.59047194499999,True,True,TUNJUELITO
10486560,2019-06-01,BOSA,,,False,False,
10486569,2019-06-03,SANTA FE,,,False,False,
10486571,2019-06-01,RAFAEL URIBE URIBE,-74.126643338,4.566428524,True,True,TUNJUELITO
10486980,2019-06-05,BARRIOS UNIDOS,,,False,False,
10487798,2019-06-13,RAFAEL URIBE URIBE,-74.086374598,4.54111111999998,True,True,SAN CRISTOBAL
10488196,2019-06-18,BOSA,,,False,False,
10488207,2019-06-18,SAN CRISTÓBAL,,,False,False,
10488217,2019-06-17,ANTONIO NARIÑO,,,False,False,
10488607,2019-06-23,KENNEDY,,,False,False,
10489780,2019-07-07,FONTIBÓN,,,False,False,
10489787,2019-07-07,KENNEDY,,,False,False,
10489788,2019-07-07,PUENTE ARANDA,,,False,False,
10489793,2019-07-07,CHAPINERO,,,False,False,
10484972,2019-05-17,BOSA,,,False,False,
10484986,2019-05-18,PUENTE ARANDA,,,False,False,
10485373,2019-05-21,BARRIOS UNIDOS,,,False,False,
10485387,2019-05-21,BOSA,,,False,False,
10485392,2019-05-22,BARRIOS UNIDOS,,,False,False,
10486580,2019-05-31,CIUDAD BOLÍVAR,,,False,False,
10486987,2019-06-06,KENNEDY,,,False,False,
10487816,2019-06-14,FONTIBÓN,-74.141468719,4.66079615799998,True,True,KENNEDY
10488223,2019-06-15,KENNEDY,,,False,False,
10488631,2019-06-23,BOSA,,,False,False,
10488648,2019-06-22,TUNJUELITO,,,False,False,
10489811,2019-07-02,CANDELARIA,,,False,False,
10490176,2019-07-08,PUENTE ARANDA,,,False,False,
10490178,2019-07-10,RAFAEL URIBE URIBE,,,False,False,
10490193,2019-07-10,FONTIBÓN,,,False,False,
10484993,2019-05-18,KENNEDY,,,False,False,
10485014,2019-05-19,LOS MÁRTIRES,,,False,False,
10485403,2019-05-20,BOSA,,,False,False,
10485817,2019-05-25,PUENTE ARANDA,,,False,False,
10487005,2019-06-05,CANDELARIA,,,False,False,
10487008,2019-06-05,BARRIOS UNIDOS,,,False,False,
10487017,2019-06-06,SAN CRISTÓBAL,,,False,False,
10489054,2019-06-27,LOS MÁRTIRES,,,False,False,
10489067,2019-06-26,SANTA FE,,,False,False,
10490213,2019-07-10,USME,-74.176978447,4.64047373099999,True,True,KENNEDY
10490570,2019-07-15,SAN CRISTÓBAL,,,False,False,
10490581,2019-07-15,KENNEDY,,,False,False,
10490981,2019-07-17,SAN CRISTÓBAL,-74.090269288,4.58169720699999,True,True,ANTONIO NARINO
10485834,2019-05-26,CIUDAD BOLÍVAR,,,False,False,
10485838,2019-05-27,BOSA,-74.1794,4.59679999999997,True,True,CIUDAD BOLIVAR
10487447,2019-06-10,USAQUÉN,,,False,False,
10487466,2019-06-11,BOSA,,,False,False,
10487879,2019-06-15,SUBA,,,False,False,
10489083,2019-06-27,ANTONIO NARIÑO,-74.083915886,4.59562990199998,True,True,SANTA FE
10489498,2019-07-01,KENNEDY,,,False,False,
10490602,2019-07-15,PUENTE ARANDA,,,False,False,
10490991,2019-07-18,TUNJUELITO,,,False,False,
10490994,2019-07-18,ENGATIVÁ,,,False,False,
10490997,2019-07-17,USAQUÉN,,,False,False,
10491004,2019-07-18,BARRIOS UNIDOS,-74.085744168,4.65516013600001,True,True,TEUSAQUILLO
10485044,2019-05-19,USAQUÉN,,,False,False,
10485048,2019-05-18,CIUDAD BOLÍVAR,,,False,False,
10485062,2019-05-20,SAN CRISTÓBAL,,,False,False,
10485877,2019-05-27,ENGATIVÁ,-74.121919736,4.69305674100002,True,True,FONTIBON
10486250,2019-05-29,ANTONIO NARIÑO,,,False,False,
10486257,2019-05-29,SAN CRISTÓBAL,,,False,False,
10486263,2019-05-30,USAQUÉN,,,False,False,
10486666,2019-06-03,TUNJUELITO,,,False,False,
10486669,2019-06-04,KENNEDY,,,False,False,
10487483,2019-06-11,TEUSAQUILLO,-74.075917109,4.61466947000002,True,True,LOS MARTIRES
10487484,2019-06-09,CIUDAD BOLÍVAR,,,False,False,
10487492,2019-06-09,CIUDAD BOLÍVAR,,,False,False,
10487883,2019-06-16,CANDELARIA,,,False,False,
10487887,2019-06-15,CIUDAD BOLÍVAR,,,False,False,
10487896,2019-06-15,PUENTE ARANDA,,,False,False,
10488300,2019-06-19,LOS MÁRTIRES,,,False,False,
10489126,2019-06-28,PUENTE ARANDA,,,False,False,
10489529,2019-07-02,PUENTE ARANDA,,,False,False,
10485075,2019-05-20,BOSA,,,False,False,
10485093,2019-05-19,USME,,,False,False,
10485884,2019-05-27,SANTA FE,,,False,False,
10486277,2019-05-30,KENNEDY,-74.171610071,4.59357212700002,True,True,CIUDAD BOLIVAR
10486280,2019-05-29,LOS MÁRTIRES,,,False,False,
10486295,2019-05-30,SAN CRISTÓBAL,,,False,False,
10486677,2019-06-04,LOS MÁRTIRES,,,False,False,
10486678,2019-06-02,BARRIOS UNIDOS,-74.094644787,4.63924663799997,True,True,TEUSAQUILLO
10486687,2019-06-03,BOSA,,,False,False,
10487913,2019-06-15,SAN CRISTÓBAL,,,False,False,
10487915,2019-06-16,TUNJUELITO,,,False,False,
10489531,2019-07-03,PUENTE ARANDA,,,False,False,
10489544,2019-07-02,BOSA,,,False,False,
10490283,2019-07-11,TUNJUELITO,-74.1295,4.58620000000002,True,True,RAFAEL URIBE URIBE
10485101,2019-05-19,RAFAEL URIBE URIBE,,,False,False,
10485503,2019-05-22,ENGATIVÁ,,,False,False,
10485517,2019-05-21,ANTONIO NARIÑO,,,False,False,
10487124,2019-06-07,FONTIBÓN,,,False,False,
10488753,2019-06-22,BOSA,,,False,False,
10488770,2019-05-08,SANTA FE,,,False,False,
10489160,2019-06-28,ANTONIO NARIÑO,,,False,False,
10489170,2019-06-28,TUNJUELITO,,,False,False,
10489179,2019-06-28,ANTONIO NARIÑO,,,False,False,
10489938,2019-07-08,BARRIOS UNIDOS,,,False,False,
10489944,2019-07-07,TEUSAQUILLO,-74.0651,4.64710000000002,True,True,CHAPINERO
10490297,2019-07-10,SUBA,,,False,False,
10490306,2019-07-10,CIUDAD BOLÍVAR,,,False,False,
10491083,2019-07-19,PUENTE ARANDA,,,False,False,
10485529,2019-05-22,LOS MÁRTIRES,-74.065519058,4.60463061399997,True,True,SANTA FE
10485532,2019-05-23,SAN CRISTÓBAL,,,False,False,
10485543,2019-05-23,TUNJUELITO,-74.1295,4.58620000000002,True,True,RAFAEL URIBE URIBE
10487565,2019-06-11,ANTONIO NARIÑO,,,False,False,
10487568,2019-06-12,BOSA,-74.1806,4.61649999999997,True,True,KENNEDY
10487569,2019-06-12,PUENTE ARANDA,,,False,False,
10487574,2019-06-12,BOSA,,,False,False,
10487575,2019-06-11,SANTA FE,,,False,False,
10487963,2019-05-12,SANTA FE,-74.0676,4.60039999999998,True,True,CANDELARIA
10488394,2019-06-14,SAN CRISTÓBAL,,,False,False,
10489184,2019-06-28,TUNJUELITO,-74.125848341,4.58784992400001,True,True,RAFAEL URIBE URIBE
10489960,2019-07-05,BARRIOS UNIDOS,,,False,False,
10490696,2019-07-15,SANTA FE,,,False,False,
10487581,2019-06-11,ENGATIVÁ,-74.12018626,4.67914725200001,True,True,FONTIBON
10487594,2019-06-11,KENNEDY,,,False,False,
10488806,2019-06-24,CANDELARIA,,,False,False,
10488818,2019-06-25,LOS MÁRTIRES,,,False,False,
10489218,2019-06-29,RAFAEL URIBE URIBE,-74.118165238,4.58876674999999,True,True,ANTONIO NARINO
10489221,2019-06-29,ANTONIO NARIÑO,,,False,False,
10489227,2019-06-29,KENNEDY,,,False,False,
10490371,2019-07-11,SAN CRISTÓBAL,,,False,False,
10491112,2019-07-14,ENGATIVÁ,-74.07757281,4.66225700799998,True,True,BARRIOS UNIDOS
10491118,2019-07-19,ANTONIO NARIÑO,-74.102544587,4.62396389200001,True,True,PUENTE ARANDA
10485600,2019-05-24,TUNJUELITO,-74.1378,4.62709999999998,True,True,KENNEDY
10486399,2019-05-31,SUBA,-74.100747014,4.71015149099998,True,True,ENGATIVA
10487188,2019-06-07,BOSA,,,False,False,
10488009,2019-06-13,SAN CRISTÓBAL,,,False,False,
10488011,2019-06-17,USME,,,False,False,
10488016,2019-06-15,KENNEDY,,,False,False,
10488828,2019-06-25,ANTONIO NARIÑO,,,False,False,
10489244,2019-06-30,PUENTE ARANDA,,,False,False,
10489249,2019-06-30,USAQUÉN,,,False,False,
10489633,2019-07-04,PUENTE ARANDA,,,False,False,
10489637,2019-07-03,BOSA,-74.175316483,4.59100440499998,True,True,CIUDAD BOLIVAR
10489646,2019-07-03,LOS MÁRTIRES,,,False,False,
10490393,2019-07-12,USAQUÉN,,,False,False,
10490396,2019-07-12,USAQUÉN,,,False,False,
10490747,2019-07-15,CIUDAD BOLÍVAR,,,False,False,
10491147,2019-07-20,CANDELARIA,,,False,False,
10485211,2019-05-20,TEUSAQUILLO,-74.0657,4.64400000000001,True,True,CHAPINERO
10486429,2019-05-30,CIUDAD BOLÍVAR,,,False,False,
10486805,2019-06-05,PUENTE ARANDA,,,False,False,
10486816,2019-06-05,SANTA FE,,,False,False,
10489265,2019-06-28,RAFAEL URIBE URIBE,,,False,False,
10489270,2019-07-01,USME,,,False,False,
10489274,2019-06-29,KENNEDY,,,False,False,
10497055,2019-09-12,SAN CRISTÓBAL,,,False,False,
10497056,2019-09-16,CHAPINERO,-74.062602398,4.65568559799999,True,True,BARRIOS UNIDOS
10497057,2019-09-13,RAFAEL URIBE URIBE,-74.122307242,4.58980012500001,True,True,ANTONIO NARINO
10491554,2019-07-24,SANTA FE,,,False,False,
10491555,2019-07-23,LOS MÁRTIRES,,,False,False,
10491567,2019-07-23,SANTA FE,,,False,False,
10492358,2019-07-30,LOS MÁRTIRES,,,False,False,
10496667,2019-09-12,LOS MÁRTIRES,,,False,False,
10497091,2019-09-15,USAQUÉN,-74.045311207,4.76052284799999,True,True,SUBA
10497093,2019-09-15,LOS MÁRTIRES,,,False,False,
10491584,2019-07-24,SAN CRISTÓBAL,-74.104373776,4.58047524199998,True,True,RAFAEL URIBE URIBE
10491980,2019-07-29,SUBA,,,False,False,
10491984,2019-07-26,PUENTE ARANDA,,,False,False,
10491985,2019-07-29,CANDELARIA,,,False,False,
10491986,2019-07-28,LOS MÁRTIRES,,,False,False,
10491987,2019-07-29,TUNJUELITO,,,False,False,
10492369,2019-07-31,PUENTE ARANDA,,,False,False,
10492377,2019-07-31,ANTONIO NARIÑO,,,False,False,
10493549,2019-08-14,TUNJUELITO,-74.151351177,4.59545622000002,True,True,KENNEDY
10493551,2019-08-14,TEUSAQUILLO,,,False,False,
10493935,2019-08-17,RAFAEL URIBE URIBE,-74.09267731,4.587659003,True,True,ANTONIO NARINO
10494328,2019-08-22,TUNJUELITO,-74.135322311,4.59465464700003,True,True,PUENTE ARANDA
10494709,2019-08-25,TEUSAQUILLO,,,False,False,
10494723,2019-08-26,KENNEDY,,,False,False,
10494724,2019-08-26,CIUDAD BOLÍVAR,-74.165909626,4.62102926,True,True,KENNEDY
10496702,2019-09-12,BOSA,,,False,False,
10492005,2019-07-26,BOSA,-74.182209444,4.59343787799997,True,True,CIUDAD BOLIVAR
10492782,2019-08-06,TUNJUELITO,,,False,False,
10492789,2019-07-31,ENGATIVÁ,,,False,False,
10493172,2019-08-09,LOS MÁRTIRES,,,False,False,
10493182,2019-08-10,PUENTE ARANDA,,,False,False,
10493569,2019-08-13,BOSA,-74.161529316,4.59531643499997,True,True,CIUDAD BOLIVAR
10493575,2019-08-12,TEUSAQUILLO,-74.0656,4.64429999999999,True,True,CHAPINERO
10494348,2019-08-21,PUENTE ARANDA,,,False,False,
10494355,2019-08-22,TUNJUELITO,,,False,False,
10494733,2019-08-26,BARRIOS UNIDOS,,,False,False,
10492803,2019-08-06,RAFAEL URIBE URIBE,-74.126407426,4.56773789900001,True,True,TUNJUELITO
10492817,2019-08-07,BOSA,-74.163999168,4.59553917199997,True,True,CIUDAD BOLIVAR
10493974,2019-08-17,SUBA,,,False,False,
10497577,2019-09-20,KENNEDY,,,False,False,
10497587,2019-09-20,USME,-74.121074303,4.54609853400001,True,True,RAFAEL URIBE URIBE
10491662,2019-07-25,ANTONIO NARIÑO,-74.125687526,4.59539037799999,True,True,PUENTE ARANDA
10492834,2019-08-06,ANTONIO NARIÑO,,,False,False,
10492849,2019-08-07,PUENTE ARANDA,,,False,False,
10493225,2019-08-12,RAFAEL URIBE URIBE,-74.126241275,4.56553636199999,True,True,TUNJUELITO
10493239,2019-08-12,KENNEDY,-74.162514583,4.60357111500002,True,True,BOSA
10494021,2019-08-16,USAQUÉN,,,False,False,
10495583,2019-09-01,KENNEDY,-74.182149253,4.61890111299999,True,True,BOSA
10495586,2019-09-02,RAFAEL URIBE URIBE,-74.126671434,4.56683038400001,True,True,TUNJUELITO
10495604,2019-09-02,SANTA FE,,,False,False,
10496378,2019-09-09,FONTIBÓN,-74.077395995,4.60693166200002,True,True,SANTA FE
10496382,2019-09-10,TUNJUELITO,-74.120917112,4.54421519900001,True,True,USME
10497548,2019-09-21,KENNEDY,-74.178949875,4.59710572400002,True,True,BOSA
10497564,2019-09-21,ENGATIVÁ,-74.123825084,4.68393849799997,True,True,FONTIBON
10492474,2019-08-01,BOSA,,,False,False,
10492852,2019-08-07,BOSA,,,False,False,
10493252,2019-08-10,PUENTE ARANDA,,,False,False,
10494026,2019-08-20,BARRIOS UNIDOS,,,False,False,
10494829,2019-03-23,SANTA FE,,,False,False,
10495216,2019-08-29,BOSA,-74.161529605,4.59530846500002,True,True,CIUDAD BOLIVAR
10495220,2019-08-30,SANTA FE,,,False,False,
10495225,2019-08-30,FONTIBÓN,,,False,False,
10495229,2019-08-30,BOSA,-74.157293184,4.596425431,True,True,CIUDAD BOLIVAR
10495232,2019-08-30,USAQUÉN,,,False,False,
10496396,2019-09-10,ANTONIO NARIÑO,-74.122348042,4.58450282400003,True,True,RAFAEL URIBE URIBE
10496414,2019-09-09,TUNJUELITO,-74.157741634,4.58132054499998,True,True,CIUDAD BOLIVAR
10497222,2019-09-17,TEUSAQUILLO,-74.065381266,4.64978744299998,True,True,BARRIOS UNIDOS
10497225,2019-09-17,CHAPINERO,-74.05688936,4.68713640599998,True,True,USAQUEN
10491306,2019-07-20,TEUSAQUILLO,,,False,False,
10492884,2019-07-27,BOSA,-74.153666641,4.59641872899999,True,True,CIUDAD BOLIVAR
10494046,2019-08-20,BOSA,-74.161315046,4.59576341799999,True,True,CIUDAD BOLIVAR
10494047,2019-08-20,BOSA,-74.161335062,4.59597534199997,True,True,CIUDAD BOLIVAR
10494840,2019-08-27,CANDELARIA,,,False,False,
10494853,2019-08-27,SAN CRISTÓBAL,,,False,False,
10494855,2019-08-26,TEUSAQUILLO,,,False,False,
10495243,2019-08-25,BOSA,-74.160594419,4.59616501699998,True,True,CIUDAD BOLIVAR
10497228,2019-09-17,TEUSAQUILLO,-74.11540663,4.57671785299999,True,True,RAFAEL URIBE URIBE
10492135,2019-07-29,SAN CRISTÓBAL,,,False,False,
10492137,2019-07-28,CHAPINERO,,,False,False,
10492519,2019-08-02,ENGATIVÁ,,,False,False,
10492919,2019-08-05,SUBA,,,False,False,
10494463,2019-08-23,SANTA FE,,,False,False,
10494861,2019-08-27,CIUDAD BOLÍVAR,,,False,False,
10494864,2019-08-27,LOS MÁRTIRES,,,False,False,
10494866,2019-07-20,TUNJUELITO,-74.157431053,4.58054876400001,True,True,CIUDAD BOLIVAR
10494870,2019-08-27,TEUSAQUILLO,,,False,False,
10495262,2019-08-30,CIUDAD BOLÍVAR,,,False,False,
10495281,2019-09-02,TUNJUELITO,-74.145523811,4.59526784000002,True,True,KENNEDY
10496851,2019-09-12,PUENTE ARANDA,-74.105108309,4.58452399800001,True,True,ANTONIO NARINO
10497271,2019-09-18,BOSA,-74.161453868,4.59540433000001,True,True,CIUDAD BOLIVAR
10491768,2019-07-25,TEUSAQUILLO,,,False,False,
10492541,2019-08-03,RAFAEL URIBE URIBE,,,False,False,
10492544,2019-08-02,BOSA,,,False,False,
10493719,2019-08-15,BOSA,,,False,False,
10493723,2019-08-14,TUNJUELITO,-74.157714541,4.581268653,True,True,CIUDAD BOLIVAR
10495287,2019-08-31,KENNEDY,,,False,False,
10496084,2019-09-07,TUNJUELITO,-74.180579139,4.62619153200001,True,True,BOSA
10496087,2019-09-07,ANTONIO NARIÑO,-74.106804736,4.58638701699999,True,True,RAFAEL URIBE URIBE
10496088,2019-09-06,ANTONIO NARIÑO,-74.097495899,4.596341919,True,True,LOS MARTIRES
10496096,2019-09-07,TUNJUELITO,,,False,False,
10496098,2019-09-07,KENNEDY,,,False,False,
10496865,2019-09-14,SAN CRISTÓBAL,-74.095244671,4.57622705,True,True,RAFAEL URIBE URIBE
10496880,2019-09-13,CIUDAD BOLÍVAR,,,False,False,
10497279,2019-09-18,TUNJUELITO,-74.138182384,4.594978062,True,True,KENNEDY
10491769,2019-07-26,TUNJUELITO,,,False,False,
10491770,2019-07-25,RAFAEL URIBE URIBE,,,False,False,
10491776,2019-07-24,SANTA FE,,,False,False,
10491779,2019-07-26,FONTIBÓN,,,False,False,
10491783,2019-07-26,BARRIOS UNIDOS,-74.056925748,4.68147073,True,True,CHAPINERO
10492172,2019-07-30,USME,,,False,False,
10492560,2019-08-04,PUENTE ARANDA,,,False,False,
10492569,2019-08-03,BOSA,,,False,False,
10492952,2019-08-08,TEUSAQUILLO,-74.079118613,4.65216162399997,True,True,BARRIOS UNIDOS
10493730,2019-08-14,RAFAEL URIBE URIBE,,,False,False,
10493732,2019-08-15,USAQUÉN,,,False,False,
10494927,2019-08-29,PUENTE ARANDA,,,False,False,
10495329,2019-09-01,ENGATIVÁ,,,False,False,
10496117,2019-09-08,SANTA FE,,,False,False,
10496896,2019-09-12,TUNJUELITO,-74.151757507,4.580700562,True,True,CIUDAD BOLIVAR
10496897,2019-09-15,ENGATIVÁ,-74.121798241,4.69284677100001,True,True,FONTIBON
10496902,2019-09-13,TEUSAQUILLO,-74.06613444,4.66622566500001,True,True,BARRIOS UNIDOS
10496905,2019-09-14,ANTONIO NARIÑO,-74.13496199,4.59457420000001,True,True,PUENTE ARANDA
10491426,2019-07-21,CIUDAD BOLÍVAR,,,False,False,
10494551,2019-08-24,CIUDAD BOLÍVAR,-74.180732606,4.58653089000001,True,False,Fuera de polígonos
10494951,2019-08-28,LOS MÁRTIRES,,,False,False,
10494952,2019-08-28,RAFAEL URIBE URIBE,-74.126673582,4.56675643900002,True,True,TUNJUELITO
10494956,2019-08-28,CIUDAD BOLÍVAR,,,False,False,
10495734,2019-09-04,BARRIOS UNIDOS,,,False,False,
10496128,2019-09-06,PUENTE ARANDA,,,False,False,
10496515,2019-09-11,PUENTE ARANDA,,,False,False,
10496529,2019-09-11,SAN CRISTÓBAL,-74.107144226,4.55797264199998,True,True,RAFAEL URIBE URIBE
10496535,2019-09-11,BOSA,,,False,False,
10496539,2019-09-11,BARRIOS UNIDOS,,,False,False,
10496908,2019-09-13,PUENTE ARANDA,-74.115549553,4.59222734799999,True,True,ANTONIO NARINO
10496909,2019-09-13,SAN CRISTÓBAL,-74.060319146,4.66108404099998,True,True,CHAPINERO
10496929,2019-09-14,SANTA FE,-74.074486093,4.59109208000001,True,True,CANDELARIA
10491830,2019-07-27,RAFAEL URIBE URIBE,-74.096406437,4.61589022200002,True,True,PUENTE ARANDA
10491837,2019-07-27,BOSA,,,False,False,
10491840,2019-07-27,BOSA,,,False,False,
10492617,2019-08-04,ANTONIO NARIÑO,-74.123711701,4.58869454400002,True,True,RAFAEL URIBE URIBE
10492623,2019-08-04,SANTA FE,-74.065655724,4.59952769699998,True,True,CANDELARIA
10493398,2019-08-13,CIUDAD BOLÍVAR,-74.125037145,4.57040275100002,True,True,RAFAEL URIBE URIBE
10493406,2019-08-12,KENNEDY,,,False,False,
10493407,2019-08-13,USAQUÉN,,,False,False,
10493408,2019-08-13,TUNJUELITO,-74.153114431,4.57375233400001,True,True,CIUDAD BOLIVAR
10494178,2019-08-19,SAN CRISTÓBAL,-74.089271201,4.51653018899998,True,True,USME
10494562,2019-08-25,CIUDAD BOLÍVAR,,,False,False,
10494961,2019-08-27,CIUDAD BOLÍVAR,,,False,False,
10494962,2019-08-27,USME,-74.126673878,4.56681758399998,True,True,TUNJUELITO
10496547,2019-09-10,PUENTE ARANDA,,,False,False,
10496548,2019-09-11,KENNEDY,-74.144613718,4.67144743199998,True,True,FONTIBON
10496932,2019-09-14,USAQUÉN,-74.047277401,4.76110475799999,True,True,SUBA
10496935,2019-09-15,LOS MÁRTIRES,-74.095654472,4.60972604800003,True,True,PUENTE ARANDA
10496941,2019-09-14,USAQUÉN,-74.04457056,4.76507712900002,True,True,SUBA
10497363,2019-09-19,ANTONIO NARIÑO,-74.125944008,4.59381162400001,True,True,PUENTE ARANDA
10493418,2019-08-13,USAQUÉN,,,False,False,
10494194,2019-08-20,SANTA FE,-74.065046417,4.59909166099999,True,True,CANDELARIA
10494195,2019-08-20,TEUSAQUILLO,,,False,False,
10494205,2019-08-16,USAQUÉN,,,False,False,
10494210,2019-08-20,FONTIBÓN,,,False,False,
10494586,2019-08-25,TUNJUELITO,,,False,False,
10495404,2019-09-02,SANTA FE,-74.0799,4.59710000000001,True,True,CANDELARIA
10496963,2019-09-15,ANTONIO NARIÑO,-74.126530486,4.59406386900002,True,True,PUENTE ARANDA
10497380,2019-09-18,SAN CRISTÓBAL,-74.098049144,4.57211227200003,True,True,RAFAEL URIBE URIBE
10491493,2019-07-22,TUNJUELITO,,,False,False,
10491867,2019-07-28,KENNEDY,,,False,False,
10493044,2019-08-08,BOSA,,,False,False,
10493051,2019-08-08,SAN CRISTÓBAL,,,False,False,
10493841,2019-08-15,CIUDAD BOLÍVAR,,,False,False,
10493845,2019-08-16,SAN CRISTÓBAL,,,False,False,
10494220,2019-08-20,KENNEDY,,,False,False,
10495419,2019-09-02,PUENTE ARANDA,,,False,False,
10495420,2019-09-01,RAFAEL URIBE URIBE,,,False,False,
10496203,2019-09-09,FONTIBÓN,,,False,False,
10493071,2019-08-09,LOS MÁRTIRES,,,False,False,
10493088,2019-08-08,CIUDAD BOLÍVAR,,,False,False,
10493092,2019-08-07,USAQUÉN,,,False,False,
10493858,2019-08-16,CIUDAD BOLÍVAR,,,False,False,
10493871,2019-08-17,TEUSAQUILLO,,,False,False,
10495439,2019-08-31,CIUDAD BOLÍVAR,,,False,False,
10495442,2019-08-31,CIUDAD BOLÍVAR,,,False,False,
10495449,2019-08-31,CIUDAD BOLÍVAR,,,False,False,
10496223,2019-09-09,CHAPINERO,,,False,False,
10493106,2019-08-09,USME,-74.126354452,4.52674612200002,True,True,CIUDAD BOLIVAR
10493892,2019-08-18,RAFAEL URIBE URIBE,-74.126670993,4.56671974,True,True,TUNJUELITO
10495077,2019-08-28,CIUDAD BOLÍVAR,,,False,False,
10495862,2019-09-05,SANTA FE,-74.072519894,4.58985845500001,True,True,CANDELARIA
10495875,2019-09-04,SAN CRISTÓBAL,,,False,False,
10496657,2019-09-11,SAN CRISTÓBAL,-74.098824194,4.571253775,True,True,RAFAEL URIBE URIBE
10497032,2019-09-14,USME,-74.058576266,4.66254963599999,True,True,CHAPINERO
10497035,2019-09-16,USAQUÉN,-74.043504801,4.68255125399997,True,True,CHAPINERO
10497039,2019-09-16,SAN CRISTÓBAL,-74.091833434,4.57961619600002,True,True,ANTONIO NARINO
10497048,2019-09-15,TEUSAQUILLO,-74.077074088,4.65181510299999,True,True,BARRIOS UNIDOS
10497856,2019-09-23,PUENTE ARANDA,-74.081783228,4.62594153800001,True,True,TEUSAQUILLO
10497857,2019-09-24,SAN CRISTÓBAL,-74.060837413,4.66032862399999,True,True,CHAPINERO
10497864,2019-09-24,TUNJUELITO,-74.138473671,4.55798769199998,True,True,CIUDAD BOLIVAR
10497865,2019-09-24,TEUSAQUILLO,-74.110354555,4.64571063800003,True,True,FONTIBON
10498240,2019-09-29,ENGATIVÁ,-74.135083405,4.70276650199997,True,True,FONTIBON
10498253,2019-09-27,BOSA,-74.177541746,4.62911616600002,True,True,KENNEDY
10498651,2019-10-02,RAFAEL URIBE URIBE,-74.124260273,4.56069121899998,True,True,TUNJUELITO
10498656,2019-10-02,PUENTE ARANDA,-74.1233916,4.62692690799997,True,True,KENNEDY
10499429,2019-10-10,SAN CRISTÓBAL,-74.096831584,4.57346194000002,True,True,RAFAEL URIBE URIBE
10500223,2019-10-19,CIUDAD BOLÍVAR,-74.145486892,4.59151156500002,True,True,TUNJUELITO
10501425,2019-10-31,SAN CRISTÓBAL,-74.086055227,4.50122450100002,True,True,USME
10501428,2019-10-31,KENNEDY,,,False,False,
10502568,2019-11-12,PUENTE ARANDA,-74.090559134,4.64908239499999,True,True,TEUSAQUILLO
10502576,2019-11-13,LOS MÁRTIRES,-74.078258981,4.62340384800001,True,True,TEUSAQUILLO
10502580,2019-11-12,CHAPINERO,-74.06408038,4.65317711099999,True,True,BARRIOS UNIDOS
10497871,2019-09-24,TEUSAQUILLO,-74.088482035,4.66018822500001,True,True,BARRIOS UNIDOS
10499059,2019-10-06,TUNJUELITO,-74.150493686,4.59534874899998,True,True,KENNEDY
10500643,2019-10-22,PUENTE ARANDA,-74.119424977,4.63640451999999,True,True,KENNEDY
10500648,2019-10-23,TEUSAQUILLO,-74.070157866,4.62022365600001,True,True,SANTA FE
10503416,2019-11-21,PUENTE ARANDA,-74.136583696,4.59769019300001,True,True,KENNEDY
10503426,2019-11-20,TEUSAQUILLO,-74.109877338,4.67647745099998,True,True,ENGATIVA
10498697,2019-10-01,USAQUÉN,,,False,False,
10499078,2019-10-05,ANTONIO NARIÑO,-74.086350099,4.587222419,True,True,SAN CRISTOBAL
10499082,2019-10-06,TEUSAQUILLO,-74.06474336,4.649767408,True,True,BARRIOS UNIDOS
10499085,2019-10-06,PUENTE ARANDA,-74.106395978,4.598689374,True,True,LOS MARTIRES
10499093,2019-10-07,BOSA,,,False,False,
10499479,2019-10-04,SAN CRISTÓBAL,-74.102681208,4.56693824500002,True,True,RAFAEL URIBE URIBE
10499484,2019-10-09,BOSA,-74.177394157,4.59681784399999,True,True,CIUDAD BOLIVAR
10499490,2019-10-10,BOSA,,,False,False,
10499492,2019-10-09,LOS MÁRTIRES,-74.07528696,4.58981217100001,True,True,CANDELARIA
10500254,2019-10-16,PUENTE ARANDA,-74.102169056,4.58702008099999,True,True,ANTONIO NARINO
10500258,2019-10-20,BARRIOS UNIDOS,-74.073371612,4.68851982899997,True,True,SUBA
10500267,2019-10-19,BOSA,-74.17907745,4.59676062300002,True,True,CIUDAD BOLIVAR
10500270,2019-10-19,LOS MÁRTIRES,-74.081140367,4.627151357,True,True,TEUSAQUILLO
10503451,2019-11-20,PUENTE ARANDA,-74.136625908,4.59740752599998,True,True,KENNEDY
10499495,2019-10-10,SAN CRISTÓBAL,-74.101569434,4.56812485500001,True,True,RAFAEL URIBE URIBE
10499899,2019-10-14,TEUSAQUILLO,-74.099288659,4.65909721899999,True,True,ENGATIVA
10500280,2019-10-19,RAFAEL URIBE URIBE,-74.122280564,4.55781151799999,True,True,TUNJUELITO
10502261,2019-11-08,TEUSAQUILLO,-74.103298541,4.653672675,True,True,ENGATIVA
10502276,2019-11-11,USME,-74.136897034,4.54941196300001,True,True,CIUDAD BOLIVAR
10503045,2019-11-17,FONTIBÓN,,,False,False,
10503052,2019-11-18,CHAPINERO,-74.066949112,4.656299133,True,True,BARRIOS UNIDOS
10503477,2019-11-21,CIUDAD BOLÍVAR,-74.143430022,4.57941110899998,True,True,TUNJUELITO
10503481,2019-11-21,CHAPINERO,-74.060447637,4.66967242499999,True,True,BARRIOS UNIDOS
10503895,2019-11-25,SANTA FE,-74.083682822,4.59844725200003,True,True,LOS MARTIRES
10503900,2019-11-27,BARRIOS UNIDOS,-74.078997953,4.684059171,True,True,ENGATIVA
10503908,2019-11-27,TUNJUELITO,-74.130473653,4.58591381299999,True,True,RAFAEL URIBE URIBE
10498753,2019-10-02,BOSA,,,False,False,
10499911,2019-10-14,LOS MÁRTIRES,-74.087160916,4.59376555699998,True,True,SANTA FE
10501134,2019-10-29,CANDELARIA,-74.077264707,4.59033386300001,True,True,SANTA FE
10501909,2019-11-06,CIUDAD BOLÍVAR,-74.155691793,4.588266148,True,True,TUNJUELITO
10501916,2019-11-05,SAN CRISTÓBAL,-74.093231081,4.57880627200001,True,True,ANTONIO NARINO
10502284,2019-11-08,SAN CRISTÓBAL,-74.075329722,4.60794626699999,True,True,SANTA FE
10502287,2019-11-08,USAQUÉN,,,False,False,
10502293,2019-11-08,BARRIOS UNIDOS,-74.095837146,4.66769171300001,True,True,ENGATIVA
10502297,2019-11-08,BOSA,,,False,False,
10497972,2019-09-24,USAQUÉN,-74.048864744,4.73882583099999,True,True,SUBA
10498379,2019-09-29,TEUSAQUILLO,-74.080794573,4.62416182599998,True,True,LOS MARTIRES
10498757,2019-10-03,BARRIOS UNIDOS,-74.076125053,4.68639996500002,True,True,SUBA
10498772,2019-10-03,RAFAEL URIBE URIBE,-74.126679937,4.56671317899998,True,True,TUNJUELITO
10499544,2019-10-11,SAN CRISTÓBAL,-74.073381146,4.59012629300003,True,True,CANDELARIA
10499545,2019-10-11,USAQUÉN,-74.04457056,4.76507712900002,True,True,SUBA
10499940,2019-10-16,TUNJUELITO,-74.12552116,4.57939009900002,True,True,RAFAEL URIBE URIBE
10500334,2019-10-11,SAN CRISTÓBAL,-74.098681824,4.57464876799997,True,True,RAFAEL URIBE URIBE
10500744,2019-10-24,ENGATIVÁ,,,False,False,
10501145,2019-10-29,PUENTE ARANDA,-74.087728669,4.64643697000002,True,True,TEUSAQUILLO
10501147,2019-10-29,PUENTE ARANDA,-74.121058364,4.63263613999999,True,True,KENNEDY
10501151,2019-10-28,TUNJUELITO,-74.142253111,4.566613872,True,True,CIUDAD BOLIVAR
10501542,2019-10-30,SAN CRISTÓBAL,-74.100889058,4.56875322600001,True,True,RAFAEL URIBE URIBE
10501545,2019-10-31,PUENTE ARANDA,-74.084601787,4.62498777600001,True,True,TEUSAQUILLO
10501546,2019-10-31,ANTONIO NARIÑO,-74.078098533,4.60018081099997,True,True,SANTA FE
10501918,2019-11-05,SANTA FE,-74.065808581,4.599247091,True,True,CANDELARIA
10502309,2019-10-08,BARRIOS UNIDOS,-74.076125053,4.68639996500002,True,True,SUBA
10503528,2019-11-23,ANTONIO NARIÑO,-74.085277533,4.58959768900002,True,True,SANTA FE
10503535,2019-11-22,TEUSAQUILLO,,,False,False,
10503540,2019-11-22,FONTIBÓN,-74.117531831,4.67599215000001,True,True,ENGATIVA
10497608,2019-09-21,PUENTE ARANDA,-74.092446277,4.65041668100002,True,True,TEUSAQUILLO
10498390,2019-09-30,PUENTE ARANDA,-74.112884807,4.59414641799998,True,True,ANTONIO NARINO
10500350,2019-10-18,TEUSAQUILLO,-74.064414662,4.65147848399999,True,True,BARRIOS UNIDOS
10500370,2019-10-21,PUENTE ARANDA,-74.137636759,4.59578066799997,True,True,KENNEDY
10500753,2019-10-24,ANTONIO NARIÑO,-74.120428764,4.59507209999998,True,True,PUENTE ARANDA
10501167,2019-10-29,FONTIBÓN,,,False,False,
10501170,2019-10-28,SAN CRISTÓBAL,-74.106969288,4.55720263199998,True,True,RAFAEL URIBE URIBE
10501950,2019-11-06,SANTA FE,,,False,False,
10502722,2019-11-13,CIUDAD BOLÍVAR,-74.130731059,4.56178592399999,True,True,TUNJUELITO
10502723,2019-11-14,TEUSAQUILLO,-74.103409042,4.65383681999998,True,True,ENGATIVA
10502724,2019-11-14,USME,-74.136899055,4.54944675000002,True,True,CIUDAD BOLIVAR
10502735,2019-11-14,CHAPINERO,-74.06474336,4.649767408,True,True,BARRIOS UNIDOS
10502738,2019-11-14,USAQUÉN,-74.04761524,4.74493619700002,True,True,SUBA
10503551,2019-11-23,SAN CRISTÓBAL,,,False,False,
10503552,2019-11-22,SAN CRISTÓBAL,-74.100104374,4.56981567299999,True,True,RAFAEL URIBE URIBE
10503558,2019-11-22,RAFAEL URIBE URIBE,-74.132667523,4.58154125599998,True,True,TUNJUELITO
10503559,2019-11-21,PUENTE ARANDA,-74.11219271,4.64348636800003,True,True,FONTIBON
10503565,2019-11-21,TUNJUELITO,-74.161848085,4.59411338299998,True,True,CIUDAD BOLIVAR
10498819,2019-10-04,TEUSAQUILLO,-74.103298541,4.653672675,True,True,ENGATIVA
10500375,2019-10-21,USAQUÉN,-74.057214005,4.68739177499998,True,True,SUBA
10500379,2019-10-18,SAN CRISTÓBAL,-74.101454607,4.57766726300002,True,True,RAFAEL URIBE URIBE
10500800,2019-10-25,USAQUÉN,-74.05132325,4.72408214000001,True,True,SUBA
10503155,2019-11-18,FONTIBÓN,-74.116427845,4.67460568000001,True,True,ENGATIVA
10503575,2019-11-22,BOSA,,,False,False,
10503576,2019-11-22,TEUSAQUILLO,-74.068384727,4.62042034299998,True,True,SANTA FE
10503578,2019-11-23,TEUSAQUILLO,-74.099572869,4.65871387599998,True,True,ENGATIVA
10503579,2019-11-23,RAFAEL URIBE URIBE,-74.123018773,4.558818089,True,True,TUNJUELITO
10498853,2019-10-03,ENGATIVÁ,-74.135083405,4.70276650199997,True,True,FONTIBON
10499221,2019-10-05,RAFAEL URIBE URIBE,,,False,False,
10499228,2019-10-07,USAQUÉN,-74.041905775,4.780118093,True,True,SUBA
10499239,2019-10-08,FONTIBÓN,-74.115770048,4.63973929600002,True,True,PUENTE ARANDA
10499616,2019-10-12,TUNJUELITO,-74.126603148,4.56650563699998,True,True,RAFAEL URIBE URIBE
10500817,2019-10-25,SAN CRISTÓBAL,-74.095772297,4.57460183900002,True,True,RAFAEL URIBE URIBE
10500818,2019-10-24,SAN CRISTÓBAL,,,False,False,
10500819,2019-10-25,TUNJUELITO,-74.095395743,4.58531270399999,True,True,ANTONIO NARINO
10500821,2019-10-25,ANTONIO NARIÑO,-74.088588972,4.62381791299998,True,True,PUENTE ARANDA
10501610,2019-11-03,ENGATIVÁ,,,False,False,
10501617,2019-11-04,USME,-74.121086924,4.54585520500001,True,True,RAFAEL URIBE URIBE
10501623,2019-11-01,BOSA,,,False,False,
10501629,2019-11-04,SAN CRISTÓBAL,-74.098049144,4.57211227200003,True,True,RAFAEL URIBE URIBE
10502790,2019-11-14,CANDELARIA,-74.076119137,4.60872039600002,True,True,SANTA FE
10503179,2019-11-02,FONTIBÓN,-74.119278181,4.70778391599998,True,True,ENGATIVA
10498070,2019-09-26,PUENTE ARANDA,-74.130597898,4.60687479400002,True,True,KENNEDY
10498076,2019-09-26,USAQUÉN,-74.047699504,4.74606813499997,True,True,SUBA
10498857,2019-10-04,ANTONIO NARIÑO,-74.104778847,4.620432833,True,True,PUENTE ARANDA
10498860,2019-10-04,BOSA,-74.171817498,4.596054052,True,True,CIUDAD BOLIVAR
10498861,2019-10-04,USAQUÉN,,,False,False,
10498873,2019-10-02,PUENTE ARANDA,-74.101942519,4.60215340000002,True,True,LOS MARTIRES
10499246,2019-09-07,USAQUÉN,-74.071022508,4.726058352,True,True,SUBA
10499642,2019-10-14,CIUDAD BOLÍVAR,,,False,False,
10499654,2019-10-14,FONTIBÓN,-74.103409042,4.65383681999998,True,True,ENGATIVA
10499658,2019-10-13,BARRIOS UNIDOS,-74.089325173,4.67189324100002,True,True,ENGATIVA
10501637,2019-11-01,ANTONIO NARIÑO,-74.113572739,4.59658123899999,True,True,PUENTE ARANDA
10501638,2019-11-03,SANTA FE,-74.065764703,4.62597754000001,True,True,CHAPINERO
10501644,2019-11-03,TEUSAQUILLO,-74.101913394,4.63389076300001,True,True,PUENTE ARANDA
10501649,2019-11-04,USAQUÉN,-74.053661898,4.71003055300002,True,True,SUBA
10502420,2019-11-12,LOS MÁRTIRES,-74.095826921,4.60923680799999,True,True,PUENTE ARANDA
10502421,2019-11-12,SANTA FE,-74.081074371,4.59512095299999,True,True,CANDELARIA
10502423,2019-11-11,LOS MÁRTIRES,-74.084537274,4.597172075,True,True,SANTA FE
10503193,2019-11-18,RAFAEL URIBE URIBE,-74.08323246,4.56247889799999,True,True,SAN CRISTOBAL
10503204,2019-11-19,SAN CRISTÓBAL,-74.098880873,4.57120638499998,True,True,RAFAEL URIBE URIBE
10503208,2019-11-17,SAN CRISTÓBAL,-74.111665784,4.56458677500001,True,True,RAFAEL URIBE URIBE
10503211,2019-11-15,SAN CRISTÓBAL,-74.095244671,4.57622705,True,True,RAFAEL URIBE URIBE
10497714,2019-09-23,LOS MÁRTIRES,-74.088415808,4.61830814899997,True,True,PUENTE ARANDA
10498089,2019-09-26,TUNJUELITO,-74.127915927,4.58508997199999,True,True,RAFAEL URIBE URIBE
10498892,2019-10-04,BARRIOS UNIDOS,-74.078549702,4.646602019,True,True,TEUSAQUILLO
10500074,2019-10-15,SANTA FE,-74.065824599,4.59920763299999,True,True,CANDELARIA
10500860,2019-10-25,USAQUÉN,-74.045718942,4.68362551299998,True,True,CHAPINERO
10500864,2019-10-25,USAQUÉN,-74.054867846,4.70747956700001,True,True,SUBA
10500875,2019-10-25,ENGATIVÁ,,,False,False,
10501656,2019-11-04,USME,-74.126674282,4.56687075299999,True,True,TUNJUELITO
10501668,2019-11-03,PUENTE ARANDA,-74.122317218,4.62945680299998,True,True,KENNEDY
10501672,2019-11-01,BOSA,-74.177525225,4.62917551599998,True,True,KENNEDY
10501678,2019-10-31,ANTONIO NARIÑO,-74.116971844,4.59496499300002,True,True,PUENTE ARANDA
10502820,2019-11-15,SUBA,-74.034274657,4.69503392000001,True,True,USAQUEN
10503219,2019-11-19,BOSA,-74.167290588,4.59402831199998,True,True,CIUDAD BOLIVAR
10503220,2019-11-18,ENGATIVÁ,-74.121798241,4.69284677100001,True,True,FONTIBON
10503231,2019-11-18,LOS MÁRTIRES,-74.090732241,4.592529958,True,True,ANTONIO NARINO
10503654,2019-11-25,BARRIOS UNIDOS,-74.069372144,4.68985360300002,True,True,SUBA
10498909,2019-10-04,PUENTE ARANDA,-74.12668578,4.61722820199998,True,True,KENNEDY
10498920,2019-10-03,USAQUÉN,-74.043504801,4.68255125399997,True,True,CHAPINERO
10498922,2019-10-06,CHAPINERO,-74.071764209,4.62089605300002,True,True,TEUSAQUILLO
10498923,2019-10-03,PUENTE ARANDA,-74.125911167,4.61966310000003,True,True,KENNEDY
10498926,2019-10-06,BARRIOS UNIDOS,-74.077408183,4.63954481100001,True,True,TEUSAQUILLO
10500080,2019-10-17,SAN CRISTÓBAL,-74.06677802,4.60552235599999,True,True,SANTA FE
10500083,2019-10-17,USME,-74.136714996,4.55023881199998,True,True,CIUDAD BOLIVAR
10500084,2019-10-17,USAQUÉN,,,False,False,
10500087,2019-10-16,BOSA,-74.18022426,4.59673484699999,True,True,CIUDAD BOLIVAR
10500090,2019-10-17,CIUDAD BOLÍVAR,,,False,False,
10500885,2019-10-26,CHAPINERO,-74.06713789,4.63648654600001,True,True,TEUSAQUILLO
10500900,2019-10-27,CANDELARIA,-74.073373461,4.60149737900002,True,True,SANTA FE
10501683,2019-11-02,KENNEDY,,,False,False,
10501686,2019-10-31,BARRIOS UNIDOS,-74.079738012,4.64278704899999,True,True,TEUSAQUILLO
10501688,2019-11-04,PUENTE ARANDA,-74.127352224,4.61484100299998,True,True,KENNEDY
10501700,2019-10-22,CIUDAD BOLÍVAR,-74.141783233,4.58849772899998,True,True,TUNJUELITO
10502082,2019-11-07,TUNJUELITO,-74.07516559,4.634952962,True,True,TEUSAQUILLO
10502084,2019-11-08,SANTA FE,-74.080400499,4.59155584500002,True,True,CANDELARIA
10503664,2019-11-21,BOSA,-74.153770019,4.59646796599998,True,True,CIUDAD BOLIVAR
10503665,2019-11-24,KENNEDY,,,False,False,
10503669,2019-11-25,USME,-74.126684007,4.56680124899998,True,True,TUNJUELITO
10498160,2019-09-27,TUNJUELITO,-74.133735552,4.59430502700002,True,True,PUENTE ARANDA
10498163,2019-09-27,LOS MÁRTIRES,,,False,False,
10498945,2019-10-04,ENGATIVÁ,-74.094986284,4.66424327700003,True,True,TEUSAQUILLO
10498952,2019-10-06,RAFAEL URIBE URIBE,-74.126681584,4.56666272899997,True,True,TUNJUELITO
10500124,2019-10-16,BOSA,,,False,False,
10500512,2019-10-20,BOSA,-74.153681355,4.59645445899997,True,True,CIUDAD BOLIVAR
10500519,2019-10-21,TEUSAQUILLO,-74.088482035,4.66018822500001,True,True,BARRIOS UNIDOS
10500525,2019-10-20,SAN CRISTÓBAL,-74.107117949,4.55783391199998,True,True,RAFAEL URIBE URIBE
10500907,2019-10-27,BOSA,-74.158179833,4.59631985300001,True,True,CIUDAD BOLIVAR
10500917,2019-10-25,LOS MÁRTIRES,-74.103780296,4.60098530599998,True,True,PUENTE ARANDA
10500920,2019-10-27,KENNEDY,,,False,False,
10500926,2019-10-27,CHAPINERO,-74.060447637,4.66967242499999,True,True,BARRIOS UNIDOS
10501310,2019-10-30,SANTA FE,-74.067673446,4.594888551,True,True,CANDELARIA
10501326,2019-10-29,TEUSAQUILLO,-74.077612757,4.65792362899998,True,True,BARRIOS UNIDOS
10502094,2019-11-07,SANTA FE,-74.06578016,4.59930550399997,True,True,CANDELARIA
10502885,2019-11-16,CANDELARIA,-74.079239986,4.59836472199999,True,True,SANTA FE
10502886,2019-11-16,BARRIOS UNIDOS,-74.087827473,4.67446584100003,True,True,ENGATIVA
10498175,2019-09-26,CHAPINERO,-74.06848929,4.62868408399999,True,True,TEUSAQUILLO
10498179,2019-09-26,FONTIBÓN,-74.133502441,4.64927047200001,True,True,KENNEDY
10498184,2019-09-27,BOSA,-74.158317669,4.59630549899998,True,True,CIUDAD BOLIVAR
10498953,2019-10-05,LOS MÁRTIRES,-74.087543226,4.61946826899998,True,True,PUENTE ARANDA
10498958,2019-10-06,ANTONIO NARIÑO,-74.116250284,4.588369887,True,True,RAFAEL URIBE URIBE
10498960,2019-10-06,CANDELARIA,-74.062347343,4.60337549100001,True,True,SANTA FE
10498968,2019-10-05,RAFAEL URIBE URIBE,-74.13792806,4.58996356400002,True,True,TUNJUELITO
10499357,2019-10-09,BARRIOS UNIDOS,,,False,False,
10499363,2019-10-09,ANTONIO NARIÑO,-74.095879903,4.59405102900001,True,True,LOS MARTIRES
10499364,2019-10-08,FONTIBÓN,-74.112411142,4.667659474,True,True,ENGATIVA
10499369,2019-10-09,CHAPINERO,-74.065238464,4.647154532,True,True,TEUSAQUILLO
10500130,2019-10-18,KENNEDY,-74.18519891,4.61774351600002,True,True,BOSA
10500527,2019-10-20,USME,-74.056350278,4.667844511,True,True,CHAPINERO
10500540,2019-10-21,ANTONIO NARIÑO,-74.089797765,4.582106963,True,True,SAN CRISTOBAL
10500544,2019-10-22,SAN CRISTÓBAL,-74.106251,4.54270209100002,True,True,RAFAEL URIBE URIBE
10500944,2019-10-26,LOS MÁRTIRES,-74.105394605,4.59965772700002,True,True,PUENTE ARANDA
10502895,2019-11-17,CHAPINERO,-74.057214005,4.68739177499998,True,True,SUBA
10503305,2019-11-19,ENGATIVÁ,,,False,False,
10503310,2019-11-18,TUNJUELITO,-74.126188328,4.59381775499998,True,True,PUENTE ARANDA
10499376,2019-10-08,ENGATIVÁ,-74.101519985,4.65581974000003,True,True,TEUSAQUILLO
10499379,2019-10-09,SAN CRISTÓBAL,-74.07084673,4.61045768499997,True,True,SANTA FE
10499380,2019-10-09,FONTIBÓN,-74.103298541,4.653672675,True,True,ENGATIVA
10500161,2019-10-18,ANTONIO NARIÑO,-74.1271104,4.59370221699999,True,True,PUENTE ARANDA
10501765,2019-11-05,PUENTE ARANDA,-74.136848115,4.59742619799999,True,True,KENNEDY
10501770,2019-11-05,PUENTE ARANDA,-74.084468316,4.59714179500003,True,True,SANTA FE
10501773,2019-11-05,SAN CRISTÓBAL,-74.065299351,4.60459500299999,True,True,SANTA FE
10501774,2019-11-03,PUENTE ARANDA,-74.126591942,4.617531896,True,True,KENNEDY
10501775,2019-11-05,ANTONIO NARIÑO,-74.090507835,4.571787449,True,True,SAN CRISTOBAL
10503320,2019-11-20,BOSA,,,False,False,
10498217,2019-09-27,BARRIOS UNIDOS,-74.081423332,4.68211103599998,True,True,ENGATIVA
10498234,2019-09-26,SAN CRISTÓBAL,,,False,False,
10499791,2019-10-15,FONTIBÓN,-74.118413055,4.68859429499997,True,True,ENGATIVA
10500177,2019-10-18,RAFAEL URIBE URIBE,-74.086427155,4.58682655799998,True,True,SAN CRISTOBAL
10500592,2019-09-27,SAN CRISTÓBAL,-74.099301904,4.57073698599999,True,True,RAFAEL URIBE URIBE
10500987,2019-10-27,USAQUÉN,-74.04287772,4.66598149599997,True,True,CHAPINERO
10500989,2019-10-28,CIUDAD BOLÍVAR,-74.138876269,4.56706917499997,True,True,TUNJUELITO
10500998,2019-10-28,TUNJUELITO,-74.12974494,4.59375067299999,True,True,PUENTE ARANDA
10501401,2019-10-30,USAQUÉN,-74.057214005,4.68739177499998,True,True,SUBA
10501781,2019-11-04,USAQUÉN,-74.04273474,4.77574516099997,True,True,SUBA
10501782,2019-11-05,KENNEDY,-74.116430906,4.653083804,True,True,FONTIBON
10501783,2019-11-04,KENNEDY,,,False,False,
10501786,2019-11-04,BOSA,-74.16530955,4.59561175900001,True,True,CIUDAD BOLIVAR
10503352,2019-11-20,TUNJUELITO,-74.12974494,4.59375067299999,True,True,PUENTE ARANDA
10504165,2019-12-02,SAN CRISTÓBAL,-74.068688336,4.61719643399999,True,True,SANTA FE
10504568,2019-12-06,PUENTE ARANDA,-74.130317556,4.60727870599999,True,True,KENNEDY
10504978,2019-12-09,ANTONIO NARIÑO,-74.089797765,4.582106963,True,True,SAN CRISTOBAL
10505759,2019-12-15,BARRIOS UNIDOS,-74.052596957,4.66253790799999,True,True,CHAPINERO
10506592,2019-12-24,BOSA,-74.164218321,4.59553169100002,True,True,CIUDAD BOLIVAR
10507386,2019-12-31,USAQUÉN,-74.057455956,4.68328191000001,True,True,CHAPINERO
10509339,2020-01-27,BARRIOS UNIDOS,-74.094986284,4.66424327700003,True,True,TEUSAQUILLO
10509342,2020-01-28,LOS MÁRTIRES,-74.105394605,4.59965772700002,True,True,PUENTE ARANDA
10509352,2020-01-28,CHAPINERO,-74.061260858,4.67719088199999,True,True,BARRIOS UNIDOS
10509771,2020-01-31,USME,-74.104713192,4.54777776600002,True,True,RAFAEL URIBE URIBE
10509777,2020-01-31,SAN CRISTÓBAL,-74.105381178,4.57972388299999,True,True,RAFAEL URIBE URIBE
10505377,2019-12-12,PUENTE ARANDA,-74.1224637,4.62917093800002,True,True,KENNEDY
10505391,2019-12-13,RAFAEL URIBE URIBE,-74.0986251,4.54434691699998,True,True,SAN CRISTOBAL
10506196,2019-12-19,RAFAEL URIBE URIBE,,,False,False,
10506200,2019-12-19,TEUSAQUILLO,-74.076591268,4.65184577000002,True,True,BARRIOS UNIDOS
10506596,2019-12-22,USME,,,False,False,
10506598,2019-12-22,BOSA,,,False,False,
10506599,2019-12-22,RAFAEL URIBE URIBE,-74.114415174,4.58848010100002,True,True,ANTONIO NARINO
10507777,2020-01-09,BARRIOS UNIDOS,-74.089375649,4.671960662,True,True,ENGATIVA
10507786,2020-01-08,CIUDAD BOLÍVAR,-74.098802062,4.54418603400001,True,True,SAN CRISTOBAL
10507794,2020-01-08,RAFAEL URIBE URIBE,-74.127041228,4.56983019,True,True,TUNJUELITO
10508191,2020-01-13,BARRIOS UNIDOS,-74.073371612,4.68851982899997,True,True,SUBA
10509357,2020-01-28,SAN CRISTÓBAL,-74.092913948,4.57814034799998,True,True,ANTONIO NARINO
10509361,2020-01-27,USAQUÉN,-74.038589086,4.67954772899998,True,True,CHAPINERO
10509802,2020-02-03,ANTONIO NARIÑO,-74.116990108,4.59486529100002,True,True,PUENTE ARANDA
10504232,2019-11-30,LOS MÁRTIRES,-74.082750593,4.59939001599997,True,True,SANTA FE
10504623,2019-12-05,TUNJUELITO,,,False,False,
10504624,2019-12-04,BOSA,-74.102569923,4.70397238599998,True,True,ENGATIVA
10505810,2019-12-13,TEUSAQUILLO,,,False,False,
10506212,2019-12-18,BOSA,-74.15367794,4.59644206600001,True,True,CIUDAD BOLIVAR
10507015,2019-12-27,CANDELARIA,-74.07476059,4.60515394200002,True,True,SANTA FE
10507017,2019-12-27,RAFAEL URIBE URIBE,-74.12304133,4.558844357,True,True,TUNJUELITO
10507020,2019-12-27,CIUDAD BOLÍVAR,-74.116846016,4.515815051,True,True,USME
10507022,2019-12-27,TUNJUELITO,-74.127049521,4.57897622299998,True,True,RAFAEL URIBE URIBE
10507025,2019-12-27,FONTIBÓN,-74.114266004,4.64116730699999,True,True,PUENTE ARANDA
10507030,2019-12-24,CANDELARIA,-74.077527591,4.60096862,True,True,SANTA FE
10507032,2019-12-27,BOSA,-74.175710894,4.59662066800001,True,True,CIUDAD BOLIVAR
10508606,2020-01-18,ANTONIO NARIÑO,-74.102847015,4.59498206000001,True,True,LOS MARTIRES
10510221,2020-02-04,TEUSAQUILLO,-74.088796367,4.62523336599997,True,True,PUENTE ARANDA
10504641,2019-12-05,KENNEDY,,,False,False,
10504647,2019-12-04,ANTONIO NARIÑO,-74.110145004,4.58863976800001,True,True,RAFAEL URIBE URIBE
10507045,2019-12-28,RAFAEL URIBE URIBE,-74.0943973,4.570774443,True,True,SAN CRISTOBAL
10507048,2019-12-29,CIUDAD BOLÍVAR,-74.077494566,4.66517486200001,True,True,BARRIOS UNIDOS
10507052,2019-12-28,SANTA FE,-74.081074371,4.59512095299999,True,True,CANDELARIA
10507061,2019-12-29,PUENTE ARANDA,-74.12334381,4.62705227200001,True,True,KENNEDY
10509422,2020-01-29,USAQUÉN,-74.045466253,4.76524214900002,True,True,SUBA
10510260,2020-02-07,USME,-74.118106161,4.54347360999998,True,True,RAFAEL URIBE URIBE
10507472,2020-01-03,CIUDAD BOLÍVAR,-74.176127432,4.59698306400003,True,True,BOSA
10508262,2020-01-15,USAQUÉN,-74.049768117,4.73202213299999,True,True,SUBA
10508263,2020-01-15,SANTA FE,-74.081074371,4.59512095299999,True,True,CANDELARIA
10509048,2020-01-24,USAQUÉN,-74.046726893,4.75151613600002,True,True,SUBA
10509049,2020-01-23,USAQUÉN,-74.048628064,4.68500051799998,True,True,CHAPINERO
10509439,2020-01-29,SAN CRISTÓBAL,-74.124376266,4.57963071699999,True,True,RAFAEL URIBE URIBE
10509441,2020-01-29,SANTA FE,-74.093266177,4.615733863,True,True,PUENTE ARANDA
10509445,2020-01-29,SUBA,-74.06539692,4.68904560499999,True,True,BARRIOS UNIDOS
10510225,2020-02-06,USME,,,False,False,
10510227,2020-01-31,PUENTE ARANDA,-74.086775361,4.62559581800002,True,True,TEUSAQUILLO
10510231,2020-02-06,TEUSAQUILLO,-74.068825993,4.62535511999999,True,True,SANTA FE
10510242,2020-02-04,PUENTE ARANDA,-74.102274788,4.58125097300001,True,True,ANTONIO NARINO
10505096,2019-12-10,USME,-74.121397363,4.55364826499999,True,True,TUNJUELITO
10505882,2019-12-17,PUENTE ARANDA,-74.120005676,4.63872516700002,True,True,FONTIBON
10505885,2019-12-16,ANTONIO NARIÑO,-74.113453546,4.59597957599999,True,True,PUENTE ARANDA
10506695,2019-12-20,KENNEDY,,,False,False,
10506707,2019-12-24,USAQUÉN,-74.053340529,4.712246279,True,True,SUBA
10507488,2020-01-04,BOSA,,,False,False,
10507494,2020-01-01,RAFAEL URIBE URIBE,-74.126713766,4.56872712199998,True,True,TUNJUELITO
10507497,2020-01-06,SAN CRISTÓBAL,-74.122958597,4.57497441700002,True,True,RAFAEL URIBE URIBE
10507897,2020-01-10,USME,-74.121400816,4.55369719700002,True,True,TUNJUELITO
10508282,2020-01-13,KENNEDY,,,False,False,
10508288,2020-01-15,KENNEDY,,,False,False,
10508668,2020-01-21,TUNJUELITO,-74.141390237,4.59572660100002,True,True,KENNEDY
10508683,2020-01-21,FONTIBÓN,-74.120750314,4.63876589400002,True,True,KENNEDY
10508689,2020-01-21,SAN CRISTÓBAL,-74.092797001,4.578295422,True,True,ANTONIO NARINO
10508690,2020-01-21,USME,-74.136969882,4.55362350399997,True,True,CIUDAD BOLIVAR
10509082,2020-01-25,SAN CRISTÓBAL,-74.066917641,4.643539154,True,True,TEUSAQUILLO
10503913,2019-11-27,ENGATIVÁ,-74.073637839,4.65586918100001,True,True,BARRIOS UNIDOS
10505111,2019-12-09,SANTA FE,-74.078754597,4.60527914900001,True,True,LOS MARTIRES
10505113,2019-12-10,ANTONIO NARIÑO,-74.12317332,4.59373628200001,True,True,PUENTE ARANDA
10505115,2019-12-10,CIUDAD BOLÍVAR,-74.162085,4.59646424200002,True,True,BOSA
10506725,2019-12-24,CIUDAD BOLÍVAR,-74.123128613,4.55764676199999,True,True,TUNJUELITO
10507515,2020-01-06,PUENTE ARANDA,-74.136828404,4.59696578500001,True,True,KENNEDY
10507525,2020-01-06,USAQUÉN,-74.045311207,4.76052284799999,True,True,SUBA
10507526,2020-01-04,BOSA,-74.179531887,4.57779777899998,True,True,CIUDAD BOLIVAR
10507527,2020-01-06,BOSA,,,False,False,
10508691,2020-01-21,SAN CRISTÓBAL,-74.061537718,4.64051718899998,True,True,CHAPINERO
10509097,2020-01-25,LOS MÁRTIRES,-74.085979293,4.62129399899999,True,True,PUENTE ARANDA
10504340,2019-12-03,USAQUÉN,,,False,False,
10504344,2019-12-03,SAN CRISTÓBAL,-74.10200027,4.56737889700003,True,True,RAFAEL URIBE URIBE
10505538,2019-12-12,BOSA,,,False,False,
10507533,2020-01-06,PUENTE ARANDA,-74.130597898,4.60687479400002,True,True,KENNEDY
10508344,2020-01-15,TEUSAQUILLO,-74.103409042,4.65383681999998,True,True,ENGATIVA
10509113,2020-01-25,BARRIOS UNIDOS,-74.089112531,4.65993107200001,True,True,TEUSAQUILLO
10509117,2020-01-26,SAN CRISTÓBAL,-74.108071915,4.56390120499998,True,True,RAFAEL URIBE URIBE
10509130,2020-01-26,SAN CRISTÓBAL,-74.124854666,4.562809727,True,True,RAFAEL URIBE URIBE
10509956,2020-02-04,RAFAEL URIBE URIBE,-74.085450819,4.53487905999998,True,True,SAN CRISTOBAL
10503980,2019-11-28,TEUSAQUILLO,-74.07927786,4.65218922499997,True,True,BARRIOS UNIDOS
10503981,2019-11-28,CIUDAD BOLÍVAR,-74.138036559,4.56707997500001,True,True,TUNJUELITO
10504360,2019-12-03,PUENTE ARANDA,-74.065290036,4.59986373499999,True,True,CANDELARIA
10504361,2019-12-02,LOS MÁRTIRES,-74.096214094,4.60876177599999,True,True,PUENTE ARANDA
10504364,2019-12-02,RAFAEL URIBE URIBE,-74.136040812,4.583648928,True,True,TUNJUELITO
10505176,2019-12-07,SANTA FE,-74.081074371,4.59512095299999,True,True,CANDELARIA
10505557,2019-12-12,SAN CRISTÓBAL,-74.062431338,4.65061146800002,True,True,CHAPINERO
10505559,2019-12-12,KENNEDY,-74.179592013,4.62497211300001,True,True,BOSA
10509137,2020-01-25,ANTONIO NARIÑO,-74.109916296,4.58864305399999,True,True,RAFAEL URIBE URIBE
10509547,2020-01-30,TEUSAQUILLO,-74.108348039,4.64731498899999,True,True,FONTIBON
10509558,2020-01-30,BOSA,-74.177658965,4.62946966200002,True,True,KENNEDY
10503993,2019-11-27,KENNEDY,-74.111113299,4.65705178399998,True,True,FONTIBON
10504000,2019-11-28,SANTA FE,-74.060089926,4.602231577,True,True,CANDELARIA
10505580,2019-12-14,TUNJUELITO,-74.12974494,4.59375067299999,True,True,PUENTE ARANDA
10505597,2019-12-14,BOSA,,,False,False,
10505602,2019-12-11,SAN CRISTÓBAL,,,False,False,
10506393,2019-12-19,USAQUÉN,-74.054330849,4.70489177500002,True,True,SUBA
10506403,2019-12-20,SAN CRISTÓBAL,-74.071591048,4.610854351,True,True,SANTA FE
10506408,2019-12-20,FONTIBÓN,-74.063812721,4.67620479499999,True,True,BARRIOS UNIDOS
10507995,2020-01-12,TUNJUELITO,-74.138704729,4.56236394500002,True,True,CIUDAD BOLIVAR
10507996,2020-01-11,ANTONIO NARIÑO,-74.102925793,4.59488389500001,True,True,LOS MARTIRES
10508387,2020-01-15,SANTA FE,-74.074086737,4.59631230299999,True,True,CANDELARIA
10504820,2019-12-06,SAN CRISTÓBAL,-74.064440822,4.65607081000002,True,True,BARRIOS UNIDOS
10505611,2019-10-14,CANDELARIA,-74.078108544,4.600165156,True,True,SANTA FE
10505614,2019-12-14,FONTIBÓN,,,False,False,
10505615,2019-12-14,FONTIBÓN,,,False,False,
10506027,2019-12-18,RAFAEL URIBE URIBE,-74.125419403,4.56180683999997,True,True,TUNJUELITO
10506030,2019-12-18,PUENTE ARANDA,-74.094700564,4.57577423999999,True,True,RAFAEL URIBE URIBE
10506418,2019-12-21,FONTIBÓN,-74.112411142,4.667659474,True,True,ENGATIVA
10506425,2019-12-20,SANTA FE,-74.078482006,4.59913676999997,True,True,CANDELARIA
10507225,2019-12-30,RAFAEL URIBE URIBE,-74.102015745,4.55158123500001,True,True,SAN CRISTOBAL
10507228,2019-12-30,RAFAEL URIBE URIBE,-74.102479811,4.58138084799998,True,True,ANTONIO NARINO
10508009,2020-01-12,ENGATIVÁ,,,False,False,
10508018,2020-01-11,BOSA,,,False,False,
10508020,2020-01-11,ANTONIO NARIÑO,,,False,False,
10508814,2020-01-21,ANTONIO NARIÑO,-74.121396143,4.58461861199999,True,True,RAFAEL URIBE URIBE
10504836,2019-12-07,SANTA FE,-74.065717442,4.59939243999997,True,True,CANDELARIA
10504840,2019-12-07,SAN CRISTÓBAL,-74.06677802,4.60552235599999,True,True,SANTA FE
10504847,2019-12-07,TUNJUELITO,-74.147905661,4.59533244300002,True,True,KENNEDY
10504851,2019-12-06,TEUSAQUILLO,-74.06986962,4.65168601900001,True,True,BARRIOS UNIDOS
10505240,2019-12-11,TEUSAQUILLO,-74.106597793,4.64963436699998,True,True,FONTIBON
10505634,2019-12-13,TUNJUELITO,-74.133223774,4.59418849899998,True,True,PUENTE ARANDA
10505639,2019-12-14,BOSA,,,False,False,
10506043,2019-12-17,BOSA,-74.182291806,4.591072903,True,True,CIUDAD BOLIVAR
10506050,2019-12-17,PUENTE ARANDA,-74.112417312,4.59447715099998,True,True,ANTONIO NARINO
10508029,2020-01-11,USME,-74.121133399,4.54714372400002,True,True,RAFAEL URIBE URIBE
10508035,2020-01-10,LOS MÁRTIRES,-74.097684815,4.60729177100001,True,True,PUENTE ARANDA
10508040,2020-01-12,BARRIOS UNIDOS,-74.073371612,4.68851982899997,True,True,SUBA
10508815,2020-01-20,SUBA,-74.045345735,4.72671683300001,True,True,USAQUEN
10508818,2020-01-21,BARRIOS UNIDOS,-74.103298541,4.653672675,True,True,ENGATIVA
10508830,2020-01-21,BOSA,-74.161318265,4.595727549,True,True,CIUDAD BOLIVAR
10509229,2020-01-08,BARRIOS UNIDOS,-74.081632392,4.643402036,True,True,TEUSAQUILLO
10509632,2020-01-30,USAQUÉN,-74.048628064,4.68500051799998,True,True,CHAPINERO
10509633,2020-01-30,TUNJUELITO,-74.130911434,4.59385582700003,True,True,PUENTE ARANDA
10509635,2020-01-30,USME,-74.138540084,4.55262533899997,True,True,CIUDAD BOLIVAR
10504066,2019-11-29,SUBA,-74.02858218,4.72089209400002,True,True,USAQUEN
10504068,2019-11-29,CHAPINERO,-74.068820532,4.651474269,True,True,BARRIOS UNIDOS
10504072,2019-11-29,TEUSAQUILLO,-74.06558825,4.64408994199999,True,True,CHAPINERO
10504073,2019-11-29,BOSA,-74.168879507,4.59581719400001,True,True,CIUDAD BOLIVAR
10504083,2019-11-29,TEUSAQUILLO,,,False,False,
10504089,2019-11-30,PUENTE ARANDA,-74.119544579,4.63622036800001,True,True,KENNEDY
10504460,2019-12-04,SUBA,,,False,False,
10504471,2019-12-03,PUENTE ARANDA,-74.122360783,4.58972539799998,True,True,ANTONIO NARINO
10504868,2019-12-08,SAN CRISTÓBAL,-74.092797001,4.578295422,True,True,ANTONIO NARINO
10505258,2019-12-11,SAN CRISTÓBAL,,,False,False,
10505262,2019-12-10,TEUSAQUILLO,-74.079084083,4.65215191200002,True,True,BARRIOS UNIDOS
10506060,2019-12-18,ENGATIVÁ,-74.114012164,4.50808832799999,True,True,USME
10506870,2019-12-25,KENNEDY,-74.13655318,4.65884068899999,True,True,FONTIBON
10508449,2020-01-15,TUNJUELITO,-74.153621407,4.58106577500001,True,True,CIUDAD BOLIVAR
10508467,2020-01-17,ENGATIVÁ,,,False,False,
10509233,2020-01-27,PUENTE ARANDA,-74.127675485,4.61407558000002,True,True,KENNEDY
10509236,2020-01-27,ANTONIO NARIÑO,-74.102722345,4.58138299799998,True,True,RAFAEL URIBE URIBE
10509239,2020-01-27,SAN CRISTÓBAL,-74.124537111,4.58576331799998,True,True,RAFAEL URIBE URIBE
10509648,2020-01-31,USME,-74.055318428,4.67150123200003,True,True,CHAPINERO
10509656,2020-01-31,SAN CRISTÓBAL,-74.078239209,4.60251531599999,True,True,SANTA FE
10509664,2020-01-31,TEUSAQUILLO,-74.066848176,4.63643485199998,True,True,CHAPINERO
10504090,2019-11-28,SUBA,-74.054543708,4.70060368899999,True,True,USAQUEN
10504100,2019-11-29,TEUSAQUILLO,,,False,False,
10504103,2019-12-01,SAN CRISTÓBAL,-74.070411913,4.59182340000001,True,True,CANDELARIA
10504104,2019-11-30,USME,-74.056481636,4.669090907,True,True,CHAPINERO
10506890,2019-12-23,TUNJUELITO,-74.129703045,4.59376582499999,True,True,PUENTE ARANDA
10506892,2019-12-25,BARRIOS UNIDOS,-74.060447563,4.66602514499999,True,True,CHAPINERO
10507679,2020-01-07,KENNEDY,-74.131339605,4.66501690400003,True,True,FONTIBON
10507680,2020-01-08,CHAPINERO,-74.03062951,4.67675838700001,True,True,USAQUEN
10507681,2020-01-07,CANDELARIA,-74.076784916,4.60219963499998,True,True,SANTA FE
10507689,2020-01-07,BOSA,-74.158051869,4.596013121,True,True,CIUDAD BOLIVAR
10508479,2020-01-19,ENGATIVÁ,-74.129301275,4.69840484999997,True,True,FONTIBON
10508482,2020-01-18,SANTA FE,-74.065605435,4.59950862099998,True,True,CANDELARIA
10508486,2020-01-18,ANTONIO NARIÑO,-74.096557636,4.577152496,True,True,RAFAEL URIBE URIBE
10508488,2020-01-18,ANTONIO NARIÑO,-74.121803497,4.59418818500001,True,True,PUENTE ARANDA
10508494,2020-01-19,TUNJUELITO,-74.126582115,4.56639553899998,True,True,RAFAEL URIBE URIBE
10509676,2020-02-01,BARRIOS UNIDOS,-74.087827473,4.67446584100003,True,True,ENGATIVA
10509677,2020-02-02,PUENTE ARANDA,-74.090939237,4.61509314699998,True,True,LOS MARTIRES
10509683,2020-02-01,KENNEDY,-74.135691939,4.65955042799999,True,True,FONTIBON
10510087,2020-02-05,TEUSAQUILLO,-74.103298541,4.653672675,True,True,ENGATIVA
10510090,2020-02-04,ANTONIO NARIÑO,-74.102925793,4.59488389500001,True,True,LOS MARTIRES
10504118,2019-11-30,ENGATIVÁ,-74.130189244,4.69906883099998,True,True,FONTIBON
10504120,2019-11-29,CIUDAD BOLÍVAR,,,False,False,
10504136,2019-11-30,BARRIOS UNIDOS,,,False,False,
10506536,2019-12-20,USAQUÉN,-74.051403297,4.72227311900002,True,True,SUBA
10508115,2020-01-12,BOSA,,,False,False,
10508117,2020-01-13,LOS MÁRTIRES,-74.091813107,4.614279318,True,True,PUENTE ARANDA
10509700,2020-02-01,TUNJUELITO,-74.122295329,4.58724737,True,True,RAFAEL URIBE URIBE
10509707,2020-02-01,USAQUÉN,-74.052283348,4.71809595500002,True,True,SUBA
10510101,2020-02-04,BOSA,,,False,False,
10510102,2020-02-04,BARRIOS UNIDOS,-74.060072398,4.66814012899999,True,True,CHAPINERO
10504140,2019-11-29,PUENTE ARANDA,-74.135761279,4.59892139800002,True,True,KENNEDY
10504153,2019-12-01,CHAPINERO,,,False,False,
10504154,2019-12-01,SAN CRISTÓBAL,-74.0904257,4.58146596699999,True,True,ANTONIO NARINO
10504157,2019-12-01,KENNEDY,-74.178953708,4.62423654499997,True,True,BOSA
10505742,2019-12-16,LOS MÁRTIRES,-74.085652861,4.59571468500002,True,True,SANTA FE
10505747,2019-12-16,ANTONIO NARIÑO,-74.113262782,4.59606244600002,True,True,PUENTE ARANDA
10507360,2019-12-31,BARRIOS UNIDOS,-74.073371612,4.68851982899997,True,True,SUBA
10507365,2019-12-31,TUNJUELITO,,,False,False,
10508534,2020-01-20,RAFAEL URIBE URIBE,-74.093614527,4.56824822700003,True,True,SAN CRISTOBAL
10508535,2020-01-19,SANTA FE,-74.081062408,4.58604562099998,True,True,SAN CRISTOBAL
10508538,2020-01-20,TEUSAQUILLO,-74.072379591,4.651108115,True,True,BARRIOS UNIDOS
10508541,2020-01-20,TEUSAQUILLO,-74.072379591,4.651108115,True,True,BARRIOS UNIDOS
10508544,2020-01-19,SANTA FE,-74.071236758,4.59037008500002,True,True,CANDELARIA
10516047,2020-05-29,ANTONIO NARIÑO,-74.103780296,4.60098530599998,True,True,PUENTE ARANDA
10516064,2020-05-30,TEUSAQUILLO,,,False,False,
10516486,2020-06-03,ENGATIVÁ,-74.128385009,4.69772047399999,True,True,FONTIBON
10516488,2020-06-06,TUNJUELITO,-74.152825471,4.596095236,True,True,CIUDAD BOLIVAR
10512553,2020-03-01,USME,-74.058629777,4.66375042499999,True,True,CHAPINERO
10513737,2020-03-11,RAFAEL URIBE URIBE,-74.124243895,4.56072474600001,True,True,TUNJUELITO
10513748,2020-03-12,BOSA,,,False,False,
10514529,2020-04-17,KENNEDY,-74.118033105,4.65110564999998,True,True,FONTIBON
10514550,2020-04-07,BOSA,-74.17648866,4.61376878200002,True,True,KENNEDY
10515285,2020-05-06,USAQUÉN,-74.044535107,4.76498495599998,True,True,SUBA
10515656,2020-05-19,LOS MÁRTIRES,-74.084537274,4.597172075,True,True,SANTA FE
10515664,2020-05-19,PUENTE ARANDA,-74.119544579,4.63622036800001,True,True,KENNEDY
10516501,2020-06-05,SAN CRISTÓBAL,-74.062549146,4.616699466,True,True,SANTA FE
10516505,2020-06-06,USME,-74.121084338,4.546154667,True,True,RAFAEL URIBE URIBE
10510962,2020-02-02,BARRIOS UNIDOS,,,False,False,
10511365,2020-02-17,TUNJUELITO,-74.1285367,4.593355514,True,True,PUENTE ARANDA
10511779,2020-02-22,USME,-74.121087703,4.54583760499997,True,True,RAFAEL URIBE URIBE
10512166,2020-02-27,RAFAEL URIBE URIBE,-74.125902866,4.56509358900001,True,True,TUNJUELITO
10512167,2020-02-27,USME,-74.097963591,4.68331380199999,True,True,ENGATIVA
10512171,2020-02-26,BARRIOS UNIDOS,-74.088163287,4.67403524700001,True,True,ENGATIVA
10512558,2020-03-02,ENGATIVÁ,-74.135083405,4.70276650199997,True,True,FONTIBON
10512560,2020-03-02,TEUSAQUILLO,-74.067032698,4.63646773300002,True,True,CHAPINERO
10512573,2020-03-01,SANTA FE,-74.087827531,4.60250142899997,True,True,LOS MARTIRES
10512979,2020-03-05,PUENTE ARANDA,-74.100542022,4.60344227000002,True,True,LOS MARTIRES
10514564,2020-04-09,BARRIOS UNIDOS,-74.094370034,4.66673135299999,True,True,ENGATIVA
10514573,2020-04-18,TEUSAQUILLO,-74.106597793,4.64963436699998,True,True,FONTIBON
10515303,2020-05-04,LOS MÁRTIRES,-74.080374793,4.60275636,True,True,SANTA FE
10515679,2020-05-09,PUENTE ARANDA,-74.091170529,4.61459845399997,True,True,LOS MARTIRES
10516094,2020-05-31,SAN CRISTÓBAL,-74.108871124,4.54618892899998,True,True,RAFAEL URIBE URIBE
10516095,2020-05-30,ANTONIO NARIÑO,-74.119393108,4.58136882999997,True,True,RAFAEL URIBE URIBE
10516097,2020-05-30,CIUDAD BOLÍVAR,-74.162013161,4.60024254299998,True,True,BOSA
10516118,2020-05-30,USME,,,False,False,
10516121,2020-05-31,SAN CRISTÓBAL,-74.063800694,4.65711244800002,True,True,BARRIOS UNIDOS
10516518,2020-06-05,KENNEDY,-74.136625687,4.550713976,True,True,CIUDAD BOLIVAR
10516521,2020-06-07,CIUDAD BOLÍVAR,-74.145138114,4.59093451400003,True,True,TUNJUELITO
10516523,2020-06-07,FONTIBÓN,-74.139043645,4.56240649,True,True,CIUDAD BOLIVAR
10516540,2020-05-09,KENNEDY,,,False,False,
10516541,2020-06-09,PUENTE ARANDA,-74.125643395,4.620485406,True,True,KENNEDY
10510585,2020-02-09,BOSA,,,False,False,
10510588,2020-02-10,ANTONIO NARIÑO,-74.11101767,4.59803022,True,True,PUENTE ARANDA
10511005,2020-02-14,PUENTE ARANDA,-74.127625675,4.61424087799998,True,True,KENNEDY
10511383,2020-02-18,TEUSAQUILLO,-74.084633391,4.62311468399997,True,True,PUENTE ARANDA
10512189,2020-02-26,SANTA FE,-74.081074371,4.59512095299999,True,True,CANDELARIA
10512194,2020-02-27,ANTONIO NARIÑO,,,False,False,
10512198,2020-02-28,TUNJUELITO,-74.124854414,4.56272961600001,True,True,RAFAEL URIBE URIBE
10512206,2020-02-27,SANTA FE,-74.063739071,4.60089889400001,True,True,CANDELARIA
10512982,2020-03-03,SANTA FE,-74.088755671,4.59166626299998,True,True,ANTONIO NARINO
10512993,2020-03-05,TUNJUELITO,-74.136659843,4.55283311300002,True,True,CIUDAD BOLIVAR
10512998,2020-03-04,ANTONIO NARIÑO,-74.113746841,4.59681123299998,True,True,PUENTE ARANDA
10513001,2020-03-04,TEUSAQUILLO,-74.108348039,4.64731498899999,True,True,FONTIBON
10513799,2020-03-13,CHAPINERO,-74.072145894,4.65316345100001,True,True,BARRIOS UNIDOS
10514583,2020-04-20,RAFAEL URIBE URIBE,-74.126009921,4.56837244100001,True,True,TUNJUELITO
10514592,2020-04-19,BOSA,-74.161560559,4.60681058199998,True,True,KENNEDY
10514948,2020-03-28,TEUSAQUILLO,-74.084597241,4.62315682899998,True,True,PUENTE ARANDA
10516122,2020-05-30,KENNEDY,,,False,False,
10516124,2020-05-31,RAFAEL URIBE URIBE,-74.100833026,4.56867290999998,True,True,SAN CRISTOBAL
10516125,2020-05-31,TUNJUELITO,-74.12851801,4.586709988,True,True,RAFAEL URIBE URIBE
10516142,2020-05-31,SAN CRISTÓBAL,-74.125100274,4.55745045200001,True,True,TUNJUELITO
10516561,2020-06-07,PUENTE ARANDA,-74.136252777,4.59783598199999,True,True,KENNEDY
10516567,2020-06-08,USAQUÉN,-74.053295102,4.71228344100001,True,True,SUBA
10510606,2020-02-11,ANTONIO NARIÑO,-74.10498874,4.59670650999999,True,True,LOS MARTIRES
10510612,2020-02-10,ENGATIVÁ,-74.093266306,4.752293189,True,True,SUBA
10510620,2020-02-09,SAN CRISTÓBAL,-74.097078685,4.57319579699998,True,True,RAFAEL URIBE URIBE
10511006,2020-02-13,CIUDAD BOLÍVAR,-74.138039591,4.567059239,True,True,TUNJUELITO
10511408,2019-09-27,ANTONIO NARIÑO,-74.135369018,4.59455393000002,True,True,PUENTE ARANDA
10513814,2020-03-13,USAQUÉN,-74.051847394,4.72092381099998,True,True,SUBA
10513825,2020-03-13,BARRIOS UNIDOS,-74.067744445,4.65012667100001,True,True,TEUSAQUILLO
10514981,2020-04-24,PUENTE ARANDA,-74.134839207,4.60049411699998,True,True,KENNEDY
10514985,2020-04-26,KENNEDY,-74.13566271,4.65949695099999,True,True,FONTIBON
10514986,2020-04-24,PUENTE ARANDA,,,False,False,
10515725,2020-05-17,TUNJUELITO,-74.127333052,4.59603991,True,True,PUENTE ARANDA
10515735,2020-05-18,PUENTE ARANDA,-74.122317218,4.62945680299998,True,True,KENNEDY
10516158,2020-05-31,USME,-74.136630105,4.55059967900002,True,True,CIUDAD BOLIVAR
10516173,2020-06-02,USAQUÉN,-74.038944626,4.79844810700001,True,True,SUBA
10516606,2020-06-10,USAQUÉN,-74.045311207,4.76052284799999,True,True,SUBA
10511439,2020-02-18,TEUSAQUILLO,-74.103409042,4.65383681999998,True,True,ENGATIVA
10511856,2020-02-23,ANTONIO NARIÑO,-74.104322287,4.583273582,True,True,RAFAEL URIBE URIBE
10513447,2020-03-10,PUENTE ARANDA,-74.133583505,4.60191444600002,True,True,KENNEDY
10513455,2020-03-10,BARRIOS UNIDOS,-74.073371612,4.68851982899997,True,True,SUBA
10513831,2020-03-13,KENNEDY,,,False,False,
10513834,2020-03-12,PUENTE ARANDA,,,False,False,
10513835,2020-03-13,BOSA,-74.185092512,4.61876158699999,True,True,KENNEDY
10513843,2020-03-13,SANTA FE,-74.076653986,4.61104202799999,True,True,LOS MARTIRES
10513844,2020-03-14,RAFAEL URIBE URIBE,-74.127839099,4.57285920499999,True,True,TUNJUELITO
10513845,2020-03-13,PUENTE ARANDA,-74.100542022,4.60344227000002,True,True,LOS MARTIRES
10513846,2020-03-15,BARRIOS UNIDOS,-74.084703504,4.67944572099998,True,True,ENGATIVA
10514237,2020-03-18,CANDELARIA,-74.078108544,4.600165156,True,True,SANTA FE
10514242,2020-03-18,BARRIOS UNIDOS,-74.081423332,4.68211103599998,True,True,ENGATIVA
10514639,2020-04-16,RAFAEL URIBE URIBE,-74.094569734,4.57565621700002,True,True,SAN CRISTOBAL
10514644,2020-04-17,PUENTE ARANDA,-74.128251586,4.61226682099999,True,True,KENNEDY
10514647,2020-04-18,SUBA,-74.065748996,4.67851075200002,True,True,BARRIOS UNIDOS
10514648,2020-04-19,BOSA,-74.1806,4.61649999999997,True,True,KENNEDY
10514995,2020-04-24,ENGATIVÁ,-74.056942935,4.66005993700003,True,True,CHAPINERO
10515761,2020-05-20,ANTONIO NARIÑO,-74.106804736,4.58638701699999,True,True,RAFAEL URIBE URIBE
10515762,2020-05-20,KENNEDY,-74.14741572,4.59496767100001,True,True,TUNJUELITO
10515771,2020-05-21,USAQUÉN,-74.047475875,4.74697333,True,True,SUBA
10515774,2020-05-21,CANDELARIA,-74.128543623,4.56561553699999,True,True,TUNJUELITO
10516183,2020-06-02,TUNJUELITO,-74.138291079,4.623488807,True,True,KENNEDY
10511466,2020-02-19,ANTONIO NARIÑO,-74.102927746,4.58109287500002,True,True,RAFAEL URIBE URIBE
10511470,2020-02-15,SANTA FE,-74.078482006,4.59913676999997,True,True,CANDELARIA
10511473,2020-02-18,BOSA,-74.177393701,4.59678649400001,True,True,CIUDAD BOLIVAR
10512269,2020-02-28,PUENTE ARANDA,-74.125643395,4.620485406,True,True,KENNEDY
10512657,2020-03-02,BARRIOS UNIDOS,-74.076125053,4.68639996500002,True,True,SUBA
10512660,2020-03-03,SAN CRISTÓBAL,-74.092797001,4.578295422,True,True,ANTONIO NARINO
10512661,2020-03-02,CIUDAD BOLÍVAR,-74.126764862,4.56264951100002,True,True,TUNJUELITO
10512668,2020-03-03,TEUSAQUILLO,-74.103298541,4.653672675,True,True,ENGATIVA
10512678,2020-03-03,BOSA,,,False,False,
10513469,2020-03-09,RAFAEL URIBE URIBE,-74.126675737,4.56680703900003,True,True,TUNJUELITO
10513854,2020-03-15,SAN CRISTÓBAL,-74.105320842,4.548403463,True,True,RAFAEL URIBE URIBE
10513858,2020-03-10,KENNEDY,-74.178468686,4.62475435200002,True,True,BOSA
10513866,2020-03-13,ANTONIO NARIÑO,-74.104238896,4.58316683700002,True,True,RAFAEL URIBE URIBE
10515405,2020-05-09,SANTA FE,,,False,False,
10515411,2020-05-09,BOSA,-74.17153621,4.596011842,True,True,CIUDAD BOLIVAR
10516205,2020-06-02,RAFAEL URIBE URIBE,-74.126568883,4.56616806900001,True,True,TUNJUELITO
10516210,2020-05-21,PUENTE ARANDA,-74.104722085,4.58450899000002,True,True,ANTONIO NARINO
10516218,2020-06-03,BOSA,,,False,False,
10513103,2020-03-04,USAQUÉN,-74.048864744,4.73882583099999,True,True,SUBA
10514292,2020-03-20,TUNJUELITO,-74.139601922,4.595497583,True,True,KENNEDY
10514298,2020-03-21,USME,,,False,False,
10514302,2020-04-03,PUENTE ARANDA,-74.125956606,4.61951955000001,True,True,KENNEDY
10514305,2020-03-22,LOS MÁRTIRES,-74.08450942,4.59709709499998,True,True,SANTA FE
10514307,2020-03-22,SAN CRISTÓBAL,-74.066847444,4.64396141399999,True,True,TEUSAQUILLO
10514308,2020-04-01,CHAPINERO,-74.057571179,4.68661015100002,True,True,BARRIOS UNIDOS
10514309,2020-03-22,TUNJUELITO,-74.154996167,4.57577571299998,True,True,CIUDAD BOLIVAR
10515041,2020-04-24,LOS MÁRTIRES,-74.071398752,4.61848658600002,True,True,TEUSAQUILLO
10515047,2020-04-25,FONTIBÓN,-74.152548933,4.62913641900002,True,True,KENNEDY
10515419,2020-05-08,USAQUÉN,,,False,False,
10515808,2020-05-19,LOS MÁRTIRES,-74.097074058,4.59428687000002,True,True,ANTONIO NARINO
10515817,2020-05-21,FONTIBÓN,-74.11298847,4.66879126399999,True,True,ENGATIVA
10510311,2020-02-06,TEUSAQUILLO,-74.078025244,4.65233818500002,True,True,BARRIOS UNIDOS
10510716,2020-02-12,TEUSAQUILLO,-74.069519878,4.65054425699998,True,True,BARRIOS UNIDOS
10510718,2020-02-11,CIUDAD BOLÍVAR,-74.097350943,4.68415285499998,True,True,ENGATIVA
10511110,2020-02-16,LOS MÁRTIRES,-74.093107859,4.58748847200002,True,True,ANTONIO NARINO
10511111,2020-02-15,PUENTE ARANDA,-74.110354555,4.64571063800003,True,True,FONTIBON
10511113,2020-02-15,ANTONIO NARIÑO,-74.087836559,4.585048503,True,True,SAN CRISTOBAL
10511117,2020-02-16,TEUSAQUILLO,-74.108645039,4.647015103,True,True,FONTIBON
10511125,2020-02-15,SANTA FE,-74.08051006,4.59610200700001,True,True,CANDELARIA
10512315,2020-02-27,LOS MÁRTIRES,-74.086576617,4.62086431400002,True,True,PUENTE ARANDA
10513117,2020-03-06,SAN CRISTÓBAL,-74.098025717,4.57214921600001,True,True,RAFAEL URIBE URIBE
10513134,2020-03-05,ENGATIVÁ,-74.118819224,4.689291701,True,True,FONTIBON
10513906,2020-03-16,BOSA,,,False,False,
10514310,2020-04-02,BOSA,-74.181960096,4.59671524100003,True,True,CIUDAD BOLIVAR
10514314,2020-03-27,BARRIOS UNIDOS,-74.078997953,4.684059171,True,True,ENGATIVA
10514324,2020-04-15,PUENTE ARANDA,-74.125439857,4.621134611,True,True,KENNEDY
10514326,2020-03-18,USAQUÉN,-74.052528373,4.71680490400001,True,True,SUBA
10514327,2020-04-04,BARRIOS UNIDOS,-74.059167866,4.67549475300001,True,True,CHAPINERO
10514328,2020-03-22,CIUDAD BOLÍVAR,-74.116060667,4.51428318799998,True,True,USME
10515452,2020-05-08,KENNEDY,,,False,False,
10515839,2020-05-22,RAFAEL URIBE URIBE,-74.115891311,4.51681042199999,True,True,USME
10515840,2020-05-23,ANTONIO NARIÑO,-74.115487646,4.59551828299999,True,True,PUENTE ARANDA
10516264,2020-06-02,CANDELARIA,-74.077264707,4.59033386300001,True,True,SANTA FE
10510727,2020-02-12,SAN CRISTÓBAL,-74.066732683,4.63037294200001,True,True,CHAPINERO
10510738,2020-02-12,TEUSAQUILLO,-74.107238477,4.64881058600002,True,True,FONTIBON
10510739,2020-02-12,CANDELARIA,-74.077264707,4.59033386300001,True,True,SANTA FE
10511136,2020-02-14,SAN CRISTÓBAL,-74.108671082,4.545952328,True,True,RAFAEL URIBE URIBE
10511544,2020-02-20,PUENTE ARANDA,-74.135866808,4.59843244299998,True,True,KENNEDY
10511546,2020-02-20,BOSA,-74.175235827,4.610805132,True,True,KENNEDY
10511949,2020-02-23,CIUDAD BOLÍVAR,-74.08082074,4.58146908999998,True,True,SAN CRISTOBAL
10511959,2020-02-22,CIUDAD BOLÍVAR,,,False,False,
10512340,2020-02-28,CIUDAD BOLÍVAR,,,False,False,
10513135,2020-03-06,CHAPINERO,-74.137359578,4.63298488700002,True,True,KENNEDY
10514350,2020-03-24,BARRIOS UNIDOS,-74.058531874,4.68731774899999,True,True,SUBA
10515089,2020-04-27,TUNJUELITO,-74.12550407,4.57929761700001,True,True,RAFAEL URIBE URIBE
10515093,2020-04-27,RAFAEL URIBE URIBE,,,False,False,
10515464,2020-05-08,KENNEDY,,,False,False,
10515478,2020-05-11,BOSA,-74.182453355,4.61738649500001,True,True,KENNEDY
10515480,2020-05-11,ANTONIO NARIÑO,,,False,False,
10515486,2020-05-11,FONTIBÓN,-74.117968496,4.67699064700003,True,True,ENGATIVA
10516287,2020-06-03,PUENTE ARANDA,-74.131215268,4.60569238400001,True,True,KENNEDY
10516295,2020-06-04,CIUDAD BOLÍVAR,-74.150346029,4.59010462800001,True,True,TUNJUELITO
10510348,2020-02-06,BOSA,-74.168833549,4.59583588599997,True,True,CIUDAD BOLIVAR
10510367,2020-02-07,KENNEDY,,,False,False,
10511979,2020-02-22,USAQUÉN,-74.048945215,4.73874518100001,True,True,SUBA
10514363,2020-03-28,PUENTE ARANDA,-74.110354555,4.64571063800003,True,True,FONTIBON
10514374,2020-03-19,CIUDAD BOLÍVAR,,,False,False,
10515496,2020-05-11,CIUDAD BOLÍVAR,-74.14324224,4.57925834600002,True,True,TUNJUELITO
10515900,2020-05-24,FONTIBÓN,-74.116427845,4.67460568000001,True,True,ENGATIVA
10515903,2020-05-25,RAFAEL URIBE URIBE,-74.101531114,4.552635044,True,True,SAN CRISTOBAL
10510371,2020-02-08,PUENTE ARANDA,-74.122604181,4.62893547900001,True,True,KENNEDY
10510381,2020-02-07,PUENTE ARANDA,-74.128713737,4.61056965900002,True,True,KENNEDY
10510389,2020-02-08,PUENTE ARANDA,-74.080329765,4.62831561899998,True,True,TEUSAQUILLO
10510390,2020-02-05,CHAPINERO,-74.060237876,4.68759462100002,True,True,BARRIOS UNIDOS
10512004,2020-02-24,PUENTE ARANDA,-74.130330357,4.60726144900002,True,True,KENNEDY
10512398,2020-02-29,USAQUÉN,-74.047475875,4.74697333,True,True,SUBA
10513185,2020-03-05,USAQUÉN,-74.048156984,4.68476965000002,True,True,CHAPINERO
10513195,2020-03-06,CIUDAD BOLÍVAR,-74.102973446,4.49975918199999,True,True,USME
10513197,2020-03-07,BOSA,-74.162457856,4.5955007,True,True,CIUDAD BOLIVAR
10513202,2020-03-07,PUENTE ARANDA,-74.135112337,4.59957680799999,True,True,KENNEDY
10513588,2020-03-11,CHAPINERO,-74.088090014,4.61835418200002,True,True,LOS MARTIRES
10514382,2020-03-19,USME,-74.061763888,4.65941428000002,True,True,CHAPINERO
10514384,2020-04-05,CIUDAD BOLÍVAR,-74.137894722,4.56707248200001,True,True,TUNJUELITO
10514393,2020-03-19,SANTA FE,-74.074167956,4.61271996099998,True,True,LOS MARTIRES
10514396,2020-03-19,BARRIOS UNIDOS,-74.060382702,4.687902302,True,True,SUBA
10514404,2020-04-06,BOSA,-74.153666058,4.596439164,True,True,CIUDAD BOLIVAR
10514406,2020-03-19,SANTA FE,-74.072872141,4.60034332499998,True,True,CANDELARIA
10514783,2020-04-21,TUNJUELITO,-74.14194809,4.56315858099998,True,True,CIUDAD BOLIVAR
10515151,2020-04-29,BOSA,,,False,False,
10515153,2020-04-27,LOS MÁRTIRES,-74.096271455,4.60869140199998,True,True,PUENTE ARANDA
10515513,2020-05-12,CIUDAD BOLÍVAR,-74.14565066,4.57843765400003,True,True,TUNJUELITO
10515531,2020-05-15,ANTONIO NARIÑO,-74.119106835,4.594722445,True,True,PUENTE ARANDA
10515532,2020-05-12,PUENTE ARANDA,-74.124608975,4.62434774500002,True,True,KENNEDY
10510397,2020-01-30,PUENTE ARANDA,-74.125380352,4.621324926,True,True,KENNEDY
10510399,2020-02-09,SAN CRISTÓBAL,-74.07487938,4.589548912,True,True,SANTA FE
10511230,2020-02-14,USAQUÉN,-74.0370994,4.80969009900002,True,True,SUBA
10511620,2020-02-19,BOSA,,,False,False,
10512424,2020-02-29,PUENTE ARANDA,-74.129885495,4.60797638899999,True,True,KENNEDY
10513211,2020-03-07,BOSA,-74.179645218,4.634020206,True,True,KENNEDY
10513212,2020-03-07,PUENTE ARANDA,-74.133847017,4.60150886299999,True,True,KENNEDY
10513231,2020-03-08,SAN CRISTÓBAL,-74.118007286,4.57084039900002,True,True,RAFAEL URIBE URIBE
10513606,2020-03-11,FONTIBÓN,-74.105605908,4.64862156499998,True,True,TEUSAQUILLO
10513613,2020-03-11,SANTA FE,-74.076351042,4.60869973500002,True,True,LOS MARTIRES
10514409,2020-03-19,LOS MÁRTIRES,-74.097684815,4.60729177100001,True,True,PUENTE ARANDA
10514410,2020-03-24,BARRIOS UNIDOS,-74.084164328,4.65367846599997,True,True,TEUSAQUILLO
10514428,2020-03-20,BOSA,-74.153903655,4.59617420500001,True,True,CIUDAD BOLIVAR
10515547,2020-05-14,TEUSAQUILLO,-74.094370034,4.66673135299999,True,True,ENGATIVA
10515562,2020-05-13,ANTONIO NARIÑO,-74.086337409,4.58724174299999,True,True,SAN CRISTOBAL
10515935,2020-05-26,PUENTE ARANDA,-74.082250332,4.62602649799999,True,True,TEUSAQUILLO
10510423,2020-02-08,USME,-74.128274002,4.55895711199997,True,True,TUNJUELITO
10510427,2020-02-08,BARRIOS UNIDOS,,,False,False,
10510439,2020-02-08,CIUDAD BOLÍVAR,-74.127074389,4.563203106,True,True,TUNJUELITO
10512052,2020-02-25,TUNJUELITO,-74.088474846,4.64698434799999,True,True,TEUSAQUILLO
10512060,2020-02-26,CHAPINERO,-74.061949579,4.65939751399998,True,True,BARRIOS UNIDOS
10512062,2020-02-25,CIUDAD BOLÍVAR,-74.147659773,4.590282172,True,True,TUNJUELITO
10512445,2020-02-19,PUENTE ARANDA,-74.110215198,4.59082003600003,True,True,ANTONIO NARINO
10513241,2020-03-06,TUNJUELITO,-74.128670472,4.59335735600001,True,True,PUENTE ARANDA
10514047,2020-03-16,BARRIOS UNIDOS,-74.074314436,4.63981630799998,True,True,TEUSAQUILLO
10514055,2020-03-16,ANTONIO NARIÑO,-74.101943452,4.58079718300002,True,True,RAFAEL URIBE URIBE
10514432,2020-03-20,CHAPINERO,-74.065756475,4.64412579499998,True,True,TEUSAQUILLO
10514450,2020-04-11,TEUSAQUILLO,-74.083944654,4.62341516399999,True,True,LOS MARTIRES
10515205,2020-04-30,BOSA,,,False,False,
10515207,2020-04-30,USAQUÉN,-74.06353917,4.75045443499999,True,True,SUBA
10515209,2020-04-30,TEUSAQUILLO,-74.103298541,4.653672675,True,True,ENGATIVA
10515569,2020-05-15,FONTIBÓN,-74.116427845,4.67460568000001,True,True,ENGATIVA
10515571,2020-05-15,USME,-74.126924279,4.52835435499998,True,True,CIUDAD BOLIVAR
10515588,2020-05-14,SAN CRISTÓBAL,-74.103169285,4.566449777,True,True,RAFAEL URIBE URIBE
10515591,2020-05-16,FONTIBÓN,,,False,False,
10515964,2020-05-22,LOS MÁRTIRES,-74.107058379,4.59836958199998,True,True,PUENTE ARANDA
10510444,2020-02-09,FONTIBÓN,-74.115975297,4.67364976900001,True,True,ENGATIVA
10510446,2020-02-09,SANTA FE,-74.06573192,4.599373318,True,True,CANDELARIA
10510449,2020-02-10,FONTIBÓN,-74.116427845,4.67460568000001,True,True,ENGATIVA
10510867,2020-02-13,LOS MÁRTIRES,-74.105394605,4.59965772700002,True,True,PUENTE ARANDA
10510875,2020-02-13,PUENTE ARANDA,-74.111922242,4.64374242600002,True,True,FONTIBON
10512064,2020-02-27,PUENTE ARANDA,-74.107772353,4.59770500500002,True,True,ANTONIO NARINO
10512471,2020-03-01,SANTA FE,-74.076611453,4.60843288500001,True,True,LOS MARTIRES
10512857,2020-03-04,USAQUÉN,-74.0370994,4.80969009900002,True,True,SUBA
10512863,2020-03-03,SAN CRISTÓBAL,-74.065978395,4.64833606000002,True,True,TEUSAQUILLO
10514469,2020-04-01,PUENTE ARANDA,-74.119544579,4.63622036800001,True,True,KENNEDY
10514479,2020-04-08,USME,-74.137005102,4.549035264,True,True,CIUDAD BOLIVAR
10514858,2020-04-23,TUNJUELITO,-74.158056492,4.59603638800002,True,True,CIUDAD BOLIVAR
10514865,2020-04-23,BOSA,-74.157043944,4.59613329199999,True,True,CIUDAD BOLIVAR
10514866,2020-04-23,PUENTE ARANDA,-74.11219271,4.64348636800003,True,True,FONTIBON
10515213,2020-05-01,KENNEDY,-74.156789272,4.59979355199999,True,True,BOSA
10515220,2020-05-02,PUENTE ARANDA,-74.128713737,4.61056965900002,True,True,KENNEDY
10515599,2020-05-16,SAN CRISTÓBAL,-74.064041283,4.61621361599998,True,True,SANTA FE
10515602,2020-05-14,PUENTE ARANDA,-74.129096147,4.61026498199999,True,True,KENNEDY
10515607,2020-05-16,TEUSAQUILLO,-74.107238477,4.64881058600002,True,True,FONTIBON
10515610,2020-05-17,TUNJUELITO,-74.12516012,4.564161834,True,True,RAFAEL URIBE URIBE
10510469,2020-02-10,SAN CRISTÓBAL,-74.098834877,4.57126169899999,True,True,RAFAEL URIBE URIBE
10510882,2020-02-13,USME,-74.136579189,4.545774553,True,True,CIUDAD BOLIVAR
10510883,2020-02-13,BARRIOS UNIDOS,-74.081423332,4.68211103599998,True,True,ENGATIVA
10510898,2020-02-12,PUENTE ARANDA,-74.115475399,4.59225051499999,True,True,ANTONIO NARINO
10511715,2020-02-21,ENGATIVÁ,-74.129096147,4.61026498199999,True,True,KENNEDY
10512881,2020-03-03,CIUDAD BOLÍVAR,,,False,False,
10512885,2020-03-03,TUNJUELITO,-74.150431104,4.59535443099998,True,True,KENNEDY
10513304,2020-03-09,SAN CRISTÓBAL,-74.072855288,4.60854772499999,True,True,SANTA FE
10514498,2020-04-13,USAQUÉN,-74.05274408,4.71557133499999,True,True,SUBA
10515645,2020-05-17,SANTA FE,-74.081074371,4.59512095299999,True,True,CANDELARIA
10516023,2020-05-28,PUENTE ARANDA,-74.094401959,4.585673789,True,True,ANTONIO NARINO
10516030,2020-05-27,CANDELARIA,-74.076480501,4.59002645499999,True,True,SANTA FE
10516037,2020-05-28,BOSA,-74.166172521,4.60544251900001,True,True,KENNEDY
10516448,2020-06-05,PUENTE ARANDA,,,False,False,
10516461,2020-06-06,BOSA,-74.145160625,4.59514191199997,True,True,KENNEDY
10511721,2020-02-18,BOSA,-74.174646424,4.62515124499998,True,True,KENNEDY
10513308,2020-03-09,USAQUÉN,-74.049067138,4.73749004199999,True,True,SUBA
10513316,2020-03-09,BOSA,,,False,False,
10513318,2020-03-09,CHAPINERO,-74.059078076,4.676439195,True,True,BARRIOS UNIDOS
10514507,2020-04-15,USAQUÉN,-74.050985382,4.72626094899999,True,True,SUBA
10514508,2020-04-09,ENGATIVÁ,-74.11970463,4.67898742599999,True,True,FONTIBON
10514522,2020-04-17,CANDELARIA,-74.081218975,4.59264436799998,True,True,SANTA FE
10516886,2020-06-17,USAQUÉN,,,False,False,
10516892,2020-06-07,PUENTE ARANDA,-74.126591942,4.617531896,True,True,KENNEDY
10517291,2020-06-24,PUENTE ARANDA,-74.133583505,4.60191444600002,True,True,KENNEDY
10517294,2020-06-24,LOS MÁRTIRES,-74.104735366,4.60027397300001,True,True,PUENTE ARANDA
10517305,2020-06-25,USAQUÉN,-74.053295102,4.71228344100001,True,True,SUBA
10517740,2020-07-07,TUNJUELITO,-74.137800585,4.59498430600001,True,True,KENNEDY
10518173,2020-07-24,PUENTE ARANDA,-74.120005676,4.63872516700002,True,True,FONTIBON
10518175,2020-07-23,FONTIBÓN,-74.112411142,4.667659474,True,True,ENGATIVA
10518181,2020-07-24,CHAPINERO,-74.057501565,4.68710723599997,True,True,SUBA
10518185,2020-07-25,PUENTE ARANDA,-74.090525781,4.61545848600002,True,True,LOS MARTIRES
10518600,2020-08-09,BOSA,-74.117279823,4.62816056399998,True,True,PUENTE ARANDA
10518608,2020-08-15,ENGATIVÁ,-74.1317574,4.70025338099998,True,True,FONTIBON
10518617,2020-08-10,BOSA,-74.179338922,4.596828168,True,True,CIUDAD BOLIVAR
10519418,2020-09-07,BOSA,-74.15367019,4.59641573099998,True,True,CIUDAD BOLIVAR
10519429,2020-09-08,PUENTE ARANDA,-74.125477438,4.62101441099998,True,True,KENNEDY
10519430,2020-09-07,ANTONIO NARIÑO,-74.100142643,4.59492164199997,True,True,LOS MARTIRES
10519431,2020-09-08,BARRIOS UNIDOS,-74.103298541,4.653672675,True,True,ENGATIVA
10520236,2020-08-22,PUENTE ARANDA,-74.135866808,4.59843244299998,True,True,KENNEDY
10521034,2020-09-26,CHAPINERO,-74.061876126,4.66024476899997,True,True,BARRIOS UNIDOS
10521832,2020-10-04,PUENTE ARANDA,,,False,False,
10522638,2020-10-04,PUENTE ARANDA,-74.121087946,4.63256471900002,True,True,KENNEDY
10516912,2020-06-18,TEUSAQUILLO,-74.076591268,4.65184577000002,True,True,BARRIOS UNIDOS
10516914,2020-06-18,USAQUÉN,-74.07513104,4.60281206500002,True,True,SANTA FE
10516923,2020-06-18,ANTONIO NARIÑO,-74.104665038,4.58370897100002,True,True,RAFAEL URIBE URIBE
10517320,2020-06-25,ENGATIVÁ,-74.092909817,4.66606886099999,True,True,BARRIOS UNIDOS
10517325,2020-06-26,PUENTE ARANDA,-74.101942519,4.60215340000002,True,True,LOS MARTIRES
10517327,2020-06-26,FONTIBÓN,-74.133502441,4.64927047200001,True,True,KENNEDY
10517330,2020-06-27,BOSA,,,False,False,
10517337,2020-06-27,BOSA,-74.171354265,4.59303042800002,True,True,CIUDAD BOLIVAR
10517338,2020-06-26,TUNJUELITO,-74.139288485,4.56070277200001,True,True,CIUDAD BOLIVAR
10517746,2020-07-05,RAFAEL URIBE URIBE,-74.100924589,4.56857130499998,True,True,SAN CRISTOBAL
10517748,2020-07-06,RAFAEL URIBE URIBE,-74.118983215,4.53107136900002,True,True,USME
10518643,2020-08-15,TUNJUELITO,-74.122566713,4.58025723899999,True,True,RAFAEL URIBE URIBE
10519054,2020-08-25,USAQUÉN,-74.116062267,4.49552151699999,True,True,USME
10519455,2020-09-11,BARRIOS UNIDOS,-74.073371612,4.68851982899997,True,True,SUBA
10519457,2020-09-14,CIUDAD BOLÍVAR,,,False,False,
10519846,2020-09-17,CIUDAD BOLÍVAR,-74.116780928,4.45474372000001,True,True,USME
10520256,2020-09-21,SAN CRISTÓBAL,-74.098122486,4.57203701200001,True,True,RAFAEL URIBE URIBE
10520259,2020-09-21,USME,-74.121125289,4.54715971500002,True,True,RAFAEL URIBE URIBE
10520267,2020-09-21,RAFAEL URIBE URIBE,-74.141646754,4.59240030900003,True,True,TUNJUELITO
10521059,2020-07-25,USME,-74.121077777,4.54601216100002,True,True,RAFAEL URIBE URIBE
10521855,2020-10-04,CIUDAD BOLÍVAR,-74.152553429,4.58946181699997,True,True,TUNJUELITO
10522251,2020-10-05,PUENTE ARANDA,-74.110354555,4.64571063800003,True,True,FONTIBON
10522256,2020-10-05,TEUSAQUILLO,-74.092909817,4.66606886099999,True,True,BARRIOS UNIDOS
10517349,2020-06-26,BOSA,,,False,False,
10517356,2020-06-27,USAQUÉN,-74.054938146,4.70704897399997,True,True,SUBA
10517806,2020-07-08,SUBA,-74.034334477,4.70795692199999,True,True,USAQUEN
10518224,2020-07-27,CANDELARIA,-74.08113117,4.59275445600002,True,True,SANTA FE
10518248,2020-07-27,TEUSAQUILLO,-74.103298541,4.653672675,True,True,ENGATIVA
10518654,2020-08-12,BOSA,,,False,False,
10518657,2020-08-15,TUNJUELITO,-74.12974494,4.59375067299999,True,True,PUENTE ARANDA
10519066,2020-08-24,SANTA FE,-74.100440962,4.58227358900001,True,True,ANTONIO NARINO
10519070,2020-08-24,PUENTE ARANDA,-74.128251586,4.61226682099999,True,True,KENNEDY
10519075,2020-08-24,PUENTE ARANDA,-74.128713737,4.61056965900002,True,True,KENNEDY
10519086,2020-08-25,ANTONIO NARIÑO,-74.123163977,4.58895670499999,True,True,RAFAEL URIBE URIBE
10519087,2020-08-26,PUENTE ARANDA,-74.122359048,4.58972898500002,True,True,ANTONIO NARINO
10519478,2020-09-12,USME,-74.13665221,4.54586805299999,True,True,CIUDAD BOLIVAR
10519488,2020-09-10,SAN CRISTÓBAL,-74.101569434,4.56812485500001,True,True,RAFAEL URIBE URIBE
10519490,2020-04-07,TEUSAQUILLO,-74.087487119,4.59530817500001,True,True,LOS MARTIRES
10520287,2020-02-20,PUENTE ARANDA,-74.100471835,4.603517264,True,True,LOS MARTIRES
10521477,2020-09-29,CANDELARIA,,,False,False,
10521480,2020-09-30,SAN CRISTÓBAL,-74.103169285,4.566449777,True,True,RAFAEL URIBE URIBE
10521483,2020-09-30,SAN CRISTÓBAL,-74.095244671,4.57622705,True,True,RAFAEL URIBE URIBE
10521866,2020-10-03,BARRIOS UNIDOS,-74.084164328,4.65367846599997,True,True,TEUSAQUILLO
10521869,2020-10-04,SANTA FE,-74.081074371,4.59512095299999,True,True,CANDELARIA
10522287,2020-10-08,TUNJUELITO,-74.145257846,4.59513475199998,True,True,KENNEDY
10522292,2020-10-06,BOSA,-74.177393701,4.59678649400001,True,True,CIUDAD BOLIVAR
10517376,2020-06-28,BOSA,-74.158072681,4.59635890300001,True,True,CIUDAD BOLIVAR
10517377,2020-06-28,BOSA,,,False,False,
10517396,2020-06-28,TUNJUELITO,-74.141016507,4.56239105700001,True,True,CIUDAD BOLIVAR
10517810,2020-07-08,ENGATIVÁ,-74.106407334,4.74374214199997,True,True,SUBA
10517835,2020-07-09,LOS MÁRTIRES,-74.088921098,4.59181085199998,True,True,SANTA FE
10517837,2020-07-10,LOS MÁRTIRES,-74.085979293,4.62129399899999,True,True,PUENTE ARANDA
10518252,2020-07-27,RAFAEL URIBE URIBE,-74.119575384,4.58911017399998,True,True,ANTONIO NARINO
10518255,2020-07-29,LOS MÁRTIRES,-74.087543226,4.61946826899998,True,True,PUENTE ARANDA
10518257,2020-07-27,PUENTE ARANDA,-74.133780104,4.59403489800002,True,True,TUNJUELITO
10518689,2020-08-17,BARRIOS UNIDOS,-74.087380989,4.675400825,True,True,ENGATIVA
10518692,2020-08-11,TEUSAQUILLO,-74.107238477,4.64881058600002,True,True,FONTIBON
10519096,2020-08-27,PUENTE ARANDA,-74.140536052,4.59340428600001,True,True,TUNJUELITO
10519102,2020-08-25,SANTA FE,-74.071298157,4.59693901499998,True,True,CANDELARIA
10519106,2020-08-25,PUENTE ARANDA,-74.126575069,4.61758219699999,True,True,KENNEDY
10519108,2020-08-26,BARRIOS UNIDOS,-74.087448144,4.67513231700002,True,True,ENGATIVA
10519111,2020-08-26,CHAPINERO,-74.071096871,4.58795969900001,True,True,SANTA FE
10519497,2020-09-13,ANTONIO NARIÑO,-74.126417934,4.59441630800001,True,True,PUENTE ARANDA
10519498,2020-09-11,KENNEDY,,,False,False,
10519503,2020-09-12,SUBA,-74.064046831,4.68125287200002,True,True,BARRIOS UNIDOS
10519508,2020-09-04,CHAPINERO,-74.122049944,4.55565281899999,True,True,TUNJUELITO
10519510,2020-09-04,ANTONIO NARIÑO,-74.127287342,4.59183080499997,True,True,RAFAEL URIBE URIBE
10521101,2020-09-26,BOSA,-74.17153621,4.596011842,True,True,CIUDAD BOLIVAR
10521492,2020-09-30,FONTIBÓN,-74.136652253,4.65063945100002,True,True,KENNEDY
10521888,2020-10-02,TUNJUELITO,-74.138889209,4.561011103,True,True,CIUDAD BOLIVAR
10521896,2020-10-02,USAQUÉN,-74.046726893,4.75151613600002,True,True,SUBA
10521905,2020-10-03,CIUDAD BOLÍVAR,-74.096223904,4.68072335099998,True,True,ENGATIVA
10517403,2020-06-28,SANTA FE,-74.068306961,4.59259003199998,True,True,CANDELARIA
10517405,2020-06-28,SAN CRISTÓBAL,-74.065308517,4.65202083700001,True,True,BARRIOS UNIDOS
10517409,2020-06-29,BOSA,-74.179094981,4.63279783799999,True,True,KENNEDY
10517854,2020-07-10,USAQUÉN,-74.041905775,4.780118093,True,True,SUBA
10517857,2020-07-10,BARRIOS UNIDOS,-74.067035963,4.689723319,True,True,SUBA
10517860,2020-05-21,TEUSAQUILLO,-74.067862496,4.63083019599998,True,True,CHAPINERO
10517862,2020-06-30,ANTONIO NARIÑO,-74.108567881,4.58859443300003,True,True,RAFAEL URIBE URIBE
10518699,2020-08-13,BOSA,-74.169852367,4.57094905999998,True,True,CIUDAD BOLIVAR
10518704,2020-08-13,BOSA,-74.172771887,4.59302023499998,True,True,CIUDAD BOLIVAR
10518706,2020-08-14,BARRIOS UNIDOS,-74.089325173,4.67189324100002,True,True,ENGATIVA
10518709,2020-08-13,KENNEDY,-74.104089486,4.58324061000002,True,True,ANTONIO NARINO
10518716,2020-08-18,USME,-74.121798241,4.69284677100001,True,True,FONTIBON
10519112,2020-08-25,SAN CRISTÓBAL,-74.084922682,4.59814082499997,True,True,LOS MARTIRES
10519135,2020-08-27,PUENTE ARANDA,-74.131215268,4.60569238400001,True,True,KENNEDY
10519528,2020-09-04,SANTA FE,-74.080019233,4.61870723800001,True,True,LOS MARTIRES
10519533,2020-09-03,CIUDAD BOLÍVAR,-74.15405391,4.58836626700003,True,True,TUNJUELITO
10519540,2020-09-04,KENNEDY,,,False,False,
10519541,2020-09-15,SAN CRISTÓBAL,-74.070768003,4.61224653699998,True,True,SANTA FE
10519920,2020-09-16,ANTONIO NARIÑO,-74.1053139,4.58450548500002,True,True,RAFAEL URIBE URIBE
10519922,2020-09-17,LOS MÁRTIRES,-74.088415808,4.61830814899997,True,True,PUENTE ARANDA
10519932,2020-09-17,BOSA,,,False,False,
10519933,2020-09-16,RAFAEL URIBE URIBE,-74.094929538,4.58530177599999,True,True,ANTONIO NARINO
10520733,2020-09-21,SAN CRISTÓBAL,-74.092797001,4.578295422,True,True,ANTONIO NARINO
10520744,2020-09-24,CIUDAD BOLÍVAR,-74.140606352,4.57599935100001,True,True,TUNJUELITO
10522746,2020-10-08,USME,,,False,False,
10522750,2020-10-10,USAQUÉN,-74.059116879,4.64931842200002,True,True,CHAPINERO
10522754,2020-10-08,KENNEDY,,,False,False,
10517423,2020-06-30,RAFAEL URIBE URIBE,,,False,False,
10517437,2020-07-01,SUBA,-74.036700153,4.80811987800001,True,True,USAQUEN
10517879,2020-07-10,KENNEDY,,,False,False,
10517885,2020-07-11,USME,-74.121073737,4.545877351,True,True,RAFAEL URIBE URIBE
10518318,2020-04-07,KENNEDY,-74.13550492,4.68274223399999,True,True,FONTIBON
10518321,2020-07-29,SANTA FE,-74.081074371,4.59512095299999,True,True,CANDELARIA
10518724,2020-08-18,RAFAEL URIBE URIBE,-74.098816915,4.58351508599998,True,True,ANTONIO NARINO
10518742,2020-08-10,CHAPINERO,-74.064347324,4.65142944299998,True,True,BARRIOS UNIDOS
10518745,2020-08-10,SAN CRISTÓBAL,-74.074055805,4.59209879899998,True,True,CANDELARIA
10519153,2020-08-29,CHAPINERO,-74.060447637,4.66967242499999,True,True,BARRIOS UNIDOS
10519156,2020-08-29,BOSA,-74.164001234,4.59552745600001,True,True,CIUDAD BOLIVAR
10519552,2020-09-04,TUNJUELITO,-74.121632809,4.55647185700002,True,True,RAFAEL URIBE URIBE
10519553,2020-09-05,BARRIOS UNIDOS,-74.084703504,4.67944572099998,True,True,ENGATIVA
10519558,2020-09-04,BOSA,-74.178310015,4.61131669600002,True,True,KENNEDY
10519938,2020-09-17,ENGATIVÁ,-74.092909817,4.66606886099999,True,True,BARRIOS UNIDOS
10519940,2020-09-17,PUENTE ARANDA,-74.101124948,4.60277516500003,True,True,LOS MARTIRES
10519941,2020-09-16,ANTONIO NARIÑO,-74.125974149,4.59328324900002,True,True,PUENTE ARANDA
10519960,2020-09-18,USAQUÉN,-74.045280313,4.76050254400002,True,True,SUBA
10520761,2020-09-24,BOSA,-74.164472988,4.595541174,True,True,CIUDAD BOLIVAR
10521942,2020-10-03,SANTA FE,-74.08051006,4.59610200700001,True,True,CANDELARIA
10522758,2020-10-08,LOS MÁRTIRES,-74.077390713,4.60691028000002,True,True,SANTA FE
10522765,2020-10-10,ANTONIO NARIÑO,-74.108135704,4.58804857199999,True,True,RAFAEL URIBE URIBE
10516631,2020-06-10,KENNEDY,-74.184583882,4.62896696500002,True,True,BOSA
10517457,2020-07-01,RAFAEL URIBE URIBE,-74.064392532,4.63499361599997,True,True,CHAPINERO
10517899,2020-07-11,KENNEDY,,,False,False,
10517922,2020-07-13,CIUDAD BOLÍVAR,-74.178190078,4.61123304500001,True,True,KENNEDY
10518335,2020-07-29,FONTIBÓN,-74.11127669,4.66652504199999,True,True,ENGATIVA
10518758,2020-08-15,LOS MÁRTIRES,-74.09831704,4.60666703300001,True,True,PUENTE ARANDA
10518759,2020-08-15,ANTONIO NARIÑO,-74.105544864,4.59731090399998,True,True,LOS MARTIRES
10518769,2020-08-15,BOSA,,,False,False,
10519178,2020-08-28,ENGATIVÁ,-74.145108432,4.58820362400002,True,True,TUNJUELITO
10519179,2020-08-31,CIUDAD BOLÍVAR,,,False,False,
10519575,2020-09-04,CIUDAD BOLÍVAR,-74.114024433,4.52260405300001,True,True,USME
10520772,2020-09-24,TUNJUELITO,-74.123062834,4.55897926699998,True,True,RAFAEL URIBE URIBE
10521181,2020-09-28,TUNJUELITO,-74.124602969,4.57740906800001,True,True,RAFAEL URIBE URIBE
10522799,2020-10-10,SUBA,,,False,False,
10516648,2020-06-11,USAQUÉN,-74.048945215,4.73874518100001,True,True,SUBA
10517937,2020-07-16,BARRIOS UNIDOS,-74.086024919,4.67769288300002,True,True,ENGATIVA
10518355,2020-07-31,BOSA,,,False,False,
10518369,2020-08-01,ANTONIO NARIÑO,-74.099762468,4.57932777799999,True,True,RAFAEL URIBE URIBE
10518371,2020-08-01,USAQUÉN,-74.051847394,4.72092381099998,True,True,SUBA
10518372,2020-08-01,PUENTE ARANDA,,,False,False,
10518785,2020-08-16,BOSA,-74.177394521,4.59684292499998,True,True,CIUDAD BOLIVAR
10518787,2020-08-10,ANTONIO NARIÑO,-74.076933871,4.60798533399998,True,True,LOS MARTIRES
10518796,2020-08-12,BOSA,,,False,False,
10519208,2020-08-28,PUENTE ARANDA,-74.120249229,4.63438507000001,True,True,KENNEDY
10519592,2020-07-21,KENNEDY,,,False,False,
10519598,2020-09-13,PUENTE ARANDA,-74.103301685,4.586913434,True,True,ANTONIO NARINO
10521991,2020-10-05,KENNEDY,-74.114459383,4.59722941400003,True,True,PUENTE ARANDA
10522007,2020-10-05,SAN CRISTÓBAL,,,False,False,
10516693,2020-06-12,LOS MÁRTIRES,-74.091827648,4.61431760599999,True,True,PUENTE ARANDA
10516694,2020-06-13,BARRIOS UNIDOS,-74.071055678,4.68962375900003,True,True,SUBA
10517106,2020-06-20,KENNEDY,,,False,False,
10518380,2020-08-01,PUENTE ARANDA,-74.125477438,4.62101441099998,True,True,KENNEDY
10518392,2020-08-01,KENNEDY,-74.113599073,4.66390843300002,True,True,FONTIBON
10518393,2020-08-01,LOS MÁRTIRES,-74.096271455,4.60869140199998,True,True,PUENTE ARANDA
10518820,2020-08-19,SANTA FE,-74.07754023,4.60710164900001,True,True,LOS MARTIRES
10518822,2020-08-15,KENNEDY,,,False,False,
10519217,2020-09-01,BOSA,-74.17153621,4.596011842,True,True,CIUDAD BOLIVAR
10519223,2020-09-01,SANTA FE,-74.067671545,4.59486831300001,True,True,CANDELARIA
10519228,2020-09-01,PUENTE ARANDA,-74.126395619,4.61811944499999,True,True,KENNEDY
10519230,2020-09-01,CIUDAD BOLÍVAR,,,False,False,
10519232,2020-09-01,SAN CRISTÓBAL,-74.100169158,4.57377080999998,True,True,RAFAEL URIBE URIBE
10519235,2020-09-01,ENGATIVÁ,,,False,False,
10519616,2020-09-09,ANTONIO NARIÑO,-74.080851317,4.60817667499998,True,True,LOS MARTIRES
10519622,2020-09-13,USME,-74.047849823,4.66093392400001,True,True,CHAPINERO
10519629,2020-09-15,SAN CRISTÓBAL,,,False,False,
10520440,2020-09-20,SANTA FE,-74.07754023,4.60710164900001,True,True,LOS MARTIRES
10522852,2020-10-11,SAN CRISTÓBAL,-74.100179447,4.56972807099999,True,True,RAFAEL URIBE URIBE
10516711,2020-06-12,PUENTE ARANDA,-74.12902643,4.61022807000001,True,True,KENNEDY
10516715,2020-06-13,CIUDAD BOLÍVAR,-74.13832501,4.56478292499997,True,True,TUNJUELITO
10516718,2020-06-13,KENNEDY,,,False,False,
10517114,2020-06-20,BOSA,,,False,False,
10517115,2020-06-20,LOS MÁRTIRES,-74.100813005,4.60349194499997,True,True,PUENTE ARANDA
10517540,2020-07-02,BOSA,,,False,False,
10517980,2020-07-15,USME,-74.035766555,4.68904194999999,True,True,USAQUEN
10518425,2020-05-03,TUNJUELITO,-74.137728422,4.59513383900003,True,True,KENNEDY
10518427,2020-08-02,USAQUÉN,-74.046262202,4.75672683699997,True,True,SUBA
10518834,2020-08-20,PUENTE ARANDA,-74.110381571,4.59594459800002,True,True,ANTONIO NARINO
10518838,2020-08-20,BOSA,,,False,False,
10518840,2020-08-20,BARRIOS UNIDOS,-74.06450488,4.64962629500002,True,True,CHAPINERO
10518844,2020-08-20,USAQUÉN,-74.038604634,4.67954705300002,True,True,CHAPINERO
10519262,2020-08-30,SAN CRISTÓBAL,-74.060319146,4.66108404099998,True,True,CHAPINERO
10520461,2020-09-22,FONTIBÓN,-74.074729597,4.60519970000001,True,True,SANTA FE
10520872,2020-09-24,USAQUÉN,-74.049768117,4.73202213299999,True,True,SUBA
10521659,2020-10-01,TUNJUELITO,-74.138896443,4.56099063300002,True,True,CIUDAD BOLIVAR
10522869,2020-10-10,ENGATIVÁ,-74.1317574,4.70025338099998,True,True,FONTIBON
10522873,2020-10-10,BOSA,-74.184216129,4.59642213000001,True,False,Fuera de polígonos
10516736,2020-06-12,SAN CRISTÓBAL,-74.060837413,4.66032862399999,True,True,CHAPINERO
10517557,2020-07-03,USME,-74.121372571,4.555410145,True,True,RAFAEL URIBE URIBE
10517559,2020-07-03,PUENTE ARANDA,-74.12669762,4.61719021499999,True,True,KENNEDY
10518431,2020-08-04,CHAPINERO,-74.04779775,4.68556344299998,True,True,USAQUEN
10518436,2020-08-04,FONTIBÓN,-74.135023032,4.64991227000002,True,True,KENNEDY
10518861,2020-08-21,ANTONIO NARIÑO,-74.116985324,4.582198264,True,True,RAFAEL URIBE URIBE
10518867,2020-08-19,PUENTE ARANDA,,,False,False,
10518875,2020-08-21,BARRIOS UNIDOS,,,False,False,
10519266,2020-09-02,USAQUÉN,-74.096113374,4.72571024299998,True,True,SUBA
10519269,2020-09-02,BOSA,-74.178835479,4.63216420100002,True,True,KENNEDY
10519273,2020-09-08,CIUDAD BOLÍVAR,,,False,False,
10519276,2020-09-08,BOSA,-74.178700754,4.59677645300002,True,True,CIUDAD BOLIVAR
10519279,2020-09-07,SANTA FE,-74.081062408,4.58604562099998,True,True,SAN CRISTOBAL
10519281,2020-09-07,LOS MÁRTIRES,-74.105394605,4.59965772700002,True,True,PUENTE ARANDA
10519285,2020-09-02,SAN CRISTÓBAL,-74.058629777,4.66375042499999,True,True,CHAPINERO
10519286,2020-09-09,SAN CRISTÓBAL,,,False,False,
10520475,2020-09-19,TUNJUELITO,-74.123702317,4.55998633799999,True,True,RAFAEL URIBE URIBE
10520481,2020-09-20,TUNJUELITO,-74.090683,4.53308173200003,True,True,SAN CRISTOBAL
10520877,2020-09-24,TEUSAQUILLO,-74.091051182,4.62560757599999,True,True,PUENTE ARANDA
10520878,2020-09-24,USAQUÉN,-74.051924596,4.72032296999998,True,True,SUBA
10521668,2020-09-30,USAQUÉN,-74.062288237,4.75023734799998,True,True,SUBA
10521669,2020-09-28,PUENTE ARANDA,-74.098049144,4.57211227200003,True,True,RAFAEL URIBE URIBE
10522885,2020-10-09,USAQUÉN,-74.040446197,4.78908105099998,True,True,SUBA
10522896,2020-10-09,FONTIBÓN,-74.094211506,4.698171742,True,True,ENGATIVA
10516755,2020-06-15,SANTA FE,-74.061492575,4.626759741,True,True,CHAPINERO
10516771,2020-06-14,BOSA,,,False,False,
10517164,2020-06-21,TEUSAQUILLO,-74.091025656,4.62522134900001,True,True,PUENTE ARANDA
10517166,2020-06-21,USME,-74.121352284,4.55325293800001,True,True,TUNJUELITO
10517171,2020-06-22,SUBA,,,False,False,
10517177,2020-06-22,ENGATIVÁ,-74.120284202,4.691832546,True,True,FONTIBON
10517178,2020-06-23,ENGATIVÁ,-74.092909817,4.66606886099999,True,True,BARRIOS UNIDOS
10517597,2020-07-05,SAN CRISTÓBAL,-74.128407883,4.58650221099998,True,True,RAFAEL URIBE URIBE
10518040,2020-07-16,PUENTE ARANDA,-74.120005676,4.63872516700002,True,True,FONTIBON
10518042,2020-07-16,ANTONIO NARIÑO,-74.125382249,4.59349831600002,True,True,PUENTE ARANDA
10518044,2020-07-17,LOS MÁRTIRES,-74.10204406,4.60220846200002,True,True,PUENTE ARANDA
10518053,2020-07-18,RAFAEL URIBE URIBE,-74.136111203,4.59089477800001,True,True,TUNJUELITO
10518059,2020-07-17,SUBA,-74.060459479,4.687658048,True,True,BARRIOS UNIDOS
10518482,2020-07-28,PUENTE ARANDA,-74.122317218,4.62945680299998,True,True,KENNEDY
10518887,2020-08-22,LOS MÁRTIRES,,,False,False,
10519288,2020-09-02,BARRIOS UNIDOS,-74.149601527,4.569220298,True,True,CIUDAD BOLIVAR
10519300,2020-09-05,PUENTE ARANDA,-74.094067255,4.61122079500001,True,True,LOS MARTIRES
10521311,2020-09-22,TEUSAQUILLO,-74.083564769,4.62390506100002,True,True,LOS MARTIRES
10521313,2020-09-28,ENGATIVÁ,-74.139250312,4.69738879400001,True,True,FONTIBON
10522110,2020-10-06,TUNJUELITO,-74.13897408,4.595156643,True,True,KENNEDY
10522113,2020-10-05,USAQUÉN,-74.048945215,4.73874518100001,True,True,SUBA
10522120,2020-10-06,FONTIBÓN,-74.12061602,4.638674391,True,True,KENNEDY
10522910,2020-10-09,SAN CRISTÓBAL,-74.105866797,4.550938949,True,True,RAFAEL URIBE URIBE
10516786,2020-06-16,ENGATIVÁ,-74.082247107,4.69639141300001,True,True,SUBA
10516800,2020-06-16,USME,-74.136644053,4.54585545499998,True,True,CIUDAD BOLIVAR
10517190,2020-06-23,RAFAEL URIBE URIBE,-74.095424066,4.58504587900001,True,True,ANTONIO NARINO
10517614,2020-07-05,RAFAEL URIBE URIBE,-74.095534089,4.58524407599998,True,True,ANTONIO NARINO
10517626,2020-07-05,KENNEDY,-74.094582661,4.57565683500002,True,True,SAN CRISTOBAL
10518067,2020-07-18,ANTONIO NARIÑO,-74.1053139,4.58450548500002,True,True,RAFAEL URIBE URIBE
10518074,2020-07-16,TEUSAQUILLO,-74.106597793,4.64963436699998,True,True,FONTIBON
10518081,2020-07-18,SUBA,,,False,False,
10518083,2020-07-18,LOS MÁRTIRES,-74.085769581,4.595458963,True,True,SANTA FE
10518495,2020-08-08,LOS MÁRTIRES,-74.107169231,4.59813142299998,True,True,ANTONIO NARINO
10518915,2020-05-24,BARRIOS UNIDOS,-74.086024919,4.67769288300002,True,True,ENGATIVA
10519316,2020-09-07,PUENTE ARANDA,-74.100542022,4.60344227000002,True,True,LOS MARTIRES
10519323,2020-09-07,SAN CRISTÓBAL,-74.121792561,4.57581634600001,True,True,RAFAEL URIBE URIBE
10519328,2020-09-02,TEUSAQUILLO,-74.121607522,4.58059373899999,True,True,RAFAEL URIBE URIBE
10519337,2020-09-03,BOSA,-74.172975386,4.61686814299998,True,True,KENNEDY
10520122,2020-09-19,BOSA,-74.153907232,4.59706532500002,True,True,CIUDAD BOLIVAR
10520139,2020-09-19,RAFAEL URIBE URIBE,-74.03275808,4.70357630699999,True,True,USAQUEN
10521320,2020-09-29,ENGATIVÁ,-74.119929265,4.69134519300002,True,True,FONTIBON
10521330,2020-09-26,SANTA FE,-74.078482006,4.59913676999997,True,True,CANDELARIA
10521338,2020-09-26,SAN CRISTÓBAL,-74.098049144,4.57211227200003,True,True,RAFAEL URIBE URIBE
10522512,2020-10-08,SAN CRISTÓBAL,-74.082548461,4.605852325,True,True,LOS MARTIRES
10522534,2020-10-06,TEUSAQUILLO,-74.094370034,4.66673135299999,True,True,ENGATIVA
10522943,2020-10-10,BARRIOS UNIDOS,-74.084703504,4.67944572099998,True,True,ENGATIVA
10522946,2020-10-12,KENNEDY,-74.116427845,4.67460568000001,True,True,ENGATIVA
10516809,2020-06-16,USME,,,False,False,
10517232,2020-06-24,SAN CRISTÓBAL,-74.081762182,4.58664423900001,True,True,SANTA FE
10517233,2020-06-18,ANTONIO NARIÑO,-74.100876458,4.58006382899998,True,True,RAFAEL URIBE URIBE
10517237,2020-06-21,PUENTE ARANDA,-74.094348037,4.64019366600002,True,True,TEUSAQUILLO
10517642,2020-07-04,KENNEDY,,,False,False,
10517650,2020-07-06,USAQUÉN,-74.055133024,4.70140338300001,True,True,SUBA
10518093,2020-07-19,ANTONIO NARIÑO,-74.136696555,4.59061298,True,True,TUNJUELITO
10518097,2020-07-19,LOS MÁRTIRES,-74.055878547,4.721659429,True,True,SUBA
10518098,2020-07-19,RAFAEL URIBE URIBE,-74.126296475,4.56361563600001,True,True,TUNJUELITO
10518110,2020-07-22,LOS MÁRTIRES,-74.100722099,4.58740375899998,True,True,ANTONIO NARINO
10518512,2020-08-06,ANTONIO NARIÑO,-74.086966503,4.59066562300001,True,True,SANTA FE
10518513,2020-08-04,BARRIOS UNIDOS,-74.060034199,4.66801077299999,True,True,CHAPINERO
10518515,2020-08-04,TUNJUELITO,-74.142269196,4.59547290099999,True,True,KENNEDY
10518523,2020-08-05,BARRIOS UNIDOS,-74.148138249,4.568235786,True,True,CIUDAD BOLIVAR
10518948,2020-08-22,SAN CRISTÓBAL,-74.117379694,4.57642045900002,True,True,RAFAEL URIBE URIBE
10519351,2020-09-10,TUNJUELITO,-74.140165732,4.59536342299998,True,True,KENNEDY
10519354,2020-09-06,USME,,,False,False,
10519360,2020-09-09,ANTONIO NARIÑO,-74.084618915,4.59696599500001,True,True,SANTA FE
10522544,2020-10-08,KENNEDY,-74.146601327,4.59491498800003,True,True,TUNJUELITO
10522555,2020-10-06,KENNEDY,-74.07487339,4.72200813199998,True,True,SUBA
10522958,2020-10-13,SAN CRISTÓBAL,-74.102772028,4.56684776600002,True,True,RAFAEL URIBE URIBE
10522963,2020-10-13,USAQUÉN,-74.054021075,4.70808605000002,True,True,SUBA
10522967,2020-10-10,SANTA FE,-74.083915147,4.59823619299999,True,True,LOS MARTIRES
10517244,2020-06-22,PUENTE ARANDA,-74.136630715,4.59740021900001,True,True,KENNEDY
10517247,2020-06-24,SAN CRISTÓBAL,-74.0904257,4.58146596699999,True,True,ANTONIO NARINO
10517259,2020-06-27,TUNJUELITO,-74.123481089,4.55964631199998,True,True,RAFAEL URIBE URIBE
10518137,2020-07-22,PUENTE ARANDA,-74.12661285,4.61745528400002,True,True,KENNEDY
10518139,2020-07-20,PUENTE ARANDA,,,False,False,
10518541,2020-08-08,LOS MÁRTIRES,-74.090834797,4.592485834,True,True,ANTONIO NARINO
10519370,2020-09-05,TUNJUELITO,-74.12516012,4.564161834,True,True,RAFAEL URIBE URIBE
10519371,2020-09-10,BOSA,-74.15806532,4.59603345199997,True,True,CIUDAD BOLIVAR
10519375,2020-09-08,KENNEDY,,,False,False,
10519386,2020-09-05,SAN CRISTÓBAL,-74.097078685,4.57319579699998,True,True,RAFAEL URIBE URIBE
10519785,2020-09-17,CHAPINERO,-74.057214005,4.68739177499998,True,True,SUBA
10520182,2020-09-19,CIUDAD BOLÍVAR,,,False,False,
10520578,2020-09-23,USAQUÉN,-74.057571179,4.68661015100002,True,True,BARRIOS UNIDOS
10521773,2020-10-03,SANTA FE,-74.065516734,4.59962387500002,True,True,CANDELARIA
10516872,2020-06-17,CIUDAD BOLÍVAR,-74.14565066,4.57843765400003,True,True,TUNJUELITO
10516873,2020-06-16,USAQUÉN,-74.051849644,4.71905304699999,True,True,SUBA
10517271,2020-06-23,ENGATIVÁ,-74.094986284,4.66424327700003,True,True,TEUSAQUILLO
10517281,2020-06-23,TEUSAQUILLO,-74.092909817,4.66606886099999,True,True,BARRIOS UNIDOS
10518148,2020-07-16,TEUSAQUILLO,-74.091479571,4.66880216099997,True,True,BARRIOS UNIDOS
10518160,2020-07-23,ENGATIVÁ,-74.105634048,4.65601739700003,True,True,FONTIBON
10518993,2020-08-21,PUENTE ARANDA,-74.09530567,4.58509386399999,True,True,ANTONIO NARINO
10519006,2020-08-24,CIUDAD BOLÍVAR,-74.121858283,4.51413684900001,True,True,USME
10519395,2020-09-08,USAQUÉN,-74.116899188,4.49467901700001,True,True,USME
10519399,2020-09-08,ANTONIO NARIÑO,-74.099853213,4.60046192900001,True,True,LOS MARTIRES
10519404,2020-09-08,USME,,,False,False,
10519405,2020-09-07,LOS MÁRTIRES,-74.089325173,4.67189324100002,True,True,ENGATIVA
10520612,2020-09-16,SAN CRISTÓBAL,-74.10560125,4.56544105099999,True,True,RAFAEL URIBE URIBE
10529260,2020-12-17,USME,-74.12143129,4.55436121399998,True,True,TUNJUELITO
10523412,2020-10-14,ANTONIO NARIÑO,-74.116250284,4.588369887,True,True,RAFAEL URIBE URIBE
10523422,2020-10-14,ANTONIO NARIÑO,-74.096501453,4.59428003699998,True,True,LOS MARTIRES
10524604,2020-10-20,PUENTE ARANDA,-74.093495104,4.602329629,True,True,LOS MARTIRES
10525013,2020-05-07,USME,-74.053216162,4.67431254100001,True,True,CHAPINERO
10525015,2020-10-24,LOS MÁRTIRES,-74.097684815,4.60729177100001,True,True,PUENTE ARANDA
10525016,2020-10-20,LOS MÁRTIRES,-74.077249524,4.62179208800001,True,True,TEUSAQUILLO
10525021,2020-10-21,TEUSAQUILLO,-74.067597756,4.65024768299998,True,True,BARRIOS UNIDOS
10525801,2020-11-03,LOS MÁRTIRES,-74.102113504,4.60208558400001,True,True,PUENTE ARANDA
10526177,2020-09-21,BOSA,-74.162188008,4.595784133,True,True,CIUDAD BOLIVAR
10526187,2020-11-07,USAQUÉN,-74.045687357,4.757362806,True,True,SUBA
10526190,2020-11-07,KENNEDY,,,False,False,
10526200,2020-11-07,FONTIBÓN,-74.079012793,4.61949729299999,True,True,LOS MARTIRES
10527757,2020-11-29,SAN CRISTÓBAL,-74.065861522,4.64899263500001,True,True,TEUSAQUILLO
10528114,2020-12-03,BOSA,-74.161716474,4.59468874300001,True,True,CIUDAD BOLIVAR
10528124,2020-12-03,ANTONIO NARIÑO,-74.101943452,4.58079718300002,True,True,RAFAEL URIBE URIBE
10524634,2020-10-20,TEUSAQUILLO,-74.06332289,4.62074792499999,True,True,SANTA FE
10525047,2020-10-25,SAN CRISTÓBAL,-74.0647783,4.61445418699998,True,True,SANTA FE
10525824,2020-11-05,BARRIOS UNIDOS,-74.081423332,4.68211103599998,True,True,ENGATIVA
10527763,2020-11-29,RAFAEL URIBE URIBE,-74.094637347,4.575717629,True,True,SAN CRISTOBAL
10527768,2020-11-29,KENNEDY,-74.181960523,4.63018814600002,True,True,BOSA
10528136,2020-12-02,BARRIOS UNIDOS,-74.080935403,4.65248493600001,True,True,TEUSAQUILLO
10528915,2020-12-12,BOSA,-74.178310015,4.61131669600002,True,True,KENNEDY
10524651,2020-10-20,CHAPINERO,-74.060476551,4.66965084899999,True,True,BARRIOS UNIDOS
10524657,2020-10-20,LOS MÁRTIRES,-74.070586854,4.59401997499998,True,True,CANDELARIA
10524661,2020-10-21,USAQUÉN,-74.056983334,4.67955658800003,True,True,CHAPINERO
10524666,2020-10-21,BOSA,,,False,False,
10525051,2020-10-25,KENNEDY,,,False,False,
10525066,2020-10-25,CHAPINERO,-74.06713789,4.63648654600001,True,True,TEUSAQUILLO
10525471,2020-10-29,BOSA,-74.175389262,4.59657703200003,True,True,CIUDAD BOLIVAR
10526237,2020-11-07,SANTA FE,-74.071416216,4.58987597800001,True,True,CANDELARIA
10526650,2020-11-13,PUENTE ARANDA,-74.106273183,4.59878247099999,True,True,LOS MARTIRES
10526652,2020-11-13,TEUSAQUILLO,-74.083375764,4.624035714,True,True,LOS MARTIRES
10527021,2020-11-20,LOS MÁRTIRES,-74.091827648,4.61431760599999,True,True,PUENTE ARANDA
10523893,2020-10-16,SAN CRISTÓBAL,-74.068251204,4.635367917,True,True,TEUSAQUILLO
10524288,2020-10-20,ANTONIO NARIÑO,-74.086427155,4.58682655799998,True,True,SAN CRISTOBAL
10525077,2020-10-25,CHAPINERO,-74.060476551,4.66965084899999,True,True,BARRIOS UNIDOS
10525085,2020-10-26,CHAPINERO,-74.068118261,4.63075218699998,True,True,TEUSAQUILLO
10525089,2020-10-25,USME,-74.12109165,4.54615957700003,True,True,RAFAEL URIBE URIBE
10525473,2020-10-30,BARRIOS UNIDOS,,,False,False,
10525481,2020-10-29,KENNEDY,,,False,False,
10525854,2020-08-28,SAN CRISTÓBAL,-74.063790399,4.65712855599998,True,True,BARRIOS UNIDOS
10526259,2020-11-08,RAFAEL URIBE URIBE,-74.094637347,4.575717629,True,True,SAN CRISTOBAL
10526655,2020-11-13,TEUSAQUILLO,-74.092909817,4.66606886099999,True,True,BARRIOS UNIDOS
10528198,2020-12-04,USME,-74.127293579,4.53377249300001,True,True,CIUDAD BOLIVAR
10528201,2020-12-06,USAQUÉN,-74.051697364,4.72158374999998,True,True,SUBA
10528576,2020-12-09,CHAPINERO,-74.111049224,4.63142225000001,True,True,PUENTE ARANDA
10528978,2020-12-11,TEUSAQUILLO,-74.106597793,4.64963436699998,True,True,FONTIBON
10525898,2020-11-05,ANTONIO NARIÑO,-74.109977906,4.58862877500002,True,True,RAFAEL URIBE URIBE
10525901,2020-11-05,CHAPINERO,-74.030658535,4.67651992700002,True,True,USAQUEN
10527063,2020-11-20,RAFAEL URIBE URIBE,-74.098648317,4.544339966,True,True,SAN CRISTOBAL
10527064,2020-11-20,CIUDAD BOLÍVAR,-74.112315868,4.50672942900002,True,True,USME
10527070,2020-11-20,PUENTE ARANDA,-74.125984297,4.591524617,True,True,ANTONIO NARINO
10527449,2020-11-24,SANTA FE,-74.081074371,4.59512095299999,True,True,CANDELARIA
10527458,2020-11-24,LOS MÁRTIRES,-74.090834797,4.592485834,True,True,ANTONIO NARINO
10528219,2020-12-04,BOSA,-74.157994163,4.59604989899998,True,True,CIUDAD BOLIVAR
10528222,2020-12-04,BOSA,-74.168870253,4.59565416700002,True,True,CIUDAD BOLIVAR
10529000,2020-12-13,CIUDAD BOLÍVAR,-74.165477422,4.59595988799998,True,True,BOSA
10529340,2020-12-17,TUNJUELITO,-74.13926699,4.56088804699999,True,True,CIUDAD BOLIVAR
10529346,2020-12-17,BOSA,-74.176039015,4.59666604500001,True,True,CIUDAD BOLIVAR
10523925,2020-10-15,PUENTE ARANDA,-74.119544579,4.63622036800001,True,True,KENNEDY
10523929,2020-10-17,ENGATIVÁ,-74.1317574,4.70025338099998,True,True,FONTIBON
10523932,2020-10-15,PUENTE ARANDA,-74.129885495,4.60797638899999,True,True,KENNEDY
10523941,2020-10-17,KENNEDY,-74.10655952,4.65789364199998,True,True,FONTIBON
10524320,2020-10-20,USAQUÉN,-74.045718942,4.68362551299998,True,True,CHAPINERO
10525136,2020-10-26,TEUSAQUILLO,-74.078025244,4.65233818500002,True,True,BARRIOS UNIDOS
10526310,2020-11-08,TEUSAQUILLO,-74.074580693,4.61771623099997,True,True,LOS MARTIRES
10526706,2020-11-15,RAFAEL URIBE URIBE,-74.123914874,4.55928254700001,True,True,TUNJUELITO
10526711,2020-11-16,BOSA,,,False,False,
10528237,2020-12-05,BOSA,,,False,False,
10529006,2020-12-14,CIUDAD BOLÍVAR,-74.118185685,4.56710037599998,True,True,RAFAEL URIBE URIBE
10523948,2020-10-17,BARRIOS UNIDOS,-74.089112531,4.65993107200001,True,True,TEUSAQUILLO
10525147,2020-10-25,SANTA FE,-74.0703651,4.59199558199998,True,True,CANDELARIA
10526334,2020-11-11,BOSA,-74.182525955,4.61870578399999,True,True,KENNEDY
10526344,2020-11-09,LOS MÁRTIRES,-74.09338925,4.61237335700002,True,True,PUENTE ARANDA
10526348,2020-11-09,USAQUÉN,,,False,False,
10526730,2020-11-17,SAN CRISTÓBAL,-74.119628421,4.57586090699999,True,True,RAFAEL URIBE URIBE
10526739,2020-11-11,USAQUÉN,,,False,False,
10527124,2020-11-19,PUENTE ARANDA,-74.122317218,4.62945680299998,True,True,KENNEDY
10527128,2020-11-22,CANDELARIA,-74.077264707,4.59033386300001,True,True,SANTA FE
10527131,2020-11-20,SANTA FE,-74.08469948,4.59720792500002,True,True,LOS MARTIRES
10527504,2020-11-26,USAQUÉN,-74.055426731,4.697741463,True,True,SUBA
10527505,2020-11-26,FONTIBÓN,-74.106625646,4.65897167899999,True,True,ENGATIVA
10527885,2020-11-28,SAN CRISTÓBAL,-74.117968589,4.53464034799998,True,True,USME
10528256,2020-12-06,BOSA,-74.168911736,4.59566434800001,True,True,CIUDAD BOLIVAR
10528263,2020-12-06,USAQUÉN,-74.057402403,4.68470357199999,True,True,CHAPINERO
10523196,2020-10-14,PUENTE ARANDA,,,False,False,
10523200,2020-10-14,CIUDAD BOLÍVAR,,,False,False,
10525176,2020-10-25,SANTA FE,,,False,False,
10525182,2020-10-27,TUNJUELITO,-74.148934152,4.57586718300001,True,True,CIUDAD BOLIVAR
10525183,2020-10-27,SAN CRISTÓBAL,-74.098065396,4.57215149899997,True,True,RAFAEL URIBE URIBE
10525574,2020-10-30,BARRIOS UNIDOS,-74.060792979,4.66521783000002,True,True,CHAPINERO
10525584,2020-10-31,LOS MÁRTIRES,-74.085979293,4.62129399899999,True,True,PUENTE ARANDA
10525588,2020-10-30,SAN CRISTÓBAL,-74.064533288,4.61698961799999,True,True,SANTA FE
10527140,2020-11-21,ENGATIVÁ,-74.11970463,4.67898742599999,True,True,FONTIBON
10527149,2020-11-22,SANTA FE,-74.07635397,4.60870172099999,True,True,LOS MARTIRES
10527150,2020-11-22,RAFAEL URIBE URIBE,-74.092149759,4.52793819200002,True,True,SAN CRISTOBAL
10527160,2020-11-22,PUENTE ARANDA,-74.107169231,4.59813142299998,True,True,ANTONIO NARINO
10527543,2020-11-26,TUNJUELITO,,,False,False,
10528303,2020-12-05,TUNJUELITO,-74.146147675,4.59515706100001,True,True,KENNEDY
10529063,2020-12-13,KENNEDY,-74.203863946,4.63085211800001,True,True,BOSA
10523211,2020-10-13,USAQUÉN,-74.0370994,4.80969009900002,True,True,SUBA
10523228,2020-10-13,TUNJUELITO,-74.116380013,4.52219551000002,True,True,USME
10524794,2020-10-19,CIUDAD BOLÍVAR,-74.148505709,4.590707012,True,True,TUNJUELITO
10525592,2020-10-30,BARRIOS UNIDOS,-74.084164328,4.65367846599997,True,True,TEUSAQUILLO
10526375,2020-11-09,SAN CRISTÓBAL,-74.098049144,4.57211227200003,True,True,RAFAEL URIBE URIBE
10526391,2020-11-09,SAN CRISTÓBAL,-74.111330771,4.545743469,True,True,RAFAEL URIBE URIBE
10527548,2020-11-26,BOSA,-74.178835479,4.63216420100002,True,True,KENNEDY
10528304,2020-12-06,USAQUÉN,-74.048864744,4.73882583099999,True,True,SUBA
10528307,2020-12-05,SAN CRISTÓBAL,-74.073828434,4.589847873,True,True,CANDELARIA
10528312,2020-12-05,USME,-74.121103087,4.54625060900003,True,True,RAFAEL URIBE URIBE
10528317,2020-12-05,PUENTE ARANDA,-74.088103709,4.61833303899999,True,True,LOS MARTIRES
10528323,2020-12-06,PUENTE ARANDA,-74.13436477,4.60072372299999,True,True,KENNEDY
10529080,2020-12-14,FONTIBÓN,-74.133502441,4.64927047200001,True,True,KENNEDY
10529098,2020-12-15,KENNEDY,,,False,False,
10524030,2020-10-18,RAFAEL URIBE URIBE,-74.122783939,4.55844344799999,True,True,TUNJUELITO
10525617,2020-10-31,USME,-74.121093722,4.54618893700001,True,True,RAFAEL URIBE URIBE
10525628,2020-10-31,BARRIOS UNIDOS,-74.067665574,4.65011304699999,True,True,TEUSAQUILLO
10525632,2020-10-31,CHAPINERO,-74.060186914,4.670760309,True,True,BARRIOS UNIDOS
10526005,2020-11-04,LOS MÁRTIRES,-74.094908011,4.61034361499998,True,True,PUENTE ARANDA
10526420,2020-11-11,SAN CRISTÓBAL,-74.065209891,4.65253205699997,True,True,BARRIOS UNIDOS
10527203,2020-11-23,CIUDAD BOLÍVAR,-74.142617307,4.57946053500001,True,True,TUNJUELITO
10528330,2020-12-07,USAQUÉN,-74.045311207,4.76052284799999,True,True,SUBA
10523661,2020-10-14,SAN CRISTÓBAL,-74.06477631999999,4.649598459,True,True,TEUSAQUILLO
10524848,2020-10-19,CIUDAD BOLÍVAR,,,False,False,
10524868,2020-10-22,ANTONIO NARIÑO,-74.089797765,4.582106963,True,True,SAN CRISTOBAL
10525640,2020-11-01,SAN CRISTÓBAL,-74.062549738,4.650399204,True,True,CHAPINERO
10525641,2020-10-31,ANTONIO NARIÑO,-74.114338313,4.59599039800003,True,True,PUENTE ARANDA
10525643,2020-11-02,PUENTE ARANDA,-74.119510407,4.63627298300003,True,True,KENNEDY
10525650,2020-11-02,KENNEDY,-74.180004403,4.634567022,True,True,BOSA
10525663,2020-11-01,BOSA,-74.168911736,4.59566434800001,True,True,CIUDAD BOLIVAR
10526448,2020-11-11,USAQUÉN,-74.04457056,4.76507712900002,True,True,SUBA
10523684,2020-10-15,TUNJUELITO,-74.150309878,4.53160956099998,True,True,CIUDAD BOLIVAR
10523700,2020-10-15,USAQUÉN,-74.048864744,4.73882583099999,True,True,SUBA
10524070,2020-10-19,BARRIOS UNIDOS,-74.081423332,4.68211103599998,True,True,ENGATIVA
10524087,2020-10-19,ENGATIVÁ,-74.196233856,4.62871928700002,True,True,BOSA
10524088,2020-10-18,TEUSAQUILLO,-74.097333838,4.66158156500001,True,True,ENGATIVA
10526455,2020-11-12,USME,-74.135948545,4.54455239999999,True,True,CIUDAD BOLIVAR
10526463,2020-11-12,KENNEDY,-74.179443706,4.61900246099998,True,True,BOSA
10526857,2020-11-18,TEUSAQUILLO,-74.067719435,4.63162283899999,True,True,CHAPINERO
10527234,2020-11-22,USME,-74.030610336,4.69209477800001,True,True,USAQUEN
10527235,2020-11-23,USME,-74.136631316,4.55065171899997,True,True,CIUDAD BOLIVAR
10527236,2020-11-22,SAN CRISTÓBAL,-74.06744812,4.62602033000002,True,True,SANTA FE
10527237,2020-11-24,TUNJUELITO,-74.13782072,4.59499577999998,True,True,KENNEDY
10527623,2020-11-24,TEUSAQUILLO,-74.106597793,4.64963436699998,True,True,FONTIBON
10528005,2020-11-27,LOS MÁRTIRES,-74.092922541,4.61289409400001,True,True,PUENTE ARANDA
10523704,2020-10-16,CIUDAD BOLÍVAR,-74.144892577,4.587718521,True,True,TUNJUELITO
10523708,2020-10-16,BOSA,,,False,False,
10523709,2020-10-15,CIUDAD BOLÍVAR,-74.137615155,4.59526639299997,True,True,PUENTE ARANDA
10524914,2020-10-24,CANDELARIA,-74.076784916,4.60219963499998,True,True,SANTA FE
10525702,2020-10-31,KENNEDY,-74.124145277,4.59894809399998,True,True,PUENTE ARANDA
10526100,2020-11-06,USAQUÉN,-74.05274408,4.71557133499999,True,True,SUBA
10526878,2020-11-17,LOS MÁRTIRES,-74.094908011,4.61034361499998,True,True,PUENTE ARANDA
10527645,2020-11-26,LOS MÁRTIRES,-74.08680402,4.59427888300002,True,True,SANTA FE
10527655,2020-11-27,BOSA,-74.178382443,4.63119170700003,True,True,KENNEDY
10528013,2020-11-30,BARRIOS UNIDOS,-74.072574775,4.65099146,True,True,TEUSAQUILLO
10529190,2020-12-16,USME,-74.121091732,4.54587651700001,True,True,RAFAEL URIBE URIBE
10524132,2020-10-19,BOSA,-74.155402971,4.58116493199998,True,True,CIUDAD BOLIVAR
10525730,2020-11-04,RAFAEL URIBE URIBE,-74.095896235,4.58481745,True,True,ANTONIO NARINO
10528047,2020-12-02,SAN CRISTÓBAL,-74.084952209,4.58932514999998,True,True,ANTONIO NARINO
10528049,2020-12-02,BOSA,-74.179844945,4.57998326400002,True,True,CIUDAD BOLIVAR
10528054,2020-12-01,TEUSAQUILLO,-74.074438163,4.65143712399998,True,True,BARRIOS UNIDOS
10528430,2020-12-02,SANTA FE,-74.060185622,4.60165447899999,True,True,CANDELARIA
10528432,2020-12-05,PUENTE ARANDA,-74.136828404,4.59696578500001,True,True,KENNEDY
10528813,2020-12-12,CANDELARIA,-74.072512742,4.60096592799999,True,True,SANTA FE
10525351,2020-10-27,TEUSAQUILLO,-74.103298541,4.653672675,True,True,ENGATIVA
10525359,2020-10-27,PUENTE ARANDA,-74.056327785,4.75995682400003,True,True,SUBA
10525363,2020-10-27,PUENTE ARANDA,-74.134861533,4.59995759100002,True,True,KENNEDY
10525371,2020-10-29,ANTONIO NARIÑO,-74.105073536,4.58420496500003,True,True,RAFAEL URIBE URIBE
10525745,2020-11-04,ANTONIO NARIÑO,-74.102678244,4.581338367,True,True,RAFAEL URIBE URIBE
10526551,2020-11-10,SANTA FE,-74.078459256,4.59917037700001,True,True,CANDELARIA
10526918,2020-11-14,LOS MÁRTIRES,-74.085792748,4.595533117,True,True,SANTA FE
10526937,2020-11-19,USAQUÉN,-74.043803229,4.769324729,True,True,SUBA
10526939,2020-11-19,USAQUÉN,-74.041615478,4.68154115300001,True,True,CHAPINERO
10527304,2020-10-02,PUENTE ARANDA,-74.128251586,4.61226682099999,True,True,KENNEDY
10527313,2020-11-23,TUNJUELITO,-74.074083138,4.64120050299999,True,True,TEUSAQUILLO
10527323,2020-11-24,TUNJUELITO,-74.137264668,4.59512745500001,True,True,PUENTE ARANDA
10527694,2020-11-24,ANTONIO NARIÑO,-74.102925793,4.59488389500001,True,True,LOS MARTIRES
10528075,2020-11-30,ANTONIO NARIÑO,-74.116250284,4.588369887,True,True,RAFAEL URIBE URIBE
10528080,2020-12-02,USME,-74.126462143,4.56676770899998,True,True,RAFAEL URIBE URIBE
10528083,2020-11-30,KENNEDY,-74.113038716,4.66935876299999,True,True,ENGATIVA
10528084,2020-12-03,BOSA,-74.153680668,4.59642428400002,True,True,CIUDAD BOLIVAR
10528446,2020-12-07,BOSA,-74.179653008,4.63401172900001,True,True,KENNEDY
10528814,2020-12-11,USME,,,False,False,
10528817,2020-12-11,TUNJUELITO,-74.121372571,4.555410145,True,True,RAFAEL URIBE URIBE
10528819,2020-12-12,USME,-74.044206831,4.66912698900001,True,True,CHAPINERO
10528824,2020-12-12,SAN CRISTÓBAL,-74.098049144,4.57211227200003,True,True,RAFAEL URIBE URIBE
10528828,2020-12-12,USME,-74.121082902,4.54581697200001,True,True,RAFAEL URIBE URIBE
10529241,2020-12-16,SUMAPAZ,-74.128591633,4.46709924300001,True,True,USME
10524177,2020-08-28,USAQUÉN,-74.035511928,4.81966000199998,True,True,SUBA
10524574,2020-10-04,ANTONIO NARIÑO,-74.089888327,4.59231516400001,True,True,LOS MARTIRES
10524578,2020-10-08,SANTA FE,-74.078282556,4.59944256400001,True,True,CANDELARIA
10525376,2020-10-29,PUENTE ARANDA,-74.119544579,4.63622036800001,True,True,KENNEDY
10525379,2020-10-29,TEUSAQUILLO,-74.110354555,4.64571063800003,True,True,FONTIBON
10525392,2020-10-29,RAFAEL URIBE URIBE,,,False,False,
10525395,2020-10-29,BOSA,-74.15497291,4.59658743199998,True,True,CIUDAD BOLIVAR
10526554,2020-11-10,TEUSAQUILLO,-74.069130585,4.62462251199997,True,True,SANTA FE
10526570,2020-11-12,RAFAEL URIBE URIBE,-74.131427755,4.593898276,True,True,PUENTE ARANDA
10526574,2020-11-13,SAN CRISTÓBAL,-74.098049144,4.57211227200003,True,True,RAFAEL URIBE URIBE
10526576,2020-11-13,KENNEDY,-74.137692978,4.59500872799998,True,True,PUENTE ARANDA
10527328,2020-11-24,SAN CRISTÓBAL,-74.098049144,4.57211227200003,True,True,RAFAEL URIBE URIBE
10527329,2020-11-23,PUENTE ARANDA,-74.125477438,4.62101441099998,True,True,KENNEDY
10528090,2020-11-30,CIUDAD BOLÍVAR,,,False,False,
10528095,2020-12-01,TUNJUELITO,-74.125865967,4.59448025799998,True,True,PUENTE ARANDA
10528099,2020-12-01,LOS MÁRTIRES,-74.096271455,4.60869140199998,True,True,PUENTE ARANDA
10528472,2020-12-06,PUENTE ARANDA,-74.125643395,4.620485406,True,True,KENNEDY
10528843,2020-12-07,BARRIOS UNIDOS,-74.087380989,4.675400825,True,True,ENGATIVA
10532058,2021-01-30,KENNEDY,-74.15368261,4.57431923000001,True,True,CIUDAD BOLIVAR
10531547,2021-01-04,TUNJUELITO,-74.124013956,4.56112156900002,True,True,RAFAEL URIBE URIBE
10529634,2020-12-20,BARRIOS UNIDOS,-74.056886436,4.68717696499999,True,True,USAQUEN
10529990,2020-12-25,SANTA FE,-74.081074371,4.59512095299999,True,True,CANDELARIA
10529992,2020-12-25,TEUSAQUILLO,,,False,False,
10529997,2020-12-26,ANTONIO NARIÑO,-74.125911167,4.61966310000003,True,True,KENNEDY
10530357,2020-12-30,BOSA,-74.160717034,4.59614256100002,True,True,CIUDAD BOLIVAR
10582396,2022-10-08,USME,-74.087,4.525,True,True,SAN CRISTOBAL
10584667,2022-12-01,BOSA,-74.18022679939,4.59678810328,True,True,CIUDAD BOLIVAR
10590471,2023-04-27,PUENTE ARANDA,-74.10349635069,4.60073776732,True,True,LOS MARTIRES
10592149,2023-06-08,TEUSAQUILLO,-74.07903460448,4.62390117026,True,True,LOS MARTIRES
10594112,2023-07-30,LOS MÁRTIRES,-74.08539680426,4.62227569296,True,True,PUENTE ARANDA
10594124,2023-07-29,SANTA FE,-74.06953023709,4.59824131151,True,True,CANDELARIA
10594128,2023-07-29,ANTONIO NARIÑO,-74.08920842977,4.59193407499,True,True,LOS MARTIRES
10600320,2024-01-06,CHAPINERO,-74.06711754982,4.63650651303,True,True,TEUSAQUILLO
10600354,2024-01-08,SANTA FE,-74.0692820925,4.59921917991,True,True,CANDELARIA
10598687,2023-11-22,PUENTE ARANDA,-74.11239055579,4.59454576034,True,True,ANTONIO NARINO
10598689,2023-11-23,RAFAEL URIBE URIBE,-74.1153409478,4.58840084721,True,True,ANTONIO NARINO
10599010,2023-12-03,CHAPINERO,-74.0653255798,4.64625401054,True,True,TEUSAQUILLO
10531613,2021-01-06,USME,-74.09092603,4.519867831,True,True,SAN CRISTOBAL
10529640,2020-12-20,BOSA,-74.153665542,4.59643358400001,True,True,CIUDAD BOLIVAR
10529648,2020-12-20,SAN CRISTÓBAL,-74.090941078,4.51410474099998,True,True,USME
10530018,2020-12-24,TUNJUELITO,-74.148327905,4.59507019900002,True,True,KENNEDY
10530393,2020-12-29,BOSA,-74.178700754,4.59677645300002,True,True,CIUDAD BOLIVAR
10530399,2020-12-29,TEUSAQUILLO,-74.068835218,4.625372427,True,True,SANTA FE
10586515,2023-01-19,BOSA,-74.15826901019,4.59609157983,True,True,CIUDAD BOLIVAR
10586661,2023-01-23,BOSA,-74.16390038853,4.59442392911,True,True,CIUDAD BOLIVAR
10592358,2023-06-14,CANDELARIA,-74.07735413988,4.59009062644,True,True,SANTA FE
10592770,2023-06-24,BARRIOS UNIDOS,-74.09236773698,4.6300061694,True,True,TEUSAQUILLO
10592785,2023-06-23,SANTA FE,-74.07499303547,4.59252690191,True,True,CANDELARIA
10593594,2023-07-14,LOS MÁRTIRES,-74.07367814962,4.61341029941,True,True,SANTA FE
10593608,2023-07-14,BOSA,-74.17861608644,4.63168618165,True,True,KENNEDY
10587501,2023-02-16,BOSA,-74.1694703888,4.59581570367,True,True,CIUDAD BOLIVAR
10595328,2023-08-25,TUNJUELITO,-74.136545313,4.54591408773,True,True,CIUDAD BOLIVAR
10595528,2023-09-02,TEUSAQUILLO,-74.07345024531,4.65118617378,True,True,BARRIOS UNIDOS
10595075,2023-08-22,LOS MÁRTIRES,-74.07102016394,4.61410547433,True,True,SANTA FE
10595568,2023-09-03,BOSA,-74.1798749346,4.63460570054,True,True,KENNEDY
10531171,2021-01-21,RAFAEL URIBE URIBE,-74.100558264,4.54918791599999,True,True,SAN CRISTOBAL
10530402,2020-12-29,ANTONIO NARIÑO,-74.107708809,4.58750362799998,True,True,RAFAEL URIBE URIBE
10530405,2020-12-30,TEUSAQUILLO,-74.074580693,4.61771623099997,True,True,LOS MARTIRES
10586680,2023-01-25,BARRIOS UNIDOS,-74.08349761419,4.65290982675,True,True,TEUSAQUILLO
10594058,2023-07-27,BARRIOS UNIDOS,-74.06178738696,4.68827285956,True,True,SUBA
10594264,2023-08-02,TUNJUELITO,-74.14467768886,4.59522133622,True,True,KENNEDY
10588431,2023-03-06,LOS MÁRTIRES,-74.0685096163,4.60221892163,True,True,SANTA FE
10595000,2023-08-19,SANTA FE,-74.07637679873,4.59653347272,True,True,CANDELARIA
10596491,2023-09-20,TEUSAQUILLO,-74.0921345133,4.66471867322,True,True,BARRIOS UNIDOS
10596543,2023-09-28,BOSA,-74.18356967752,4.59636513585,True,True,CIUDAD BOLIVAR
10595859,2023-09-06,PUENTE ARANDA,-74.0902442782,4.61593705906,True,True,LOS MARTIRES
10597184,2023-10-15,TEUSAQUILLO,-74.0690932783,4.62460234763,True,True,SANTA FE
10597231,2023-10-15,SUBA,-74.06576303427,4.67907962602,True,True,BARRIOS UNIDOS
10596967,2023-10-06,PUENTE ARANDA,-74.104200653,4.60013208999999,True,True,LOS MARTIRES
10530991,2021-01-16,PUENTE ARANDA,-74.129724526,4.608521107,True,True,KENNEDY
10586694,2023-01-25,SANTA FE,-74.06477598168,4.59940681574,True,True,CANDELARIA
10579060,2022-08-13,PUENTE ARANDA,-74.107,4.59800000000001,True,True,ANTONIO NARINO
10579062,2022-08-19,SANTA FE,-74.088,4.59100000000001,True,True,ANTONIO NARINO
10586740,2023-01-29,FONTIBÓN,-74.119392993,4.67928692599997,True,True,ENGATIVA
10586998,2023-02-02,TEUSAQUILLO,-74.08343132771,4.62456622466,True,True,PUENTE ARANDA
10588751,2023-03-13,BOSA,-74.16547916278,4.59563657659,True,True,CIUDAD BOLIVAR
10588752,2023-03-15,USAQUÉN,-74.03543949955,4.82064827513,True,True,SUBA
10589258,2023-03-26,CANDELARIA,-74.0813931571,4.59506146851,True,True,SANTA FE
10597716,2023-10-28,SANTA FE,-74.07126692717,4.5968904947,True,True,CANDELARIA
10597724,2023-10-27,SANTA FE,-74.05816978187,4.62464513366,True,True,CHAPINERO
10597940,2023-11-04,SANTA FE,-74.07494398705,4.61313765637,True,True,LOS MARTIRES
10597954,2023-11-04,SANTA FE,-74.06863490275,4.59033784334,True,True,CANDELARIA
10596519,2023-09-28,BOSA,-74.16402442043,4.59552563031,True,True,CIUDAD BOLIVAR
10596526,2023-09-28,BOSA,-74.16731683199,4.59557241806,True,True,CIUDAD BOLIVAR
10595294,2023-09-04,CIUDAD BOLÍVAR,-74.12619856779,4.5256600828,True,True,USME
10598203,2023-11-12,SANTA FE,-74.07320959276,4.61615412814,True,True,TEUSAQUILLO
10530799,2020-12-27,PUENTE ARANDA,-74.108308554,4.59740927500002,True,True,ANTONIO NARINO
10530808,2020-12-04,ANTONIO NARIÑO,-74.103946154,4.59856580000002,True,True,LOS MARTIRES
10529706,2020-12-20,FONTIBÓN,,,False,False,
10529730,2020-12-22,PUENTE ARANDA,-74.090988515,4.625691002,True,True,TEUSAQUILLO
10530087,2020-12-27,SANTA FE,-74.071416216,4.58987597800001,True,True,CANDELARIA
10530090,2020-12-27,LOS MÁRTIRES,-74.102113504,4.60208558400001,True,True,PUENTE ARANDA
10585345,2022-12-16,USAQUÉN,-74.03910913047,4.79735433943,True,True,SUBA
10585354,2022-12-18,KENNEDY,-74.18739815399,4.63176077101,True,True,BOSA
10587742,2023-02-18,ANTONIO NARIÑO,-74.11897743604,4.60542244579,True,True,PUENTE ARANDA
10587763,2023-02-17,USAQUÉN,-74.03911065933,4.79734813189,True,True,SUBA
10587163,2023-02-05,ENGATIVÁ,-74.12029367415,4.65615462538,True,True,FONTIBON
10587360,2023-02-09,PUENTE ARANDA,-74.092307725,4.60826655400001,True,True,LOS MARTIRES
10587795,2023-02-19,USAQUÉN,-74.0552088895,4.69955512629,True,True,SUBA
10593542,2023-07-13,CIUDAD BOLÍVAR,-74.12617481812,4.52567044309,True,True,USME
10598861,2023-11-29,PUENTE ARANDA,-74.10606590693,4.59898925266,True,True,LOS MARTIRES
10598101,2023-11-08,PUENTE ARANDA,-74.0940490157,4.61121777326,True,True,LOS MARTIRES
10598112,2023-11-08,CANDELARIA,-74.06776932661,4.60414923003,True,True,SANTA FE
10599803,2023-12-21,CIUDAD BOLÍVAR,-74.1524954492,4.59027553581,True,True,TUNJUELITO
10597825,2023-10-31,SANTA FE,-74.077060172,4.60948215799999,True,True,LOS MARTIRES
10531253,2021-01-22,BOSA,-74.183447884,4.619092029,True,True,KENNEDY
10531566,2021-01-25,PUENTE ARANDA,-74.122515784,4.59107528099997,True,True,ANTONIO NARINO
10530106,2020-12-28,USAQUÉN,,,False,False,
10530111,2020-12-28,SAN CRISTÓBAL,-74.063966355,4.61426692600003,True,True,SANTA FE
10579501,2022-08-29,BOSA,-74.097908012,4.61931764000002,True,True,PUENTE ARANDA
10579516,2022-08-28,KENNEDY,-74.097908012,4.61931764000002,True,True,PUENTE ARANDA
10579519,2022-08-28,KENNEDY,-74.097908012,4.61931764000002,True,True,PUENTE ARANDA
10579524,2022-08-28,USME,-74.097908012,4.61931764000002,True,True,PUENTE ARANDA
10579527,2022-08-28,CIUDAD BOLÍVAR,-74.097908012,4.61931764000002,True,True,PUENTE ARANDA
10580354,2022-09-09,USAQUÉN,-74.053,4.71699999999998,True,True,SUBA
10582260,2022-10-04,PUENTE ARANDA,-74.125,4.623,True,True,KENNEDY
10582665,2022-10-13,ANTONIO NARIÑO,-74.114,4.597,True,True,PUENTE ARANDA
10587770,2023-02-19,FONTIBÓN,-74.14744067684,4.64889678929,True,True,KENNEDY
10589518,2023-03-31,TEUSAQUILLO,-74.10393505001,4.62748956928,True,True,PUENTE ARANDA
10587517,2023-02-13,SANTA FE,-74.078409354,4.59910015399998,True,True,CANDELARIA
10594039,2023-07-27,BOSA,-74.161786117,4.59524089334,True,True,CIUDAD BOLIVAR
10599863,2023-12-19,BOSA,-74.16131404822,4.59575422188,True,True,CIUDAD BOLIVAR
10598710,2023-11-24,LOS MÁRTIRES,-74.09488944122,4.61027520991,True,True,PUENTE ARANDA
10595262,2023-08-26,SAN CRISTÓBAL,-74.1029928907,4.56635238574,True,True,RAFAEL URIBE URIBE
10584925,2022-12-07,SAN CRISTÓBAL,-74.0946021456,4.57581969208,True,True,ANTONIO NARINO
10581400,2022-09-24,SANTA FE,-74.079,4.598,True,True,CANDELARIA
10581403,2022-09-21,BARRIOS UNIDOS,-74.079,4.65,True,True,TEUSAQUILLO
10581657,2022-09-24,RAFAEL URIBE URIBE,-74.142,4.588,True,True,TUNJUELITO
10581658,2022-09-25,TEUSAQUILLO,-74.097,4.662,True,True,ENGATIVA
10582746,2022-10-15,USAQUÉN,-74.042,4.779,True,True,SUBA
10587278,2023-02-10,SANTA FE,-74.08104089682,4.59523019899,True,True,CANDELARIA
10587282,2023-02-08,TUNJUELITO,-74.13785855428,4.59517985193,True,True,KENNEDY
10595952,2023-09-13,USAQUÉN,-74.04556063597,4.75926240984,True,True,SUBA
10595977,2023-09-14,CANDELARIA,-74.08128766005,4.59238014934,True,True,SANTA FE
10594856,2023-08-17,RAFAEL URIBE URIBE,-74.08366739193,4.54133980415,True,True,SAN CRISTOBAL
10600259,2024-01-05,CANDELARIA,-74.08129324109,4.59253218661,True,True,SANTA FE
10595389,2023-08-29,CIUDAD BOLÍVAR,-74.10990659952,4.5232867576,True,True,USME
10531424,2021-01-06,KENNEDY,-74.062912381,4.63955561199998,True,True,CHAPINERO
10530154,2020-12-25,ENGATIVÁ,,,False,False,
10582100,2022-10-01,FONTIBÓN,-74.113,4.669,True,True,ENGATIVA
10584397,2022-11-23,RAFAEL URIBE URIBE,-74.12652579729,4.56744574053,True,True,TUNJUELITO
10584413,2022-11-24,PUENTE ARANDA,-74.104200653,4.60013208999999,True,True,LOS MARTIRES
10593311,2023-07-08,SANTA FE,-74.08248148749,4.60018799007,True,True,LOS MARTIRES
10594311,2023-08-03,BOSA,-74.15714576395,4.59611623372,True,True,CIUDAD BOLIVAR
10589615,2023-04-04,BARRIOS UNIDOS,-74.08361020904,4.68041176749,True,True,ENGATIVA
10588748,2023-03-13,PUENTE ARANDA,-74.10321203654,4.58185679053,True,True,RAFAEL URIBE URIBE
10588844,2023-03-17,CHAPINERO,-74.06591323798,4.62560150107,True,True,SANTA FE
10598128,2023-11-09,BOSA,-74.15597585638,4.59626101501,True,True,CIUDAD BOLIVAR
10596037,2023-09-15,CIUDAD BOLÍVAR,-74.14527873526,4.5936642033,True,True,TUNJUELITO
10596158,2023-09-19,USAQUÉN,-74.04535697865,4.75925137281,True,True,SUBA
10596159,2023-09-20,PUENTE ARANDA,-74.13540927355,4.59432652594,True,True,TUNJUELITO
10594705,2023-08-11,BOSA,-74.17653558438,4.62404019117,True,True,KENNEDY
10594780,2023-08-16,SAN CRISTÓBAL,-74.09797100012,4.57207388485,True,True,RAFAEL URIBE URIBE
10595531,2023-09-02,CANDELARIA,-74.08127693121,4.59499492327,True,True,SANTA FE
10531466,2021-01-27,BOSA,-74.154850078,4.59658146800001,True,True,CIUDAD BOLIVAR
10529439,2020-12-18,BOSA,-74.169375738,4.58472954400003,True,True,CIUDAD BOLIVAR
10529450,2020-12-19,USAQUÉN,-74.048864744,4.73882583099999,True,True,SUBA
10586563,2023-01-22,TEUSAQUILLO,-74.11646214907,4.59924056849,True,True,PUENTE ARANDA
10584567,2022-11-25,SAN CRISTÓBAL,-74.10100726073,4.5688253638,True,True,RAFAEL URIBE URIBE
10584450,2022-11-24,BOSA,-74.18994931166,4.59771663074,True,False,Fuera de polígonos
10582586,2022-10-11,BARRIOS UNIDOS,-74.109,4.675,True,True,ENGATIVA
10583620,2022-11-04,BOSA,-74.17795447294,4.59679424578,True,True,CIUDAD BOLIVAR
10583628,2022-11-05,KENNEDY,-74.11577550356,4.65360557495,True,True,FONTIBON
10594405,2023-08-04,ANTONIO NARIÑO,-74.10247478377,4.581202051,True,True,RAFAEL URIBE URIBE
10587101,2023-02-04,RAFAEL URIBE URIBE,-74.09455923025,4.57578760817,True,True,SAN CRISTOBAL
10589218,2023-03-24,LOS MÁRTIRES,-74.07122520428,4.59693772899,True,True,CANDELARIA
10592142,2023-06-07,BARRIOS UNIDOS,-74.06938938086,4.68985816702,True,True,SUBA
10592155,2023-06-08,KENNEDY,-74.13364194675,4.65389795085,True,True,FONTIBON
10598517,2023-11-20,BOSA,-74.15362586442,4.5960770037,True,True,CIUDAD BOLIVAR
10598521,2023-11-20,FONTIBÓN,-74.1220357794,4.68280080776,True,True,ENGATIVA
10597933,2023-11-03,FONTIBÓN,-74.1195299921,4.67915952707,True,True,ENGATIVA
10596644,2023-09-30,TUNJUELITO,-74.15128732891,4.59571220433,True,True,KENNEDY
10596269,2023-09-22,LOS MÁRTIRES,-74.08101394406,4.62704069245,True,True,TEUSAQUILLO
10596394,2023-09-25,SAN CRISTÓBAL,-74.11799637263,4.57089479373,True,True,RAFAEL URIBE URIBE
10529456,2020-12-19,USME,-74.133601701,4.54017619299998,True,True,CIUDAD BOLIVAR
10578407,2022-08-12,PUENTE ARANDA,-74.128,4.56200000000001,True,True,TUNJUELITO
10583644,2022-11-05,SANTA FE,-74.06885999495,4.60078989356,True,True,CANDELARIA
10583654,2022-11-04,CANDELARIA,-74.07733944838,4.59015036523,True,True,SANTA FE
10583680,2022-11-06,USAQUÉN,-74.05098942702,4.72628797439,True,True,SUBA
10594427,2023-08-05,CANDELARIA,-74.0812918251,4.59252725723,True,True,SANTA FE
10589586,2023-04-09,SANTA FE,-74.06339898238,4.62569740304,True,True,CHAPINERO
10593348,2023-07-08,BARRIOS UNIDOS,-74.06274537935,4.68857259533,True,True,SUBA
10594223,2023-07-29,SUBA,-74.12571255302,4.72762147401,True,True,ENGATIVA
10599951,2023-12-21,CANDELARIA,-74.07730860297,4.59014769162,True,True,SANTA FE
10598005,2023-10-28,SAN CRISTÓBAL,-74.09463757268,4.57583431349,True,True,RAFAEL URIBE URIBE
10597225,2023-10-12,BARRIOS UNIDOS,-74.06511930411,4.68914174137,True,True,SUBA
10529851,2020-12-22,SANTA FE,-74.067738183,4.60159764100001,True,True,CANDELARIA
10529857,2020-12-22,PUENTE ARANDA,-74.124608975,4.62434774500002,True,True,KENNEDY
10529865,2020-12-23,TEUSAQUILLO,-74.074438163,4.65143712399998,True,True,BARRIOS UNIDOS
10583923,2022-11-12,TUNJUELITO,-74.14159981196,4.59550290483,True,True,KENNEDY
10583965,2022-11-08,SANTA FE,-74.12292951393,4.6167235025,True,True,PUENTE ARANDA
10583967,2022-11-11,ANTONIO NARIÑO,-74.12913290446,4.59373298859,True,True,PUENTE ARANDA
10584011,2022-11-15,USAQUÉN,-74.04005401631,4.79167192109,True,True,SUBA
10583706,2022-11-05,SAN CRISTÓBAL,-74.09455923025,4.57583038672,True,True,ANTONIO NARINO
10583713,2022-11-06,FONTIBÓN,-74.04618099355,4.69757452412,True,True,USAQUEN
10589967,2023-04-14,PUENTE ARANDA,-74.07365990893,4.62369062359,True,True,TEUSAQUILLO
10592084,2023-06-06,ENGATIVÁ,-74.13942361003,4.69753980945,True,True,FONTIBON
10594240,2023-08-01,SAN CRISTÓBAL,-74.10763103472,4.49651940026,True,True,USME
10594291,2023-08-02,CANDELARIA,-74.08357617598,4.59117404921,True,True,SANTA FE
10596048,2023-09-16,BOSA,-74.17859339014,4.63167122639,True,True,KENNEDY
10595042,2023-08-22,BOSA,-74.15367213142,4.59628695069,True,True,CIUDAD BOLIVAR
10595513,2023-08-31,PUENTE ARANDA,-74.10593716089,4.59214487269,True,True,ANTONIO NARINO
10599250,2023-12-04,PUENTE ARANDA,-74.09953472798,4.63667226578,True,True,TEUSAQUILLO
10594586,2023-08-09,RAFAEL URIBE URIBE,-74.12540206898,4.56179561056,True,True,TUNJUELITO
10531426,2021-01-25,ENGATIVÁ,-74.150473387,4.64548647999999,True,True,KENNEDY
10580536,2022-09-12,TUNJUELITO,-74.138,4.59500000000003,True,True,KENNEDY
10581309,2022-09-21,CIUDAD BOLÍVAR,-74.119,4.511,True,True,USME
10584313,2022-11-20,RAFAEL URIBE URIBE,-74.12153688853,4.55598620907,True,True,TUNJUELITO
10583744,2022-11-06,SAN CRISTÓBAL,-74.15422362869,4.57417939989,True,True,CIUDAD BOLIVAR
10592276,2023-06-11,BARRIOS UNIDOS,-74.07874104076,4.65022904896,True,True,TEUSAQUILLO
10592293,2023-06-09,SUBA,-74.06573860342,4.67904401402,True,True,BARRIOS UNIDOS
10592304,2023-06-12,RAFAEL URIBE URIBE,-74.09777251665,4.55212800092,True,True,SAN CRISTOBAL
10587042,2023-02-03,SANTA FE,-74.0607843637,4.6257142709,True,True,CHAPINERO
10587913,2023-02-21,BOSA,-74.16989775222,4.61796737107,True,True,KENNEDY
10600564,2024-01-13,PUENTE ARANDA,-74.12906316702,4.60934659944,True,True,KENNEDY
10594674,2023-08-11,BARRIOS UNIDOS,-74.09112016034,4.66973950688,True,True,ENGATIVA
10596126,2023-09-17,LOS MÁRTIRES,-74.09496692602,4.61033045934,True,True,PUENTE ARANDA
10596211,2023-09-21,SANTA FE,-74.08481744711,4.59726212236,True,True,LOS MARTIRES
10594593,2023-08-09,TEUSAQUILLO,-74.10868212916,4.64697793978,True,True,FONTIBON
10595747,2023-09-09,PUENTE ARANDA,-74.07658842985,4.60838412649,True,True,LOS MARTIRES
10599650,2023-12-16,BOSA,-74.15815977041,4.59609644071,True,True,CIUDAD BOLIVAR
10599722,2023-12-18,BOSA,-74.16274610472,4.59572602722,True,True,CIUDAD BOLIVAR
10531738,2021-01-29,CHAPINERO,-74.016721017,4.67180875600002,True,True,USAQUEN
10529534,2020-12-19,SUMAPAZ,-74.128578388,4.467009926,True,True,USME
10529545,2020-12-18,TEUSAQUILLO,-74.108645039,4.647015103,True,True,FONTIBON
10584470,2022-11-27,USAQUÉN,-74.04116675527,4.78480486795,True,True,SUBA
10584375,2022-11-21,BOSA,-74.17703179304,4.62617897098,True,True,KENNEDY
10579375,2022-08-26,RAFAEL URIBE URIBE,-74.097908012,4.61931764000002,True,True,PUENTE ARANDA
10593224,2023-07-06,RAFAEL URIBE URIBE,-74.12645003294,4.5674615529,True,True,TUNJUELITO
10593263,2023-07-03,USAQUÉN,-74.0445611172,4.76503559003,True,True,SUBA
10593350,2023-07-08,USAQUÉN,-74.05614788278,4.69543239461,True,True,SUBA
10595954,2023-09-13,SAN CRISTÓBAL,-74.09165620006,4.5797500216,True,True,ANTONIO NARINO
10596499,2023-09-23,ANTONIO NARIÑO,-74.10695448064,4.59841536679,True,True,PUENTE ARANDA
10596886,2023-10-06,KENNEDY,-74.11181119864,4.67967977484,True,True,ENGATIVA
10596744,2023-09-30,ENGATIVÁ,-74.12665990774,4.64917044535,True,True,FONTIBON
10596857,2023-10-06,BARRIOS UNIDOS,-74.07708492477,4.65072337901,True,True,TEUSAQUILLO
10529549,2020-12-19,ANTONIO NARIÑO,-74.086427155,4.58682655799998,True,True,SAN CRISTOBAL
10529553,2020-12-19,LOS MÁRTIRES,-74.0810367,4.60211437200002,True,True,SANTA FE
10529919,2020-12-24,BOSA,-74.153674362,4.59642975499997,True,True,CIUDAD BOLIVAR
10529924,2020-11-17,PUENTE ARANDA,-74.119544579,4.63622036800001,True,True,KENNEDY
10529937,2020-12-15,LOS MÁRTIRES,-74.087543226,4.61946826899998,True,True,PUENTE ARANDA
10529940,2020-12-22,PUENTE ARANDA,-74.12079212,4.633278932,True,True,KENNEDY
10584500,2022-11-27,SAN CRISTÓBAL,-74.0969839472,4.58832161622,True,True,ANTONIO NARINO
10584502,2022-11-26,SAN CRISTÓBAL,-74.12168172781,4.56612493592,True,True,RAFAEL URIBE URIBE
10578818,2022-08-19,USME,-74.121,4.548,True,True,RAFAEL URIBE URIBE
10579889,2022-09-03,TEUSAQUILLO,-74.069,4.62299999999999,True,True,SANTA FE
10579379,2022-08-28,SUBA,-74.097908012,4.61931764000002,True,True,PUENTE ARANDA
10579382,2022-08-27,SUBA,-74.097908012,4.61931764000002,True,True,PUENTE ARANDA
10579387,2022-08-27,BOSA,-74.097908012,4.61931764000002,True,True,PUENTE ARANDA
10579390,2022-08-28,RAFAEL URIBE URIBE,-74.097908012,4.61931764000002,True,True,PUENTE ARANDA
10579396,2022-08-29,KENNEDY,-74.097908012,4.61931764000002,True,True,PUENTE ARANDA
10579438,2022-08-27,SUBA,-74.097908012,4.61931764000002,True,True,PUENTE ARANDA
10579455,2022-08-28,BARRIOS UNIDOS,-74.097908012,4.61931764000002,True,True,PUENTE ARANDA
10593465,2023-07-11,TEUSAQUILLO,-74.09986809249,4.65833312722,True,True,ENGATIVA
10587028,2023-02-03,ANTONIO NARIÑO,-74.11581305449,4.57663248421,True,True,RAFAEL URIBE URIBE
10587686,2023-02-17,ANTONIO NARIÑO,-74.10311547701,4.58182470688,True,True,RAFAEL URIBE URIBE
10590708,2023-05-04,CHAPINERO,-74.02309994864,4.72528976049,True,True,USAQUEN
10590725,2023-05-09,SUBA,-74.05051162358,4.72491711679,True,True,USAQUEN
10596761,2023-10-03,BOSA,-74.17751220698,4.62914324985,True,True,KENNEDY
10598913,2023-11-29,USAQUÉN,-74.04476133768,4.76328253149,True,True,SUBA
10598946,2023-11-30,LOS MÁRTIRES,-74.0846350569,4.59709101324,True,True,SANTA FE
10599069,2023-11-02,USAQUÉN,-74.0440248727,4.76809175262,True,True,SUBA
10598705,2023-11-22,RAFAEL URIBE URIBE,-74.08367512783,4.54620621915,True,True,SAN CRISTOBAL
10598928,2023-11-27,USAQUÉN,-74.04350069945,4.76933405326,True,True,SUBA
10598376,2023-11-14,SANTA FE,-74.08912507479,4.58325183465,True,True,ANTONIO NARINO
10598676,2023-11-24,USAQUÉN,-74.05151155214,4.72228546367,True,True,SUBA
10599315,2023-12-07,ANTONIO NARIÑO,-74.11338757859,4.59615751839,True,True,PUENTE ARANDA
10597326,2023-10-17,ENGATIVÁ,-74.11493158904,4.66866634077,True,True,FONTIBON
10530791,2021-01-09,BARRIOS UNIDOS,-74.078449262,4.65026685700002,True,True,TEUSAQUILLO
10531192,2021-01-24,SUMAPAZ,-74.12870853,4.46839254000002,True,True,USME
10529954,2020-12-26,CIUDAD BOLÍVAR,,,False,False,
10580757,2022-09-14,KENNEDY,-74.097908012,4.61931764000002,True,True,PUENTE ARANDA
10580762,2022-09-15,ENGATIVÁ,-74.097908012,4.61931764000002,True,True,PUENTE ARANDA
10580085,2022-09-06,PUENTE ARANDA,-74.095,4.57600000000002,True,True,RAFAEL URIBE URIBE
10580135,2022-09-07,TEUSAQUILLO,-74.097908012,4.61931764000002,True,True,PUENTE ARANDA
10580136,2022-09-07,USME,-74.097908012,4.61931764000002,True,True,PUENTE ARANDA
10587616,2023-02-14,PUENTE ARANDA,-74.0841012973,4.63152589224,True,True,TEUSAQUILLO
10587995,2023-02-24,SANTA FE,-74.07308010046,4.59800002993,True,True,CANDELARIA
10588342,2023-03-05,CIUDAD BOLÍVAR,-74.14746509247,4.59497833158,True,True,TUNJUELITO
10588351,2023-03-02,PUENTE ARANDA,-74.07475450117,4.62386202011,True,True,TEUSAQUILLO
10590745,2023-05-03,RAFAEL URIBE URIBE,-74.10140588279,4.56797583197,True,True,SAN CRISTOBAL
10590779,2023-05-04,ANTONIO NARIÑO,-74.08908752386,4.59204327593,True,True,LOS MARTIRES
10591952,2023-06-04,ENGATIVÁ,-74.11798027937,4.67559367345,True,True,FONTIBON
10598337,2023-11-11,CHAPINERO,-74.05801534453,4.68360070106,True,True,BARRIOS UNIDOS
10599846,2023-12-24,ANTONIO NARIÑO,-74.08640263264,4.59487995898,True,True,SANTA FE
10600448,2024-01-12,TEUSAQUILLO,-74.09312693064,4.66579869553,True,True,BARRIOS UNIDOS
10598603,2023-11-19,BOSA,-74.15369687256,4.596402418,True,True,CIUDAD BOLIVAR
10598755,2023-11-26,PUENTE ARANDA,-74.13538245146,4.59433722031,True,True,TUNJUELITO
10529966,2020-12-24,PUENTE ARANDA,,,False,False,
10529978,2020-12-23,PUENTE ARANDA,-74.125911167,4.61966310000003,True,True,KENNEDY
10530344,2020-12-29,ANTONIO NARIÑO,-74.102927746,4.58109287500002,True,True,RAFAEL URIBE URIBE
10581776,2022-09-26,SAN CRISTÓBAL,-74.078,4.595,True,True,CANDELARIA
10581932,2022-09-30,TEUSAQUILLO,-74.111,4.645,True,True,FONTIBON
10580141,2022-09-06,SUBA,-74.097908012,4.61931764000002,True,True,PUENTE ARANDA
10580144,2022-09-06,SUBA,-74.097908012,4.61931764000002,True,True,PUENTE ARANDA
10580145,2022-09-07,SUBA,-74.097908012,4.61931764000002,True,True,PUENTE ARANDA
10580155,2022-09-07,LOS MÁRTIRES,-74.097908012,4.61931764000002,True,True,PUENTE ARANDA
10580156,2022-09-07,USAQUÉN,-74.097908012,4.61931764000002,True,True,PUENTE ARANDA
10580172,2022-09-06,BOSA,-74.097908012,4.61931764000002,True,True,PUENTE ARANDA
10580880,2022-09-15,TEUSAQUILLO,-74.094,4.61900000000003,True,True,PUENTE ARANDA
10589202,2023-03-24,CHAPINERO,-74.06523195689,4.68950530075,True,True,SUBA
10589430,2023-03-30,LOS MÁRTIRES,-74.09801153153,4.60696180395,True,True,PUENTE ARANDA
10590265,2023-04-23,ANTONIO NARIÑO,-74.07863763754,4.59920848562,True,True,SANTA FE
10590428,2023-04-27,FONTIBÓN,-74.11170391028,4.66651514506,True,True,ENGATIVA
10588766,2023-03-13,KENNEDY,-74.1289666075,4.60933590531,True,True,PUENTE ARANDA
10589260,2023-03-27,BOSA,-74.16402551793,4.59563075067,True,True,CIUDAD BOLIVAR
10589302,2023-03-27,ANTONIO NARIÑO,-74.12701888,4.59426138800001,True,True,PUENTE ARANDA
10592585,2023-06-18,USME,-74.13182051416,4.53822590176,True,True,CIUDAD BOLIVAR
10593555,2023-07-14,LOS MÁRTIRES,-74.09037801136,4.61615749932,True,True,PUENTE ARANDA
10593564,2023-07-14,BOSA,-74.16628149931,4.59159945834,True,True,CIUDAD BOLIVAR
10593571,2023-07-13,USAQUÉN,-74.0518714977,4.72089081579,True,True,SUBA
10599576,2023-12-13,RAFAEL URIBE URIBE,-74.12660626356,4.56699388659,True,True,TUNJUELITO
10600112,2023-12-29,SANTA FE,-74.07750038092,4.60094095834,True,True,CANDELARIA
10600241,2024-01-03,SAN CRISTÓBAL,-74.10831493919,4.56359695189,True,True,RAFAEL URIBE URIBE
10530925,2020-12-24,SAN CRISTÓBAL,-74.092,4.57999999999998,True,True,ANTONIO NARINO
10530939,2021-01-16,CIUDAD BOLÍVAR,-74.1220404,4.51208430999998,True,True,USME
10530950,2021-01-16,BOSA,-74.15351931,4.59618504000002,True,True,CIUDAD BOLIVAR
10534772,2021-03-04,BOSA,-74.15366213,4.59634359,True,True,CIUDAD BOLIVAR
10536101,2021-03-20,BOSA,-74.158542549,4.596066431,True,True,CIUDAD BOLIVAR
10538111,2021-04-15,CHAPINERO,-74.013399972,4.66921342400002,True,True,USAQUEN
10533773,2021-02-20,CHAPINERO,-74.016721017,4.67180875600002,True,True,USAQUEN
10535082,2021-03-09,PUENTE ARANDA,-74.102187632,4.587066198,True,True,ANTONIO NARINO
10536090,2021-03-21,USME,-74.121164,4.54794900000002,True,True,RAFAEL URIBE URIBE
10535471,2021-03-12,BOSA,-74.175426552,4.62138266900001,True,True,KENNEDY
10531888,2021-01-29,RAFAEL URIBE URIBE,-74.134814084,4.59133865799998,True,True,TUNJUELITO
10532378,2021-02-04,BOSA,-74.178630792,4.61958654,True,True,KENNEDY
10533873,2021-02-21,CIUDAD BOLÍVAR,-74.115578686,4.513378622,True,True,USME
10533493,2020-09-20,CIUDAD BOLÍVAR,-74.162,4.596,True,True,BOSA
10536304,2021-03-23,BOSA,-74.156839438,4.59034414199999,True,True,CIUDAD BOLIVAR
10531970,2021-02-01,USME,-74.112333731,4.54891585000001,True,True,RAFAEL URIBE URIBE
10537868,2021-04-14,TUNJUELITO,-74.150621842,4.578991449,True,True,CIUDAD BOLIVAR
10533064,2021-02-12,TUNJUELITO,-74.138870593,4.55975774799998,True,True,CIUDAD BOLIVAR
10534137,2021-02-24,CIUDAD BOLÍVAR,-74.12162906,4.51741072999999,True,True,USME
10533903,2021-02-22,CIUDAD BOLÍVAR,-74.138245022,4.56534843100002,True,True,TUNJUELITO
10536837,2021-03-08,CANDELARIA,-74.077797602,4.590342222,True,True,SANTA FE
10532853,2021-02-09,BOSA,-74.153654978,4.59642298099999,True,True,CIUDAD BOLIVAR
10532229,2021-02-02,ANTONIO NARIÑO,-74.118246383,4.588438924,True,True,RAFAEL URIBE URIBE
10531885,2021-01-29,SAN CRISTÓBAL,-74.106432606,4.54989098499999,True,True,RAFAEL URIBE URIBE
10531918,2021-01-29,ANTONIO NARIÑO,-74.121986312,4.60179479999999,True,True,PUENTE ARANDA
10533252,2021-02-15,BOSA,-74.155420471,4.580659062,True,True,CIUDAD BOLIVAR
10533129,2020-11-30,ANTONIO NARIÑO,-74.1,4.59800000000001,True,True,LOS MARTIRES
10533172,2021-02-13,BOSA,-74.157031539,4.59612615399999,True,True,CIUDAD BOLIVAR
10530918,2021-01-14,TUNJUELITO,-74.126686219,4.58215890299999,True,True,RAFAEL URIBE URIBE
10537275,2021-04-06,SANTA FE,-74.076186835,4.59888081299999,True,True,CANDELARIA
10537612,2021-04-09,BOSA,-74.177067886,4.628643743,True,True,KENNEDY
10534433,2021-03-01,BOSA,-74.178691755,4.61657627800003,True,True,KENNEDY
10535540,2021-03-13,BOSA,-74.173139936,4.62275352199998,True,True,KENNEDY
10536908,2021-03-29,USME,-74.126011219,4.56292052499998,True,True,TUNJUELITO
10533566,2020-12-06,PUENTE ARANDA,-74.102,4.58100000000002,True,True,ANTONIO NARINO
10533582,2020-08-02,BARRIOS UNIDOS,-74.067,4.69,True,True,SUBA
10533046,2020-12-07,SANTA FE,-74.074,4.59899999999999,True,True,CANDELARIA
10534541,2021-03-02,BOSA,-74.155704281,4.59662534699999,True,True,CIUDAD BOLIVAR
10535299,2021-03-12,KENNEDY,-74.181345464,4.62201840099999,True,True,BOSA
10533641,2021-02-18,TUNJUELITO,-74.075016838,4.63781813700001,True,True,TEUSAQUILLO
10533651,2021-02-19,ENGATIVÁ,-74.179558084,4.62402734199998,True,True,BOSA
10533323,2021-02-15,CIUDAD BOLÍVAR,-74.139,4.56999999999999,True,True,TUNJUELITO
10533888,2020-11-27,SANTA FE,-74.078,4.60700000000003,True,True,LOS MARTIRES
10536696,2021-03-26,USME,-74.126011219,4.56292052499998,True,True,TUNJUELITO
10532497,2021-02-04,CIUDAD BOLÍVAR,-74.199453777,4.60405400299999,True,True,BOSA
10533603,2020-06-11,BARRIOS UNIDOS,-74.073,4.65100000000001,True,True,TEUSAQUILLO
10534338,2021-02-28,CIUDAD BOLÍVAR,-74.112093753,4.517222172,True,True,USME
10534636,2021-03-03,CIUDAD BOLÍVAR,-74.122500758,4.52063403099999,True,True,USME
10535815,2021-03-15,CIUDAD BOLÍVAR,-74.129248685,4.61543227499999,True,True,KENNEDY
10536548,2021-02-04,USME,-74.115319846,4.546414723,True,True,RAFAEL URIBE URIBE
10536883,2021-03-28,USME,-74.080165145,4.575855096,True,True,SAN CRISTOBAL
10532231,2021-02-03,BOSA,-74.178637715,4.57950713899999,True,True,CIUDAD BOLIVAR
10532735,2021-02-07,CHAPINERO,-74.016721017,4.67180875600002,True,True,USAQUEN
10532516,2021-02-05,KENNEDY,-74.163216865,4.568625715,True,True,CIUDAD BOLIVAR
10533553,2020-12-16,ENGATIVÁ,-74.129,4.69799999999998,True,True,FONTIBON
10533663,2020-09-18,BOSA,-74.158,4.596,True,True,CIUDAD BOLIVAR
10533677,2020-10-11,ANTONIO NARIÑO,-74.1,4.57900000000001,True,True,RAFAEL URIBE URIBE
10538217,2021-04-19,ANTONIO NARIÑO,-74.122291434,4.584436418,True,True,RAFAEL URIBE URIBE
10539175,2021-05-03,BOSA,-74.156839438,4.59034414199999,True,True,CIUDAD BOLIVAR
10539177,2021-05-03,CIUDAD BOLÍVAR,-74.15102005,4.59541636,True,True,KENNEDY
10533775,2021-02-20,PUENTE ARANDA,-74.08750452,4.64626938999999,True,True,TEUSAQUILLO
10533892,2020-12-05,SANTA FE,-74.071,4.59100000000001,True,True,CANDELARIA
10533895,2020-12-13,ANTONIO NARIÑO,-74.123,4.59399999999999,True,True,PUENTE ARANDA
10538548,2021-04-22,CHAPINERO,-74.016721017,4.67180875600002,True,True,USAQUEN
10535467,2021-03-11,SAN CRISTÓBAL,-74.113514503,4.527731512,True,True,USME
10537839,2021-04-13,TEUSAQUILLO,-74.099326921,4.62977601599999,True,True,PUENTE ARANDA
10538755,2021-04-23,KENNEDY,-74.18605788,4.63883852999999,True,True,BOSA
10532747,2021-02-07,USME,-74.109528484,4.546380989,True,True,RAFAEL URIBE URIBE
10533887,2020-11-27,ANTONIO NARIÑO,-74.122,4.58499999999998,True,True,RAFAEL URIBE URIBE
10533894,2020-12-06,LOS MÁRTIRES,-74.096,4.61000000000001,True,True,PUENTE ARANDA
10533587,2020-08-03,USAQUÉN,-74.042,4.77800000000002,True,True,SUBA
10533591,2020-08-05,ANTONIO NARIÑO,-74.121,4.589,True,True,RAFAEL URIBE URIBE
10534729,2021-03-04,KENNEDY,-74.153654978,4.59642298099999,True,True,CIUDAD BOLIVAR
10538089,2021-04-16,SAN CRISTÓBAL,-74.105232987,4.565264415,True,True,RAFAEL URIBE URIBE
10534362,2021-02-27,USME,-74.121562213,4.55598317900001,True,True,TUNJUELITO
10534365,2021-02-27,BOSA,-74.153693182,4.59659476799999,True,True,CIUDAD BOLIVAR
10535105,2021-03-08,BARRIOS UNIDOS,-74.101135633,4.64937462300003,True,True,TEUSAQUILLO
10534906,2021-03-07,BOSA,-74.176805776,4.57806322200003,True,True,CIUDAD BOLIVAR
10534913,2021-03-07,CHAPINERO,-74.014085906,4.666445033,True,True,USAQUEN
10538840,2021-04-28,CIUDAD BOLÍVAR,-74.153998098,4.58833429999999,True,True,TUNJUELITO
10538714,2021-04-22,BOSA,-74.177192581,4.615809652,True,True,KENNEDY
10540081,2021-05-17,BOSA,-74.158,4.596,True,True,CIUDAD BOLIVAR
10542902,2021-06-23,BOSA,-74.15770051,4.59120755499998,True,True,CIUDAD BOLIVAR
10540428,2021-05-22,KENNEDY,-74.110594098,4.69856110500001,True,True,ENGATIVA
10542163,2021-06-17,CIUDAD BOLÍVAR,-74.122500758,4.52063403099999,True,True,USME
10543895,2021-07-07,BOSA,-74.175153586,4.63581030699999,True,True,KENNEDY
10544927,2020-12-11,TEUSAQUILLO,-74.078,4.65199999999999,True,True,BARRIOS UNIDOS
10542091,2021-06-15,CIUDAD BOLÍVAR,-74.114488166,4.52230034299998,True,True,USME
10547005,2021-08-15,CHAPINERO,-74.01127234,4.665619902,True,True,USAQUEN
10543608,2021-07-02,BOSA,-74.145263324,4.59529082500001,True,True,KENNEDY
10542261,2021-06-19,RAFAEL URIBE URIBE,-74.12434214,4.56076718100002,True,True,TUNJUELITO
10542230,2021-06-13,PUENTE ARANDA,-74.112166224,4.65209125000001,True,True,FONTIBON
10539852,2021-05-14,SANTA FE,-74.069635726,4.59345967899998,True,True,CANDELARIA
10536228,2021-03-23,CHAPINERO,-74.029654907,4.675513835,True,True,USAQUEN
10547015,2021-08-15,BOSA,-74.178691755,4.61657627800003,True,True,KENNEDY
10546110,2021-08-03,SANTA FE,-74.07566704,4.59972299999998,True,True,CANDELARIA
10546717,2021-08-11,BOSA,-74.153856062,4.59750106400003,True,True,CIUDAD BOLIVAR
10544027,2021-07-07,CIUDAD BOLÍVAR,-74.136326776,4.56399289699999,True,True,TUNJUELITO
10538287,2021-04-19,BOSA,-74.158255239,4.595976103,True,True,CIUDAD BOLIVAR
10534871,2021-03-03,CANDELARIA,-74.071998341,4.60092401499998,True,True,SANTA FE
10547436,2021-08-18,CHAPINERO,-74.012740183,4.66866795099997,True,True,USAQUEN
10546672,2021-08-10,BOSA,-74.176224579,4.61867352199999,True,True,KENNEDY
10538785,2021-04-27,PUENTE ARANDA,-74.112610558,4.59455874999998,True,True,ANTONIO NARINO
10536184,2021-03-07,ANTONIO NARIÑO,-74.113629159,4.59624936799997,True,True,PUENTE ARANDA
10534918,2021-03-06,BOSA,-74.182540072,4.59447255100002,True,True,CIUDAD BOLIVAR
10539681,2021-05-10,SANTA FE,-74.06963573,4.59345968000002,True,True,CANDELARIA
10542122,2021-06-15,SAN CRISTÓBAL,-74.11920035,4.55588884999997,True,True,RAFAEL URIBE URIBE
10539944,2021-05-15,TUNJUELITO,-74.126885297,4.57664888400001,True,True,RAFAEL URIBE URIBE
10542508,2021-06-20,RAFAEL URIBE URIBE,-74.072745536,4.60913582199998,True,True,SANTA FE
10538758,2021-04-26,KENNEDY,-74.17912396,4.60981669,True,True,BOSA
10539381,2021-05-08,SAN CRISTÓBAL,-74.10898933,4.54709108499998,True,True,RAFAEL URIBE URIBE
10546512,2021-08-08,CIUDAD BOLÍVAR,-74.145,4.59500000000003,True,True,TUNJUELITO
10539442,2021-05-09,CIUDAD BOLÍVAR,-74.118184486,4.52016577000001,True,True,USME
10539458,2021-05-08,PUENTE ARANDA,-74.081036277,4.62709179900003,True,True,TEUSAQUILLO
10539314,2021-05-05,TUNJUELITO,-74.126676754,4.59318494000001,True,True,ANTONIO NARINO
10542944,2021-06-24,BOSA,-74.17262599,4.612729726,True,True,KENNEDY
10545514,2021-07-26,USME,-74.103234532,4.53823787099998,True,True,RAFAEL URIBE URIBE
10538193,2021-04-17,ANTONIO NARIÑO,-74.125792139,4.58787243500001,True,True,RAFAEL URIBE URIBE
10540648,2021-05-25,SANTA FE,-74.069635726,4.59345967899998,True,True,CANDELARIA
10546337,2021-08-08,ANTONIO NARIÑO,-74.08927728,4.60035542999998,True,True,LOS MARTIRES
10546591,2021-08-07,SAN CRISTÓBAL,-74.093224162,4.513791664,True,True,USME
10544670,2021-07-17,USME,-74.142480754,4.58029875,True,True,TUNJUELITO
10544683,2021-07-17,KENNEDY,-74.117958097,4.60900949299997,True,True,PUENTE ARANDA
10539611,2021-05-10,USAQUÉN,-74.017065591,4.66953933500002,True,True,CHAPINERO
10539652,2021-05-09,BOSA,-74.155488404,4.576190994,True,True,CIUDAD BOLIVAR
10540350,2021-05-18,BOSA,-74.176155304,4.61467509599998,True,True,KENNEDY
10546523,2021-08-09,RAFAEL URIBE URIBE,-74.084715409,4.59710790899999,True,True,LOS MARTIRES
10543258,2021-06-28,CIUDAD BOLÍVAR,-74.118775252,4.52148427499998,True,True,USME
10538175,2021-04-17,TUNJUELITO,-74.12383718,4.5798916,True,True,RAFAEL URIBE URIBE
10535848,2021-03-17,BOSA,-74.156387079,4.59263329100003,True,True,CIUDAD BOLIVAR
10539313,2021-05-05,BARRIOS UNIDOS,-74.107461897,4.64808693600003,True,True,TEUSAQUILLO
10540383,2021-05-22,ANTONIO NARIÑO,-74.083667684,4.61461914300003,True,True,LOS MARTIRES
10541956,2021-06-11,TEUSAQUILLO,-74.07717594,4.65860087700003,True,True,BARRIOS UNIDOS
10538781,2021-04-26,BARRIOS UNIDOS,-74.110089136,4.645171688,True,True,TEUSAQUILLO
10542042,2021-06-12,CHAPINERO,-74.013399972,4.66921342400002,True,True,USAQUEN
10542055,2021-06-12,USME,-74.12135752,4.55500978700002,True,True,RAFAEL URIBE URIBE
10542833,2021-06-22,SAN CRISTÓBAL,-74.075642902,4.57925188199999,True,True,SANTA FE
10536476,2021-03-23,ANTONIO NARIÑO,-74.13321515,4.59421365999998,True,True,PUENTE ARANDA
10538029,2021-04-15,USME,-74.116802414,4.54255282899999,True,True,RAFAEL URIBE URIBE
10538663,2021-04-24,RAFAEL URIBE URIBE,-74.09446422,4.57554502800002,True,True,SAN CRISTOBAL
10548162,2021-08-29,BOSA,-74.158085702,4.59611374899998,True,True,CIUDAD BOLIVAR
10546487,2021-08-09,SANTA FE,-74.079071607,4.61087314399998,True,True,LOS MARTIRES
10538741,2021-04-26,SANTA FE,-74.075289083,4.61402000800001,True,True,LOS MARTIRES
10546016,2021-08-02,TEUSAQUILLO,-74.07558326,4.66468974100002,True,True,BARRIOS UNIDOS
10546102,2021-08-04,CIUDAD BOLÍVAR,-74.151038465,4.59535225799999,True,True,TUNJUELITO
10560257,2022-01-07,CANDELARIA,-74.072562425,4.58432105100002,True,True,SANTA FE
10550309,2021-09-22,CHAPINERO,-74.016721017,4.67180875600002,True,True,USAQUEN
10566375,2022-03-18,PUENTE ARANDA,-74.107,4.58699999999999,True,True,ANTONIO NARINO
10568587,2022-04-18,RAFAEL URIBE URIBE,-74.12,4.60000000000002,True,True,PUENTE ARANDA
10562741,2022-02-07,KENNEDY,-74.133052714,4.60257263699998,True,True,PUENTE ARANDA
10560238,2022-01-03,KENNEDY,-74.125,4.60300000000001,True,True,PUENTE ARANDA
10564815,2022-03-02,USME,-74.121,4.548,True,True,RAFAEL URIBE URIBE
10568603,2022-04-18,PUENTE ARANDA,-74.091,4.62599999999998,True,True,TEUSAQUILLO
10568607,2022-04-15,FONTIBÓN,-74.139,4.63,True,True,KENNEDY
10568238,2022-04-11,CANDELARIA,-74.085,4.59500000000003,True,True,SANTA FE
10563761,2022-02-22,BOSA,-74.169,4.56599999999997,True,True,CIUDAD BOLIVAR
10560734,2022-01-16,ANTONIO NARIÑO,-74.133260195,4.61751659599997,True,True,KENNEDY
10569365,2022-04-26,TUNJUELITO,-74.152,4.58100000000002,True,True,CIUDAD BOLIVAR
10569368,2022-04-26,SAN CRISTÓBAL,-74.127482969,4.558686341,True,True,TUNJUELITO
10563127,2022-02-17,USAQUÉN,-74.18,4.62799999999999,True,True,BOSA
10563142,2022-02-09,USAQUÉN,-74.052,4.72199999999998,True,True,SUBA
10568032,2022-04-09,SANTA FE,-74.072,4.61799999999999,True,True,TEUSAQUILLO
10561907,2022-01-28,LOS MÁRTIRES,-74.075,4.608,True,True,SANTA FE
10561924,2022-01-29,TUNJUELITO,-74.121,4.55399999999997,True,True,RAFAEL URIBE URIBE
10566519,2022-03-22,ANTONIO NARIÑO,-74.131,4.59399999999999,True,True,PUENTE ARANDA
10562917,2022-02-13,LOS MÁRTIRES,-74.096,4.60899999999998,True,True,PUENTE ARANDA
10562930,2022-02-13,USAQUÉN,-74.173,4.63200000000001,True,True,KENNEDY
10563006,2022-02-14,BOSA,-74.155,4.596,True,True,CIUDAD BOLIVAR
10567693,2022-04-04,BOSA,-74.154,4.59800000000001,True,True,CIUDAD BOLIVAR
10560977,2022-01-20,CANDELARIA,-74.112039048,4.64339320900001,True,True,PUENTE ARANDA
10560979,2022-01-19,PUENTE ARANDA,-74.137948729,4.59473057299999,True,True,TUNJUELITO
10550597,2021-09-24,PUENTE ARANDA,-74.13,4.59300000000002,True,True,TUNJUELITO
10565957,2022-03-17,ENGATIVÁ,-74.043,4.68299999999999,True,True,USAQUEN
10564895,2022-03-04,KENNEDY,-74.122,4.62900000000002,True,True,PUENTE ARANDA
10564956,2022-03-06,SAN CRISTÓBAL,-74.108,4.56400000000002,True,True,RAFAEL URIBE URIBE
10568351,2022-04-12,SANTA FE,-74.076,4.58999999999997,True,True,CANDELARIA
10564299,2022-02-26,TUNJUELITO,-74.117,4.59100000000001,True,True,ANTONIO NARINO
10560856,2022-01-18,TUNJUELITO,-74.114623851,4.66060046699999,True,True,FONTIBON
10560907,2022-01-19,TUNJUELITO,-74.127056138,4.58336169900002,True,True,RAFAEL URIBE URIBE
10560995,2022-01-20,TEUSAQUILLO,-74.118536817,4.63581480900001,True,True,PUENTE ARANDA
10560971,2022-01-16,USAQUÉN,-74.053234259,4.713156975,True,True,SUBA
10560999,2022-01-20,TEUSAQUILLO,-74.076763166,4.658421514,True,True,BARRIOS UNIDOS
10564916,2022-03-05,BARRIOS UNIDOS,-74.086,4.678,True,True,ENGATIVA
10565955,2022-03-15,SAN CRISTÓBAL,-74.099,4.57100000000003,True,True,RAFAEL URIBE URIBE
10568767,2022-04-19,TEUSAQUILLO,-74.075,4.65300000000002,True,True,BARRIOS UNIDOS
10556657,2021-11-24,SANTA FE,-74.078991498,4.59820989299999,True,True,CANDELARIA
10567787,2022-04-06,SANTA FE,-74.076,4.58999999999997,True,True,CANDELARIA
10568186,2022-04-07,CIUDAD BOLÍVAR,-74.13,4.56700000000001,True,True,TUNJUELITO
10568206,2022-04-14,CHAPINERO,-74.043,4.68299999999999,True,True,USAQUEN
10567088,2022-03-31,PUENTE ARANDA,-74.123,4.62799999999999,True,True,KENNEDY
10567114,2022-04-02,CHAPINERO,-74.064,4.65300000000002,True,True,BARRIOS UNIDOS
10568942,2022-04-21,PUENTE ARANDA,-74.109,4.59500000000003,True,True,ANTONIO NARINO
10563373,2022-02-15,PUENTE ARANDA,-74.07,4.62,True,True,SANTA FE
10563459,2022-02-19,BOSA,-74.178,4.61099999999999,True,True,KENNEDY
10563506,2022-02-18,USAQUÉN,-74.058,4.68700000000001,True,True,BARRIOS UNIDOS
10563541,2022-02-20,BOSA,-74.177,4.62599999999998,True,True,KENNEDY
10563695,2022-02-21,BARRIOS UNIDOS,-74.12,4.584,True,True,RAFAEL URIBE URIBE
10564228,2022-02-27,BARRIOS UNIDOS,-74.113294937,4.576909581,True,True,RAFAEL URIBE URIBE
10564235,2022-02-27,RAFAEL URIBE URIBE,-74.102,4.58100000000002,True,True,ANTONIO NARINO
10568427,2022-04-16,BARRIOS UNIDOS,-74.065,4.68900000000002,True,True,SUBA
10568428,2022-04-13,SANTA FE,-74.078,4.60700000000003,True,True,LOS MARTIRES
10568436,2022-04-15,TEUSAQUILLO,-74.079,4.62299999999999,True,True,LOS MARTIRES
10567347,2022-03-31,LOS MÁRTIRES,-74.098,4.60700000000003,True,True,PUENTE ARANDA
10567852,2022-04-06,LOS MÁRTIRES,-74.083639456,4.59808423999999,True,True,SANTA FE
10569239,2022-04-22,USAQUÉN,-74.056,4.69900000000001,True,True,SUBA
10566096,2022-03-20,TUNJUELITO,-74.127,4.59300000000002,True,True,ANTONIO NARINO
10558433,2021-12-12,PUENTE ARANDA,-74.113,4.59399999999999,True,True,ANTONIO NARINO
10565951,2022-03-17,CANDELARIA,-74.077,4.58999999999997,True,True,SANTA FE
10566259,2022-03-21,PUENTE ARANDA,-74.132,4.60500000000002,True,True,KENNEDY
10566272,2022-03-19,ANTONIO NARIÑO,-74.114,4.596,True,True,PUENTE ARANDA
10568231,2022-04-10,SAN CRISTÓBAL,-74.074,4.58699999999999,True,True,SANTA FE
10556735,2021-11-26,KENNEDY,-74.124022827,4.62435344699998,True,True,PUENTE ARANDA
10556744,2021-11-26,BOSA,-74.171,4.596,True,True,CIUDAD BOLIVAR
10556750,2021-11-27,ENGATIVÁ,-74.105293448,4.655504135,True,True,FONTIBON
10557192,2021-11-01,SANTA FE,-74.080569129,4.602977189,True,True,LOS MARTIRES
10564260,2022-02-26,ANTONIO NARIÑO,-74.120503617,4.5891603,True,True,RAFAEL URIBE URIBE
10565747,2022-03-11,USME,-74.139,4.55000000000001,True,True,CIUDAD BOLIVAR
10565947,2022-03-17,BARRIOS UNIDOS,-74.091,4.67000000000002,True,True,ENGATIVA
10568444,2022-04-17,ANTONIO NARIÑO,-74.103,4.58100000000002,True,True,RAFAEL URIBE URIBE
10568454,2022-04-13,KENNEDY,-74.112,4.66000000000003,True,True,FONTIBON
10560386,2022-01-09,KENNEDY,-74.123472684,4.65219631399998,True,True,FONTIBON
10562966,2022-02-13,ANTONIO NARIÑO,-74.105,4.584,True,True,RAFAEL URIBE URIBE
10564569,2022-03-02,CHAPINERO,-74.062,4.65899999999999,True,True,BARRIOS UNIDOS
10559940,2022-01-01,BOSA,-74.178637715,4.57950713899999,True,True,CIUDAD BOLIVAR
10560744,2022-01-06,BARRIOS UNIDOS,-74.076289521,4.69126672800002,True,True,SUBA
10569422,2022-04-26,CIUDAD BOLÍVAR,-74.155,4.58800000000002,True,True,TUNJUELITO
10556955,2021-11-30,KENNEDY,-74.144,4.59500000000003,True,True,TUNJUELITO
10556959,2021-11-28,SANTA FE,-74.09,4.62200000000001,True,True,PUENTE ARANDA
10567118,2022-03-31,PUENTE ARANDA,-74.134,4.60199999999998,True,True,KENNEDY
10566352,2022-03-21,RAFAEL URIBE URIBE,-74.083,4.565,True,True,SAN CRISTOBAL
10560216,2022-01-04,SUBA,-74.129,4.60399999999998,True,True,PUENTE ARANDA
10568830,2022-04-21,PUENTE ARANDA,-74.088,4.61799999999999,True,True,LOS MARTIRES
10569254,2022-04-26,TEUSAQUILLO,-74.08,4.62400000000002,True,True,LOS MARTIRES
10562989,2022-02-11,BARRIOS UNIDOS,-74.074,4.65100000000001,True,True,TEUSAQUILLO
10562991,2022-02-12,USAQUÉN,-74.07,4.63499999999999,True,True,TEUSAQUILLO
10562992,2022-02-13,CIUDAD BOLÍVAR,-74.154,4.59899999999999,True,True,BOSA
10563002,2022-02-15,USME,-74.087813204,4.59126683199997,True,True,SANTA FE
10563012,2022-02-15,CHAPINERO,-74.061,4.666,True,True,BARRIOS UNIDOS
10561719,2022-01-26,USAQUÉN,-74.037,4.80900000000003,True,True,SUBA
10560648,2022-01-12,LOS MÁRTIRES,-74.079573296,4.603735073,True,True,SANTA FE
10560692,2022-01-13,BOSA,-74.177994622,4.61102554799999,True,True,KENNEDY
10562435,2022-02-02,USAQUÉN,-74.063859939,4.6468974,True,True,CHAPINERO
10569437,2022-04-28,PUENTE ARANDA,-74.103738419,4.59352675399998,True,True,ANTONIO NARINO
10569438,2022-04-27,ANTONIO NARIÑO,-74.1,4.57900000000001,True,True,RAFAEL URIBE URIBE
10563200,2022-02-18,RAFAEL URIBE URIBE,-74.093,4.541,True,True,SAN CRISTOBAL
10566833,2022-03-25,ENGATIVÁ,-74.12,4.67899999999997,True,True,FONTIBON
10563198,2022-02-16,ANTONIO NARIÑO,-74.123,4.59399999999999,True,True,PUENTE ARANDA
10563219,2022-02-10,RAFAEL URIBE URIBE,-74.103,4.56599999999997,True,True,SAN CRISTOBAL
10560193,2022-01-04,ANTONIO NARIÑO,-74.088236728,4.59235325100002,True,True,SANTA FE
10560206,2022-01-03,FONTIBÓN,-74.118774318,4.67955787800003,True,True,ENGATIVA
10560213,2022-01-04,PUENTE ARANDA,-74.08,4.64299999999997,True,True,TEUSAQUILLO
10560217,2022-01-02,PUENTE ARANDA,-74.113360332,4.594709244,True,True,ANTONIO NARINO
10561629,2022-01-25,KENNEDY,-74.122,4.62900000000002,True,True,PUENTE ARANDA
10568601,2022-04-18,CIUDAD BOLÍVAR,-74.1,4.62599999999998,True,True,PUENTE ARANDA
10557599,2021-12-05,TEUSAQUILLO,-74.086734211,4.624662785,True,True,PUENTE ARANDA
10560360,2022-01-10,ANTONIO NARIÑO,-74.125427114,4.59040315700003,True,True,RAFAEL URIBE URIBE
10569269,2022-04-26,CHAPINERO,-74.076633003,4.60786608000001,True,True,SANTA FE
10566490,2022-03-22,ANTONIO NARIÑO,-74.109,4.589,True,True,RAFAEL URIBE URIBE
10566508,2022-03-23,ANTONIO NARIÑO,-74.113,4.596,True,True,PUENTE ARANDA
10566306,2022-03-23,USAQUÉN,-74.065,4.62900000000002,True,True,CHAPINERO
10565550,2022-03-13,TEUSAQUILLO,-74.081,4.62400000000002,True,True,LOS MARTIRES
10566267,2022-03-15,LOS MÁRTIRES,-74.047353803,4.67967861800003,True,True,CHAPINERO
10566281,2022-03-20,CHAPINERO,-74.066,4.64299999999997,True,True,TEUSAQUILLO
10560616,2022-01-12,TUNJUELITO,-74.075835249,4.62326741599998,True,True,TEUSAQUILLO
10567432,2022-04-01,LOS MÁRTIRES,-74.097,4.59399999999999,True,True,ANTONIO NARINO
10565158,2022-03-07,FONTIBÓN,-74.124,4.685,True,True,ENGATIVA
10565321,2022-03-10,CANDELARIA,-74.083,4.59500000000003,True,True,SANTA FE
10560675,2022-01-13,USAQUÉN,-74.057253057,4.68934659299998,True,True,SUBA
10560205,2022-01-04,PUENTE ARANDA,-74.122515494,4.59347924299999,True,True,ANTONIO NARINO
10566517,2022-03-23,BOSA,-74.161,4.608,True,True,KENNEDY
10561692,2022-02-02,BOSA,-74.164,4.59500000000003,True,True,CIUDAD BOLIVAR
10561732,2022-01-27,BARRIOS UNIDOS,-74.068,4.69,True,True,SUBA
10567419,2022-04-02,ENGATIVÁ,-74.05691975,4.66498810500002,True,True,CHAPINERO
10569486,2022-04-28,PUENTE ARANDA,-74.071,4.59100000000001,True,True,CANDELARIA
10562187,2022-02-04,BARRIOS UNIDOS,-74.059,4.67000000000002,True,True,CHAPINERO
10562202,2022-01-31,USAQUÉN,-74.042,4.68099999999998,True,True,CHAPINERO
10550488,2021-09-24,BOSA,-74.141269938,4.58565711,True,True,TUNJUELITO
10566743,2022-03-27,KENNEDY,-74.162,4.60599999999999,True,True,BOSA
10567202,2022-03-31,KENNEDY,-74.122,4.63999999999999,True,True,FONTIBON
10567217,2022-03-30,LOS MÁRTIRES,-74.079,4.59899999999999,True,True,SANTA FE
10562354,2022-02-01,USAQUÉN,-74.042,4.779,True,True,SUBA
10562374,2022-02-01,BARRIOS UNIDOS,-74.081,4.65199999999999,True,True,TEUSAQUILLO
10567575,2022-04-04,TEUSAQUILLO,-74.088,4.66000000000003,True,True,BARRIOS UNIDOS
10564283,2022-02-26,ANTONIO NARIÑO,-74.097,4.57299999999998,True,True,SAN CRISTOBAL
10564427,2022-02-28,SANTA FE,-74.080239669,4.58477425400002,True,True,SAN CRISTOBAL
10565424,2022-03-10,SAN CRISTÓBAL,-74.075,4.57900000000001,True,True,SANTA FE
10566030,2022-03-17,KENNEDY,-74.166740661,4.600406002,True,True,BOSA
10566831,2022-03-25,PUENTE ARANDA,-74.084,4.63200000000001,True,True,TEUSAQUILLO
10560195,2022-01-03,CIUDAD BOLÍVAR,-74.105707583,4.50679879299997,True,True,USME
10560373,2022-01-09,CIUDAD BOLÍVAR,-74.155,4.60500000000002,True,True,KENNEDY
10566756,2022-03-26,BOSA,-74.154,4.596,True,True,CIUDAD BOLIVAR
10566771,2022-03-26,SANTA FE,-74.083,4.60000000000002,True,True,LOS MARTIRES
10566795,2022-03-26,ENGATIVÁ,-74.083,4.697,True,True,SUBA
10568138,2022-04-07,LOS MÁRTIRES,-74.098,4.59199999999998,True,True,ANTONIO NARINO
10555859,2021-11-19,TUNJUELITO,-74.128564347,4.582753518,True,True,RAFAEL URIBE URIBE
10555871,2021-11-20,FONTIBÓN,-74.106358255,4.74051810499998,True,True,SUBA
10567664,2022-04-05,TEUSAQUILLO,-74.073,4.61500000000001,True,True,SANTA FE
10563698,2022-02-20,KENNEDY,-74.125,4.62099999999998,True,True,PUENTE ARANDA
10563707,2022-02-22,USAQUÉN,-74.171,4.62900000000002,True,True,KENNEDY
10564377,2022-02-28,ENGATIVÁ,-74.120642642,4.69236080500002,True,True,FONTIBON
10559939,2021-12-31,CHAPINERO,-74.062000895,4.65967905299999,True,True,BARRIOS UNIDOS
10559958,2021-12-31,TUNJUELITO,-74.109187935,4.57346045700001,True,True,RAFAEL URIBE URIBE
10558122,2021-12-10,CHAPINERO,-74.064091428,4.65457691099999,True,True,BARRIOS UNIDOS
10562012,2022-02-05,TUNJUELITO,-74.139015869,4.595141781,True,True,KENNEDY
10565847,2022-03-16,KENNEDY,-74.182,4.61900000000003,True,True,BOSA
10567415,2022-04-01,RAFAEL URIBE URIBE,-74.093,4.57799999999997,True,True,ANTONIO NARINO
10566245,2022-03-20,TEUSAQUILLO,-74.069269757,4.62276971900002,True,True,SANTA FE
10564262,2022-02-26,ANTONIO NARIÑO,-74.095,4.57600000000002,True,True,RAFAEL URIBE URIBE
10564383,2022-02-28,BOSA,-74.164,4.64499999999998,True,True,KENNEDY
10567188,2022-03-30,PUENTE ARANDA,-74.086,4.62099999999998,True,True,LOS MARTIRES
10560003,2022-01-01,FONTIBÓN,-74.103592649,4.75726440699998,True,True,SUBA
10558240,2021-12-12,USAQUÉN,-74.053,4.71300000000002,True,True,SUBA
10560540,2022-01-12,USME,-74.020339386,4.67203328300002,True,True,CHAPINERO
10560797,2022-01-17,PUENTE ARANDA,-74.129724526,4.608521107,True,True,KENNEDY
10560798,2022-01-17,CIUDAD BOLÍVAR,-74.122641897,4.70378480900001,True,True,ENGATIVA
10560876,2022-01-19,FONTIBÓN,-74.146,4.64800000000002,True,True,KENNEDY
10561604,2022-01-29,CANDELARIA,-74.103,4.62700000000001,True,True,PUENTE ARANDA
10562914,2022-02-13,USAQUÉN,-74.084629835,4.58932906699999,True,True,SANTA FE
10566304,2022-03-19,BOSA,-74.145,4.596,True,True,KENNEDY
10566312,2022-03-18,ANTONIO NARIÑO,-74.109,4.589,True,True,RAFAEL URIBE URIBE
10566345,2022-03-14,PUENTE ARANDA,-74.147735928,4.56768432299998,True,True,CIUDAD BOLIVAR
10566363,2022-03-18,SAN CRISTÓBAL,-74.077,4.60599999999999,True,True,SANTA FE
10568379,2022-04-16,SANTA FE,-74.074,4.613,True,True,LOS MARTIRES
10559937,2021-12-31,CHAPINERO,-74.065373191,4.64710576099998,True,True,TEUSAQUILLO
10567294,2022-04-01,ANTONIO NARIÑO,-74.125,4.59800000000001,True,True,PUENTE ARANDA
10566289,2022-03-17,BOSA,-74.185,4.61700000000002,True,True,KENNEDY
10567398,2022-04-03,FONTIBÓN,-74.121,4.63900000000001,True,True,KENNEDY
10567399,2022-03-31,KENNEDY,-74.214,4.61399999999998,True,True,BOSA
10568661,2022-04-19,ENGATIVÁ,-74.11320135,4.73282153999997,True,True,SUBA
10568662,2022-04-18,PUENTE ARANDA,-74.076,4.62099999999998,True,True,TEUSAQUILLO
10563795,2022-02-23,USAQUÉN,-74.048,4.74200000000002,True,True,SUBA
10564287,2022-02-27,TEUSAQUILLO,-74.065,4.64999999999998,True,True,BARRIOS UNIDOS
10566768,2022-03-26,SUBA,-74.051,4.72000000000003,True,True,USAQUEN
10566845,2022-03-26,BOSA,-74.165,4.613,True,True,KENNEDY
10561312,2022-01-28,BOSA,-74.164,4.595630427,True,True,CIUDAD BOLIVAR
10561424,2022-01-22,PUENTE ARANDA,-74.08,4.63,True,True,TEUSAQUILLO
10557276,2021-12-02,USAQUÉN,-74.047571923,4.75178422599998,True,True,SUBA
10565325,2022-03-10,ANTONIO NARIÑO,-74.103,4.58100000000002,True,True,RAFAEL URIBE URIBE
10566798,2022-03-26,USAQUÉN,-74.042,4.779,True,True,SUBA
10563229,2022-02-10,ENGATIVÁ,-74.074,4.68799999999999,True,True,BARRIOS UNIDOS
10566982,2022-03-28,SAN CRISTÓBAL,-74.095,4.57600000000002,True,True,RAFAEL URIBE URIBE
10563771,2022-02-19,BOSA,-74.152,4.596,True,True,KENNEDY
10561287,2022-01-21,BOSA,-74.184,4.61900000000003,True,True,KENNEDY
10562441,2022-02-02,TEUSAQUILLO,-74.078,4.65199999999999,True,True,BARRIOS UNIDOS
10560348,2022-01-09,SUBA,-74.067484504,4.68313773099999,True,True,BARRIOS UNIDOS
10560340,2022-01-08,FONTIBÓN,-74.124,4.64100000000002,True,True,KENNEDY
10567058,2022-03-28,PUENTE ARANDA,-74.123,4.589,True,True,RAFAEL URIBE URIBE
10568664,2022-04-19,LOS MÁRTIRES,-74.083,4.625,True,True,TEUSAQUILLO
10568675,2022-04-19,CIUDAD BOLÍVAR,-74.151928882,4.59001610199999,True,True,TUNJUELITO
10550774,2021-09-28,PUENTE ARANDA,-74.199427677,4.60498324100001,True,True,BOSA
10563182,2022-02-16,KENNEDY,-74.122,4.62900000000002,True,True,PUENTE ARANDA
10563184,2022-02-16,BOSA,-74.215,4.613,True,False,Fuera de polígonos
10566611,2022-03-24,PUENTE ARANDA,-74.096,4.64100000000002,True,True,TEUSAQUILLO
10566974,2022-03-26,RAFAEL URIBE URIBE,-74.123,4.55799999999999,True,True,TUNJUELITO
10566990,2022-03-29,BARRIOS UNIDOS,-74.059,4.68799999999999,True,True,SUBA
10561597,2022-01-26,RAFAEL URIBE URIBE,-74.121,4.54500000000002,True,True,USME
10565706,2022-03-13,USAQUÉN,-74.052,4.72199999999998,True,True,SUBA
10567342,2022-03-31,KENNEDY,-74.119,4.601,True,True,PUENTE ARANDA
10566993,2022-03-28,CIUDAD BOLÍVAR,-74.145,4.58800000000002,True,True,TUNJUELITO
10565543,2022-03-11,ANTONIO NARIÑO,-74.085,4.59500000000003,True,True,SANTA FE
10565559,2022-03-12,ANTONIO NARIÑO,-74.117,4.58800000000002,True,True,RAFAEL URIBE URIBE
10561712,2022-01-27,FONTIBÓN,-74.121,4.63900000000001,True,True,KENNEDY
10567828,2022-04-05,USAQUÉN,-74.049,4.738,True,True,SUBA
10567836,2022-04-07,BARRIOS UNIDOS,-74.06,4.68799999999999,True,True,SUBA
10567904,2022-04-06,SANTA FE,-74.073,4.59800000000001,True,True,CANDELARIA
10560654,2022-01-13,BOSA,-74.15770051,4.59120755499998,True,True,CIUDAD BOLIVAR
10569477,2022-04-27,TUNJUELITO,-74.155,4.58100000000002,True,True,CIUDAD BOLIVAR
10556707,2021-11-27,CANDELARIA,-74.081079276,4.58611300400003,True,True,SANTA FE
10563453,2022-02-18,USME,-74.12,4.57600000000002,True,True,RAFAEL URIBE URIBE
10564639,2022-03-01,BARRIOS UNIDOS,-74.061,4.68799999999999,True,True,SUBA
10566118,2022-03-19,USAQUÉN,-74.051,4.72500000000002,True,True,SUBA
10567383,2022-04-01,USAQUÉN,-74.047,4.755,True,True,SUBA
10560332,2022-01-05,TUNJUELITO,-74.125,4.572,True,True,RAFAEL URIBE URIBE
10563642,2022-02-22,ENGATIVÁ,-74.133,4.70100000000002,True,True,FONTIBON
10561881,2022-01-27,TEUSAQUILLO,-74.078,4.65499999999997,True,True,BARRIOS UNIDOS
10561895,2022-01-30,KENNEDY,-74.137,4.59500000000003,True,True,PUENTE ARANDA
10562727,2022-02-06,USAQUÉN,-74.151,4.55599999999998,True,True,CIUDAD BOLIVAR
10569145,2022-04-23,PUENTE ARANDA,-74.112,4.59500000000003,True,True,ANTONIO NARINO
10556740,2021-11-26,BOSA,-74.174738303,4.59634012700002,True,True,CIUDAD BOLIVAR
10556756,2021-11-27,USAQUÉN,-74.074141663,4.71802668599997,True,True,SUBA
10568224,2022-04-10,BOSA,-74.152,4.596,True,True,KENNEDY
10558620,2021-12-15,TUNJUELITO,-74.12664803,4.57999087100001,True,True,RAFAEL URIBE URIBE
10560179,2022-01-05,BOSA,-74.155287817,4.59628799199999,True,True,CIUDAD BOLIVAR
10567077,2022-03-28,RAFAEL URIBE URIBE,-74.122,4.55599999999998,True,True,TUNJUELITO
10568318,2022-04-11,KENNEDY,-74.192,4.62599999999998,True,True,BOSA
10563750,2022-02-23,PUENTE ARANDA,-74.127,4.61799999999999,True,True,KENNEDY
10563478,2022-02-19,BARRIOS UNIDOS,-74.093,4.66699999999997,True,True,ENGATIVA
10563661,2022-02-22,LOS MÁRTIRES,-74.096,4.59399999999999,True,True,ANTONIO NARINO
10566049,2022-03-18,LOS MÁRTIRES,-74.091,4.58999999999997,True,True,ANTONIO NARINO
10549341,2021-09-12,USME,-74.117993821,4.54321167400002,True,True,RAFAEL URIBE URIBE
10561593,2022-01-26,SAN CRISTÓBAL,-74.118,4.52600000000001,True,True,USME
10563236,2022-02-11,SAN CRISTÓBAL,-74.09,4.517,True,True,USME
10569125,2022-04-24,USAQUÉN,-74.053805399,4.75141892400001,True,True,SUBA
10560192,2021-01-04,FONTIBÓN,-74.119392993,4.67928692599997,True,True,ENGATIVA
10560235,2022-01-05,SUBA,-74.116,4.61500000000001,True,True,PUENTE ARANDA
10563592,2022-02-18,LOS MÁRTIRES,-74.07,4.65199999999999,True,True,BARRIOS UNIDOS
10567106,2022-03-29,BARRIOS UNIDOS,-74.08,4.65199999999999,True,True,TEUSAQUILLO
10567112,2022-03-30,SANTA FE,-74.078409354,4.59910015399998,True,True,CANDELARIA
10567214,2022-03-30,CHAPINERO,-74.046,4.68400000000003,True,True,USAQUEN
10568591,2022-04-18,PUENTE ARANDA,-74.084,4.63200000000001,True,True,TEUSAQUILLO
10569345,2022-04-26,CHAPINERO,-74.062,4.65899999999999,True,True,BARRIOS UNIDOS
10563111,2022-02-17,CHAPINERO,-74.106,4.74900000000002,True,True,SUBA
10563113,2022-02-10,BOSA,-74.184,4.61900000000003,True,True,KENNEDY
10563119,2022-02-17,KENNEDY,-74.121,4.65100000000001,True,True,FONTIBON
10566553,2022-03-22,ENGATIVÁ,-74.085694761,4.677542292,True,True,BARRIOS UNIDOS
10604976,2024-05-05,TUNJUELITO,-74.12377867993,4.57443847855,True,True,RAFAEL URIBE URIBE
10605041,2024-05-08,TEUSAQUILLO,-74.07050517981,4.65074239321,True,True,BARRIOS UNIDOS
10579386,2022-08-28,SUBA,-74.097908012,4.61931764000002,True,True,PUENTE ARANDA
10580387,2022-09-09,ENGATIVÁ,-74.063187317,4.66914180800001,True,True,BARRIOS UNIDOS
10581715,2022-09-27,USAQUÉN,-74.118,4.638,True,True,FONTIBON
10584123,2022-11-17,SAN CRISTÓBAL,-74.09161952917,4.57984086518,True,True,ANTONIO NARINO
10583036,2022-10-23,PUENTE ARANDA,-74.1,4.604,True,True,LOS MARTIRES
10583300,2022-10-27,CIUDAD BOLÍVAR,-74.14282021706,4.57987829621,True,True,TUNJUELITO
10583317,2022-10-30,USAQUÉN,-74.183666293,4.61977745199999,True,True,BOSA
10585825,2022-12-29,PUENTE ARANDA,-74.125921956,4.622209677,True,True,KENNEDY
10585990,2023-01-04,USAQUÉN,-74.05757595796,4.68710035944,True,True,SUBA
10579797,2022-09-03,USAQUÉN,-74.054,4.70699999999999,True,True,SUBA
10581432,2022-09-22,BOSA,-74.175,4.579,True,True,CIUDAD BOLIVAR
10605858,2024-05-25,FONTIBÓN,-74.13695422594,4.65074773997,True,True,KENNEDY
10605908,2024-05-24,FONTIBÓN,-74.13353172724,4.64927470731,True,True,KENNEDY
10604019,2024-04-13,KENNEDY,-74.12218598311,4.62908770116,True,True,PUENTE ARANDA
10603827,2024-04-07,BARRIOS UNIDOS,-74.0652109851,4.68907563111,True,True,SUBA
10601098,2024-01-26,ANTONIO NARIÑO,-74.11332225117,4.59609395206,True,True,PUENTE ARANDA
10606444,2024-06-14,SAN CRISTÓBAL,-74.10220889036,4.56714628706,True,True,RAFAEL URIBE URIBE
10606543,2024-06-17,BOSA,-74.15768770163,4.5964653952,True,True,CIUDAD BOLIVAR
10602572,2024-03-05,USME,-74.12664911864,4.56636642183,True,True,TUNJUELITO
10605500,2024-05-14,USAQUÉN,-74.05733796561,4.68695454389,True,True,SUBA
10606118,2024-05-30,USAQUÉN,-74.04067901556,4.68109526858,True,True,CHAPINERO
10581779,2022-09-27,RAFAEL URIBE URIBE,-74.128,4.579,True,True,TUNJUELITO
10581780,2022-09-27,USAQUÉN,-74.054,4.71,True,True,SUBA
10581959,2022-09-29,BOSA,-74.125,4.672,True,True,FONTIBON
10584153,2022-11-17,BARRIOS UNIDOS,-74.04154805128,4.67463129086,True,True,CHAPINERO
10586103,2023-01-07,LOS MÁRTIRES,-74.07341269438,4.60790823661,True,True,SANTA FE
10584342,2022-11-23,USAQUÉN,-74.0400638129,4.79167903207,True,True,SUBA
10584367,2022-11-23,SANTA FE,-74.07434610312,4.61270455042,True,True,LOS MARTIRES
10582182,2022-10-03,SUBA,-74.035,4.687,True,True,USAQUEN
10582222,2022-10-03,LOS MÁRTIRES,-74.09,4.617,True,True,PUENTE ARANDA
10582629,2022-10-13,PUENTE ARANDA,-74.111951914,4.588595129,True,True,RAFAEL URIBE URIBE
10582775,2022-10-17,PUENTE ARANDA,-74.133,4.604,True,True,KENNEDY
10582780,2022-10-14,RAFAEL URIBE URIBE,-74.129,4.58,True,True,TUNJUELITO
10582785,2022-10-15,TUNJUELITO,-74.127,4.582,True,True,RAFAEL URIBE URIBE
10581611,2022-09-25,SANTA FE,-74.061,4.626,True,True,CHAPINERO
10581724,2022-09-26,KENNEDY,-74.138,4.594,True,True,TUNJUELITO
10605912,2024-05-30,CIUDAD BOLÍVAR,-74.13798002179,4.59385515199,True,True,TUNJUELITO
10605775,2024-05-27,TEUSAQUILLO,-74.09325470195,4.66616226515,True,True,BARRIOS UNIDOS
10602573,2024-03-05,RAFAEL URIBE URIBE,-74.10249467266,4.58126615796,True,True,ANTONIO NARINO
10601117,2024-01-29,TUNJUELITO,-74.12559043191,4.57210233719,True,True,RAFAEL URIBE URIBE
10602784,2024-03-09,USAQUÉN,-74.05525850449,4.69964599584,True,True,SUBA
10601136,2024-01-30,SANTA FE,-74.08470406255,4.59721083781,True,True,LOS MARTIRES
10603685,2024-04-01,LOS MÁRTIRES,-74.09184483473,4.61416963871,True,True,PUENTE ARANDA
10601411,2024-02-05,BARRIOS UNIDOS,-74.06767227891,4.68973956859,True,True,SUBA
10585901,2023-01-01,RAFAEL URIBE URIBE,-74.094278606,4.56711589499997,True,True,SAN CRISTOBAL
10585904,2022-12-31,FONTIBÓN,-74.16664774232,4.63992095939,True,True,KENNEDY
10578396,2022-08-14,CIUDAD BOLÍVAR,-74.181,4.58699999999999,True,False,Fuera de polígonos
10578402,2022-08-15,PUENTE ARANDA,-74.085,4.63200000000001,True,True,TEUSAQUILLO
10579525,2022-08-28,SAN CRISTÓBAL,-74.097908012,4.61931764000002,True,True,PUENTE ARANDA
10586333,2023-01-14,BOSA,-74.15368389502,4.59642796472,True,True,CIUDAD BOLIVAR
10586356,2023-01-16,CIUDAD BOLÍVAR,-74.13634583324,4.56612054901,True,True,TUNJUELITO
10585315,2022-12-17,TUNJUELITO,-74.16727867477,4.59360690169,True,True,CIUDAD BOLIVAR
10585325,2022-12-18,TUNJUELITO,-74.13776181454,4.59512616912,True,True,KENNEDY
10585973,2023-01-03,SAN CRISTÓBAL,-74.098148688,4.572328895,True,True,RAFAEL URIBE URIBE
10585974,2023-01-03,TUNJUELITO,-74.066454657,4.63847074400002,True,True,CHAPINERO
10585979,2023-01-03,BOSA,-74.178985612,4.63281338000002,True,True,KENNEDY
10585992,2023-01-04,ENGATIVÁ,-74.13118747656,4.69985597054,True,True,FONTIBON
10578434,2022-08-14,TUNJUELITO,-74.162,4.60000000000002,True,True,BOSA
10578691,2022-08-15,CIUDAD BOLÍVAR,-74.143,4.57900000000001,True,True,TUNJUELITO
10583595,2022-11-07,LOS MÁRTIRES,-74.07516149466,4.61059781233,True,True,SANTA FE
10583599,2022-11-06,CIUDAD BOLÍVAR,-74.11813369923,4.53620015197,True,True,USME
10603116,2024-03-19,PUENTE ARANDA,-74.13403598254,4.60152914257,True,True,KENNEDY
10602863,2024-03-13,SANTA FE,-74.076833242,4.60166914352,True,True,CANDELARIA
10602902,2024-03-11,USAQUÉN,-74.0511318218,4.72465980729,True,True,SUBA
10601997,2024-02-21,TUNJUELITO,-74.07912490397,4.63727265231,True,True,TEUSAQUILLO
10602157,2024-02-25,LOS MÁRTIRES,-74.08656624739,4.62055396623,True,True,PUENTE ARANDA
10604258,2024-04-17,PUENTE ARANDA,-74.1019232351,4.60207454932,True,True,LOS MARTIRES
10601748,2024-02-14,BOSA,-74.16395334189,4.59561519544,True,True,CIUDAD BOLIVAR
10585092,2022-12-12,CHAPINERO,-74.04411988454,4.68545664234,True,True,USAQUEN
10579534,2022-08-29,LOS MÁRTIRES,-74.097908012,4.61931764000002,True,True,PUENTE ARANDA
10580561,2022-09-13,BOSA,-74.082,4.67899999999997,True,True,BARRIOS UNIDOS
10586327,2023-01-14,TEUSAQUILLO,-74.09978124761,4.65855930599,True,True,ENGATIVA
10585336,2022-12-16,TUNJUELITO,-74.12658285579,4.56685169195,True,True,RAFAEL URIBE URIBE
10585344,2022-12-17,FONTIBÓN,-74.13695553833,4.65079885253,True,True,KENNEDY
10585360,2022-12-18,LOS MÁRTIRES,-74.09784615953,4.6068636103,True,True,PUENTE ARANDA
10585366,2022-12-17,BOSA,-74.17875913761,4.59685573553,True,True,CIUDAD BOLIVAR
10585377,2022-12-20,PUENTE ARANDA,-74.104200653,4.60013208999999,True,True,LOS MARTIRES
10586137,2023-01-09,BOSA,-74.18018997269,4.59673129847,True,True,CIUDAD BOLIVAR
10578310,2022-08-12,TUNJUELITO,-74.129,4.59399999999999,True,True,PUENTE ARANDA
10578608,2022-08-17,RAFAEL URIBE URIBE,-74.126,4.56900000000002,True,True,TUNJUELITO
10579299,2022-08-26,ENGATIVÁ,-74.097908012,4.61931764000002,True,True,PUENTE ARANDA
10585525,2022-12-23,CIUDAD BOLÍVAR,-74.12623270571,4.52565327448,True,True,USME
10585581,2022-12-22,CANDELARIA,-74.08122621284,4.59514853055,True,True,SANTA FE
10600924,2024-01-24,ANTONIO NARIÑO,-74.07951131065,4.60401409549,True,True,SANTA FE
10605312,2024-05-15,LOS MÁRTIRES,-74.09624365752,4.60861939778,True,True,PUENTE ARANDA
10603427,2024-03-23,ENGATIVÁ,-74.12082878535,4.69238703674,True,True,FONTIBON
10604672,2024-05-01,USME,-74.12111492164,4.54706859314,True,True,RAFAEL URIBE URIBE
10604683,2024-04-30,USAQUÉN,-74.03713463552,4.80948813205,True,True,SUBA
10605121,2024-05-08,CHAPINERO,-74.06259071164,4.65572457912,True,True,BARRIOS UNIDOS
10602001,2024-02-20,CHAPINERO,-74.06514659866,4.64714547731,True,True,TEUSAQUILLO
10605144,2024-05-11,SANTA FE,-74.06773301235,4.59479318476,True,True,CANDELARIA
10606664,2024-06-23,USME,-74.09068735922,4.52224728902,True,True,SAN CRISTOBAL
10606665,2024-06-22,SANTA FE,-74.07532645051,4.61071010056,True,True,LOS MARTIRES
10600984,2024-01-25,TUNJUELITO,-74.14552400244,4.59508861647,True,True,KENNEDY
10578393,2022-08-12,FONTIBÓN,-74.119392993,4.67928692599997,True,True,ENGATIVA
10579151,2022-08-23,RAFAEL URIBE URIBE,-74.097908012,4.61931764000002,True,True,PUENTE ARANDA
10579155,2022-08-21,SAN CRISTÓBAL,-74.097908012,4.61931764000002,True,True,PUENTE ARANDA
10579161,2022-08-23,KENNEDY,-74.097908012,4.61931764000002,True,True,PUENTE ARANDA
10579162,2022-08-23,TEUSAQUILLO,-74.097908012,4.61931764000002,True,True,PUENTE ARANDA
10579170,2022-08-24,FONTIBÓN,-74.097908012,4.61931764000002,True,True,PUENTE ARANDA
10579174,2022-08-25,KENNEDY,-74.097908012,4.61931764000002,True,True,PUENTE ARANDA
10581306,2022-09-20,RAFAEL URIBE URIBE,-74.081329892,4.60096886100001,True,True,SANTA FE
10582195,2022-10-03,CHAPINERO,-74.125,4.728,True,True,ENGATIVA
10579414,2022-08-27,KENNEDY,-74.097908012,4.61931764000002,True,True,PUENTE ARANDA
10579427,2022-08-26,BOSA,-74.097908012,4.61931764000002,True,True,PUENTE ARANDA
10580256,2022-09-07,RAFAEL URIBE URIBE,-74.126,4.572,True,True,TUNJUELITO
10580267,2022-09-07,USAQUÉN,-74.045,4.76100000000002,True,True,SUBA
10579315,2022-08-25,BARRIOS UNIDOS,-74.097908012,4.61931764000002,True,True,PUENTE ARANDA
10579323,2022-08-26,ENGATIVÁ,-74.097908012,4.61931764000002,True,True,PUENTE ARANDA
10584480,2022-11-27,KENNEDY,-74.17968181555,4.63396407492,True,True,BOSA
10585656,2022-12-25,PUENTE ARANDA,-74.08436540615,4.63175108789,True,True,TEUSAQUILLO
10585713,2022-12-27,SANTA FE,-74.08383819722,4.58856466954,True,True,SAN CRISTOBAL
10585725,2022-12-26,PUENTE ARANDA,-74.09833880194,4.57849928088,True,True,ANTONIO NARINO
10605365,2024-05-14,PUENTE ARANDA,-74.13176005616,4.60478722702,True,True,KENNEDY
10605373,2024-05-13,BOSA,-74.16022507136,4.63384109661,True,True,KENNEDY
10605107,2024-05-09,BOSA,-74.17541817608,4.59655415784,True,True,CIUDAD BOLIVAR
10605112,2024-05-08,LOS MÁRTIRES,-74.09622179476,4.60868225101,True,True,PUENTE ARANDA
10605131,2024-05-08,PUENTE ARANDA,-74.09925309603,4.60474810581,True,True,LOS MARTIRES
10601384,2024-02-02,LOS MÁRTIRES,-74.07990534081,4.60360286075,True,True,SANTA FE
10605255,2024-05-11,ANTONIO NARIÑO,-74.10720950335,4.5982396794,True,True,PUENTE ARANDA
10605352,2024-05-14,PUENTE ARANDA,-74.12902025299,4.60961881556,True,True,KENNEDY
10603858,2024-04-08,FONTIBÓN,-74.11590156739,4.67329999275,True,True,ENGATIVA
10604746,2024-04-23,LOS MÁRTIRES,-74.09897951071,4.6052667746,True,True,PUENTE ARANDA
10605451,2024-05-15,SAN CRISTÓBAL,-74.09795847071,4.57199054292,True,True,RAFAEL URIBE URIBE
10601581,2024-02-10,FONTIBÓN,-74.11149517895,4.66663252563,True,True,ENGATIVA
10602015,2024-02-21,USME,-74.11554665198,4.54701505048,True,True,RAFAEL URIBE URIBE
10603053,2024-03-13,TUNJUELITO,-74.13861451332,4.56031898155,True,True,CIUDAD BOLIVAR
10603058,2024-03-16,TEUSAQUILLO,-74.08857594881,4.65943033402,True,True,BARRIOS UNIDOS
10601005,2024-01-27,USME,-74.13105606812,4.53792789048,True,True,CIUDAD BOLIVAR
10601010,2024-01-27,CANDELARIA,-74.08128839396,4.59258492194,True,True,SANTA FE
10579461,2022-08-27,USAQUÉN,-74.097908012,4.61931764000002,True,True,PUENTE ARANDA
10579464,2022-08-27,FONTIBÓN,-74.097908012,4.61931764000002,True,True,PUENTE ARANDA
10578540,2022-08-16,TEUSAQUILLO,-74.092,4.66500000000002,True,True,BARRIOS UNIDOS
10579317,2022-08-25,CHAPINERO,-74.097908012,4.61931764000002,True,True,PUENTE ARANDA
10579320,2022-08-26,ENGATIVÁ,-74.097908012,4.61931764000002,True,True,PUENTE ARANDA
10580830,2022-09-16,CHAPINERO,-74.097908012,4.61931764000002,True,True,PUENTE ARANDA
10582840,2022-10-17,SANTA FE,-74.068,4.594,True,True,CANDELARIA
10580274,2022-09-07,USAQUÉN,-74.045,4.76100000000002,True,True,SUBA
10584582,2022-11-27,USAQUÉN,-74.05166005681,4.7222794607,True,True,SUBA
10584587,2022-11-27,BOSA,-74.1647311825,4.59557241806,True,True,CIUDAD BOLIVAR
10584591,2022-11-28,PUENTE ARANDA,-74.10777715628,4.59764711771,True,True,ANTONIO NARINO
10579279,2022-08-26,SAN CRISTÓBAL,-74.097908012,4.61931764000002,True,True,PUENTE ARANDA
10579304,2022-08-26,SAN CRISTÓBAL,-74.097908012,4.61931764000002,True,True,PUENTE ARANDA
10579305,2022-08-25,KENNEDY,-74.097908012,4.61931764000002,True,True,PUENTE ARANDA
10579314,2022-08-26,KENNEDY,-74.097908012,4.61931764000002,True,True,PUENTE ARANDA
10605480,2024-05-29,PUENTE ARANDA,-74.10994975246,4.64567705013,True,True,FONTIBON
10605512,2024-05-17,BOSA,-74.1770478863,4.62601321577,True,True,KENNEDY
10601660,2024-02-13,BOSA,-74.15807686537,4.59602060779,True,True,CIUDAD BOLIVAR
10604333,2024-04-19,SANTA FE,-74.06806236419,4.59399057272,True,True,CANDELARIA
10604350,2024-04-18,TEUSAQUILLO,-74.08288893883,4.62439576376,True,True,LOS MARTIRES
10601993,2024-02-21,CHAPINERO,-74.05854912867,4.6804363337,True,True,BARRIOS UNIDOS
10603257,2024-03-19,USAQUÉN,-74.04385639357,4.76908089159,True,True,SUBA
10604644,2024-04-26,ANTONIO NARIÑO,-74.1042088488,4.58323200613,True,True,RAFAEL URIBE URIBE
10604654,2024-04-28,BARRIOS UNIDOS,-74.06767251137,4.68967347066,True,True,SUBA
10601695,2024-02-14,SANTA FE,-74.07017258589,4.59203792873,True,True,CANDELARIA
10583007,2022-10-22,CIUDAD BOLÍVAR,-74.098,4.684,True,True,ENGATIVA
10583012,2022-10-21,LOS MÁRTIRES,-74.112,4.595,True,True,ANTONIO NARINO
10585553,2022-12-24,LOS MÁRTIRES,-74.083639456,4.59808423999999,True,True,SANTA FE
10585591,2022-12-22,ANTONIO NARIÑO,-74.09981635992,4.57933821978,True,True,RAFAEL URIBE URIBE
10581962,2022-10-01,BARRIOS UNIDOS,-74.1,4.659,True,True,ENGATIVA
10578410,2022-08-14,ENGATIVÁ,-74.112,4.666,True,True,FONTIBON
10578428,2022-08-13,LOS MÁRTIRES,-74.114,4.58800000000002,True,True,RAFAEL URIBE URIBE
10578442,2022-08-11,LOS MÁRTIRES,-74.097908012,4.61931764000002,True,True,PUENTE ARANDA
10605088,2024-05-08,BOSA,-74.18197564172,4.59665789263,True,True,CIUDAD BOLIVAR
10603707,2024-04-05,LOS MÁRTIRES,-74.08695248549,4.62021710617,True,True,PUENTE ARANDA
10601984,2024-02-20,CANDELARIA,-74.07731799071,4.59015036523,True,True,SANTA FE
10602607,2024-03-07,CIUDAD BOLÍVAR,-74.14181585289,4.58089671063,True,True,TUNJUELITO
10602733,2024-03-08,ANTONIO NARIÑO,-74.08775909862,4.59119695932,True,True,SANTA FE
10606085,2024-05-28,CIUDAD BOLÍVAR,-74.12654725496,4.52557184587,True,True,USME
10584893,2022-12-06,ANTONIO NARIÑO,-74.11333469336,4.5962782444,True,True,PUENTE ARANDA
10585633,2022-12-24,SANTA FE,-74.07289283041,4.61554722459,True,True,TEUSAQUILLO
10585641,2022-12-25,KENNEDY,-74.15815684428,4.59607504943,True,True,CIUDAD BOLIVAR
10581791,2022-09-27,CANDELARIA,-74.081,4.592,True,True,SANTA FE
10581934,2022-09-30,CIUDAD BOLÍVAR,-74.145,4.591,True,True,TUNJUELITO
10582272,2022-10-05,USAQUÉN,-74.04554990713,4.75921964246,True,True,SUBA
10582791,2022-10-17,CHAPINERO,-74.057,4.687,True,True,USAQUEN
10583098,2022-10-25,FONTIBÓN,-74.143,4.653,True,True,KENNEDY
10583116,2022-10-25,KENNEDY,-74.1876637359,4.6195044088,True,True,BOSA
10585146,2022-12-14,SANTA FE,-74.08258779997,4.60020791271,True,True,LOS MARTIRES
10585154,2022-12-11,USME,-74.12114791252,4.54572748879,True,True,RAFAEL URIBE URIBE
10585609,2022-12-27,KENNEDY,-74.17996124788,4.63460306234,True,True,BOSA
10579300,2022-08-26,CHAPINERO,-74.097908012,4.61931764000002,True,True,PUENTE ARANDA
10579302,2022-08-25,BOSA,-74.097908012,4.61931764000002,True,True,PUENTE ARANDA
10579319,2022-08-26,TEUSAQUILLO,-74.097908012,4.61931764000002,True,True,PUENTE ARANDA
10579331,2022-08-26,CIUDAD BOLÍVAR,-74.097908012,4.61931764000002,True,True,PUENTE ARANDA
10579758,2022-09-01,PUENTE ARANDA,-74.13,4.61000000000001,True,True,KENNEDY
10602696,2024-03-10,RAFAEL URIBE URIBE,-74.09458679583,4.5757865031,True,True,SAN CRISTOBAL
10603200,2024-03-21,KENNEDY,-74.164403953,4.59952396708,True,True,BOSA
10603211,2024-03-19,TUNJUELITO,-74.12654361619,4.5819164963,True,True,RAFAEL URIBE URIBE
10603710,2024-04-06,SANTA FE,-74.08491400664,4.58930817877,True,True,SAN CRISTOBAL
10605572,2024-05-21,PUENTE ARANDA,-74.12219256585,4.62962627936,True,True,KENNEDY
10605776,2024-05-24,CHAPINERO,-74.06829772179,4.62851959073,True,True,SANTA FE
10605511,2024-05-17,SANTA FE,-74.06645870187,4.60223423415,True,True,CANDELARIA
10585680,2022-12-26,RAFAEL URIBE URIBE,-74.13683243024,4.5461241199,True,True,CIUDAD BOLIVAR
10585681,2022-12-20,TUNJUELITO,-74.1401870186,4.59535366766,True,True,KENNEDY
10585686,2022-12-25,CIUDAD BOLÍVAR,-74.20779904658,4.60531856417,True,True,BOSA
10585794,2022-12-30,SANTA FE,-74.08108946754,4.60207942132,True,True,LOS MARTIRES
10582994,2022-10-22,ANTONIO NARIÑO,-74.085,4.589,True,True,SAN CRISTOBAL
10584400,2022-11-23,USME,-74.11513713782,4.54630188026,True,True,RAFAEL URIBE URIBE
10585201,2022-12-16,TEUSAQUILLO,-74.09441189051,4.66532008857,True,True,ENGATIVA
10583721,2022-11-04,SAN CRISTÓBAL,-74.10145787184,4.5680874261,True,True,RAFAEL URIBE URIBE
10582168,2022-10-03,RAFAEL URIBE URIBE,-74.145,4.539,True,True,CIUDAD BOLIVAR
10585055,2022-12-11,ENGATIVÁ,-74.12071613257,4.69215713987,True,True,FONTIBON
10580753,2022-09-15,KENNEDY,-74.097908012,4.61931764000002,True,True,PUENTE ARANDA
10580823,2022-09-14,FONTIBÓN,-74.097908012,4.61931764000002,True,True,PUENTE ARANDA
10581454,2022-09-23,USAQUÉN,-74.055,4.702,True,True,SUBA
10582535,2022-10-10,USAQUÉN,-74.11,4.505,True,True,USME
10601850,2024-02-17,SANTA FE,-74.07144834233,4.59454722034,True,True,CANDELARIA
10605475,2024-05-16,CIUDAD BOLÍVAR,-74.14460473951,4.58659676365,True,True,TUNJUELITO
10603759,2024-04-04,SANTA FE,-74.07991973345,4.58405184336,True,True,SAN CRISTOBAL
10606663,2024-06-22,PUENTE ARANDA,-74.100209034,4.60069391929,True,True,LOS MARTIRES
10600949,2024-01-23,BOSA,-74.17699180531,4.62591405501,True,True,KENNEDY
10603883,2024-04-10,ANTONIO NARIÑO,-74.10993901674,4.58862908166,True,True,RAFAEL URIBE URIBE
10605610,2024-05-22,SUBA,-74.06431172141,4.68682817301,True,True,BARRIOS UNIDOS
10578949,2022-08-20,KENNEDY,-74.135,4.59899999999999,True,True,PUENTE ARANDA
10585757,2022-12-26,PUENTE ARANDA,-74.13620576022,4.59797153937,True,True,KENNEDY
10585936,2023-01-03,FONTIBÓN,-74.15353564207,4.66087976859,True,True,KENNEDY
10586257,2023-01-14,ANTONIO NARIÑO,-74.1098481965,4.58862131761,True,True,RAFAEL URIBE URIBE
10584557,2022-11-25,PUENTE ARANDA,-74.09790662711,4.60625598723,True,True,LOS MARTIRES
10584563,2022-11-25,TUNJUELITO,-74.13529662077,4.5947810362,True,True,PUENTE ARANDA
10585262,2022-12-18,BARRIOS UNIDOS,-74.06670717184,4.64992968591,True,True,TEUSAQUILLO
10585436,2022-12-19,CHAPINERO,-74.0656967105,4.64408807919,True,True,TEUSAQUILLO
10585519,2022-12-23,RAFAEL URIBE URIBE,-74.12396160548,4.56003957801,True,True,TUNJUELITO
10579589,2022-08-29,SUBA,-74.097908012,4.61931764000002,True,True,PUENTE ARANDA
10585632,2022-12-22,ANTONIO NARIÑO,-74.10544961055,4.58446044395,True,True,RAFAEL URIBE URIBE
10585896,2022-12-31,TUNJUELITO,-74.14277705738,4.59545283334,True,True,KENNEDY
10585392,2022-12-17,FONTIBÓN,-74.119392993,4.67928692599997,True,True,ENGATIVA
10585422,2022-12-19,BOSA,-74.16388769338,4.59421899501,True,True,CIUDAD BOLIVAR
10602701,2024-03-09,TEUSAQUILLO,-74.07888440077,4.62390117026,True,True,LOS MARTIRES
10602705,2024-03-07,SANTA FE,-74.07525268976,4.61066197704,True,True,LOS MARTIRES
10606068,2024-05-29,CANDELARIA,-74.08120719378,4.5950350271,True,True,SANTA FE
10602121,2024-02-24,FONTIBÓN,-74.11851672117,4.68848947261,True,True,ENGATIVA
10605768,2024-05-22,CANDELARIA,-74.07731286972,4.59013456665,True,True,SANTA FE
10605803,2024-05-29,TUNJUELITO,-74.13028759544,4.58593674937,True,True,RAFAEL URIBE URIBE
10579213,2022-08-25,SANTA FE,-74.087,4.637,True,True,TEUSAQUILLO
10579378,2022-08-28,USME,-74.097908012,4.61931764000002,True,True,PUENTE ARANDA
10579402,2022-08-28,ENGATIVÁ,-74.097908012,4.61931764000002,True,True,PUENTE ARANDA
10579418,2022-08-27,BOSA,-74.097908012,4.61931764000002,True,True,PUENTE ARANDA
10586280,2023-01-14,USAQUÉN,-74.049039856,4.73761413161,True,True,SUBA
10584581,2022-11-28,CANDELARIA,-74.08101943915,4.60205316083,True,True,SANTA FE
10585547,2022-12-21,PUENTE ARANDA,-74.09690884535,4.60761414719,True,True,LOS MARTIRES
10579597,2022-08-29,KENNEDY,-74.097908012,4.61931764000002,True,True,PUENTE ARANDA
10579604,2022-08-30,KENNEDY,-74.097908012,4.61931764000002,True,True,PUENTE ARANDA
10579609,2022-08-28,CIUDAD BOLÍVAR,-74.097908012,4.61931764000002,True,True,PUENTE ARANDA
10580455,2022-09-10,TUNJUELITO,-74.15,4.57100000000003,True,True,CIUDAD BOLIVAR
10580754,2022-09-11,CHAPINERO,-74.097908012,4.61931764000002,True,True,PUENTE ARANDA
10581109,2022-09-22,PUENTE ARANDA,-74.133,4.60300000000001,True,True,KENNEDY
10586282,2023-01-13,KENNEDY,-74.19158409332,4.62584572769,True,True,BOSA
10586319,2023-01-13,TUNJUELITO,-74.142726965,4.59577921200002,True,True,KENNEDY
10601292,2024-02-04,BOSA,-74.1536829194,4.59643525628,True,True,CIUDAD BOLIVAR
10602250,2024-02-26,BOSA,-74.17869744484,4.59685039098,True,True,CIUDAD BOLIVAR
10602499,2024-03-04,FONTIBÓN,-74.14239716522,4.65369768252,True,True,KENNEDY
10604856,2024-05-03,FONTIBÓN,-74.14864865725,4.65860742658,True,True,KENNEDY
10601120,2024-01-29,BOSA,-74.15806484642,4.59630741551,True,True,CIUDAD BOLIVAR
10602994,2024-03-17,CANDELARIA,-74.07652747631,4.58998594034,True,True,SANTA FE
10605891,2024-05-27,LOS MÁRTIRES,-74.08411470835,4.59308063164,True,True,SANTA FE
10604798,2024-05-01,CANDELARIA,-74.07669571821,4.60221357451,True,True,SANTA FE
10603598,2024-04-02,TEUSAQUILLO,-74.0723942874,4.61620205843,True,True,SANTA FE
10580665,2022-09-14,RAFAEL URIBE URIBE,-74.096,4.58499999999998,True,True,ANTONIO NARINO
10580828,2022-09-15,TEUSAQUILLO,-74.097908012,4.61931764000002,True,True,PUENTE ARANDA
10586357,2023-01-14,ENGATIVÁ,-74.11320135,4.73282153999997,True,True,SUBA
10586359,2023-01-15,USAQUÉN,-74.05732333166,4.68786928868,True,True,SUBA
10586361,2023-01-16,BOSA,-74.178558433,4.63186268599998,True,True,KENNEDY
10580239,2022-09-08,PUENTE ARANDA,-74.11,4.59399999999999,True,True,ANTONIO NARINO
10584278,2022-11-20,RAFAEL URIBE URIBE,-74.13809684698,4.54063346616,True,True,CIUDAD BOLIVAR
10580525,2022-09-12,USME,-74.121,4.546,True,True,RAFAEL URIBE URIBE
10580744,2022-09-14,CIUDAD BOLÍVAR,-74.097908012,4.61931764000002,True,True,PUENTE ARANDA
10580760,2022-09-14,BOSA,-74.097908012,4.61931764000002,True,True,PUENTE ARANDA
10581396,2022-09-22,TEUSAQUILLO,-74.101,4.657,True,True,ENGATIVA
10579943,2022-09-04,SAN CRISTÓBAL,-74.112,4.56200000000001,True,True,RAFAEL URIBE URIBE
10579962,2022-09-02,PUENTE ARANDA,-74.086,4.62099999999998,True,True,LOS MARTIRES
10584398,2022-11-23,TUNJUELITO,-74.14526370947,4.59520881029,True,True,KENNEDY
10584399,2022-11-23,SAN CRISTÓBAL,-74.109724561,4.548495264,True,True,RAFAEL URIBE URIBE
10584423,2022-11-24,PUENTE ARANDA,-74.13542536681,4.59437465057,True,True,TUNJUELITO
10578810,2022-08-19,FONTIBÓN,-74.151,4.66000000000003,True,True,KENNEDY
10602629,2024-03-05,CANDELARIA,-74.08496864813,4.59361972446,True,True,SANTA FE
10604743,2024-04-25,TEUSAQUILLO,-74.07705513422,4.65189729145,True,True,BARRIOS UNIDOS
10605657,2024-05-23,RAFAEL URIBE URIBE,-74.09344240499,4.54463030271,True,True,SAN CRISTOBAL
10601815,2024-02-16,USME,-74.12671368506,4.52706391645,True,True,CIUDAD BOLIVAR
10604525,2024-04-24,PUENTE ARANDA,-74.08481744711,4.62247887783,True,True,LOS MARTIRES
10603872,2024-04-07,USAQUÉN,-74.03695396462,4.81073749991,True,True,SUBA
10604801,2024-04-30,TEUSAQUILLO,-74.06769422476,4.63257388407,True,True,CHAPINERO
10579095,2022-08-21,RAFAEL URIBE URIBE,-74.122,4.55700000000002,True,True,TUNJUELITO
10579153,2022-08-24,SUBA,-74.097908012,4.61931764000002,True,True,PUENTE ARANDA
10580864,2022-09-16,ENGATIVÁ,-74.120642642,4.69236080500002,True,True,FONTIBON
10581786,2022-09-27,FONTIBÓN,-74.146,4.655,True,True,KENNEDY
10580351,2022-09-09,PUENTE ARANDA,-74.116,4.63999999999999,True,True,FONTIBON
10580372,2022-09-10,TUNJUELITO,-74.162,4.589,True,True,CIUDAD BOLIVAR
10578320,2022-08-12,CIUDAD BOLÍVAR,-74.116419289,4.52220274899997,True,True,USME
10581073,2022-09-19,SAN CRISTÓBAL,-74.072,4.57900000000001,True,True,SANTA FE
10581668,2022-09-25,CHAPINERO,-74.058,4.684,True,True,BARRIOS UNIDOS
10584507,2022-11-26,SAN CRISTÓBAL,-74.1250739615,4.56964153281,True,True,RAFAEL URIBE URIBE
10584510,2022-11-26,ANTONIO NARIÑO,-74.08772153908,4.59114918098,True,True,SANTA FE
10584514,2022-11-26,LOS MÁRTIRES,-74.09912619527,4.59489456645,True,True,ANTONIO NARINO
10578848,2022-08-18,ENGATIVÁ,-74.131,4.69900000000001,True,True,FONTIBON
10602698,2024-03-10,CHAPINERO,-74.04332367365,4.76760734356,True,True,USAQUEN
10604085,2024-04-11,FONTIBÓN,-74.11476967518,4.6714607655,True,True,ENGATIVA
10604097,2024-04-11,BOSA,-74.18017143976,4.59657476828,True,True,CIUDAD BOLIVAR
10604346,2024-04-19,TEUSAQUILLO,-74.07880797543,4.62381616278,True,True,LOS MARTIRES
10605303,2024-05-15,USAQUÉN,-74.05400422995,4.70680623073,True,True,SUBA
10606194,2024-06-06,PUENTE ARANDA,-74.13755504076,4.59562054261,True,True,KENNEDY
10605183,2024-05-08,TUNJUELITO,-74.14799017493,4.5724856305,True,True,CIUDAD BOLIVAR
10605187,2024-05-11,PUENTE ARANDA,-74.0897990407,4.58212561227,True,True,SAN CRISTOBAL
10602722,2024-03-09,TUNJUELITO,-74.15040013974,4.59530238584,True,True,KENNEDY
10605371,2024-05-13,PUENTE ARANDA,-74.08635167067,4.62062347702,True,True,LOS MARTIRES
10601232,2024-02-01,BOSA,-74.15803565718,4.59633706298,True,True,CIUDAD BOLIVAR
10601694,2024-02-14,BARRIOS UNIDOS,-74.08268436178,4.68117400907,True,True,ENGATIVA
10605028,2024-05-08,CHAPINERO,-74.0382543104,4.68001420732,True,True,USAQUEN
10605046,2024-05-08,CHAPINERO,-74.06520513479,4.64714936437,True,True,TEUSAQUILLO
10605059,2024-05-08,SUBA,-74.09393963997,4.71078388688,True,True,ENGATIVA
10604713,2024-05-02,TUNJUELITO,-74.14101240818,4.59546547462,True,True,KENNEDY
10579339,2022-08-26,SUBA,-74.097908012,4.61931764000002,True,True,PUENTE ARANDA
10579340,2022-08-26,RAFAEL URIBE URIBE,-74.097908012,4.61931764000002,True,True,PUENTE ARANDA
10579372,2022-08-25,KENNEDY,-74.097908012,4.61931764000002,True,True,PUENTE ARANDA
10579374,2022-08-27,CIUDAD BOLÍVAR,-74.097908012,4.61931764000002,True,True,PUENTE ARANDA
10579380,2022-08-28,SAN CRISTÓBAL,-74.097908012,4.61931764000002,True,True,PUENTE ARANDA
10579381,2022-08-28,SUBA,-74.097908012,4.61931764000002,True,True,PUENTE ARANDA
10579393,2022-08-27,KENNEDY,-74.097908012,4.61931764000002,True,True,PUENTE ARANDA
10579403,2022-08-27,USAQUÉN,-74.097908012,4.61931764000002,True,True,PUENTE ARANDA
10580374,2022-09-10,RAFAEL URIBE URIBE,-74.121,4.54500000000002,True,True,USME
10580449,2022-09-11,SAN CRISTÓBAL,-74.092,4.501,True,True,USME
10583193,2022-10-27,USAQUÉN,-74.05318938999,4.71303276157,True,True,SUBA
10582213,2022-10-03,BOSA,-74.169,4.604,True,True,KENNEDY
10582214,2022-10-04,PUENTE ARANDA,-74.107,4.598,True,True,ANTONIO NARINO
10582305,2022-10-05,PUENTE ARANDA,-74.094,4.611,True,True,LOS MARTIRES
10582313,2022-10-06,SAN CRISTÓBAL,-74.107,4.561,True,True,RAFAEL URIBE URIBE
10579615,2022-08-28,SUBA,-74.097908012,4.61931764000002,True,True,PUENTE ARANDA
10580918,2022-09-16,TUNJUELITO,-74.159,4.596,True,True,CIUDAD BOLIVAR
10580919,2022-09-18,BARRIOS UNIDOS,-74.063,4.68900000000002,True,True,SUBA
10580940,2022-09-17,PUENTE ARANDA,-74.112,4.59300000000002,True,True,ANTONIO NARINO
10602226,2024-02-26,TUNJUELITO,-74.12856898994,4.58670921906,True,True,RAFAEL URIBE URIBE
10604922,2024-05-01,BARRIOS UNIDOS,-74.08791988779,4.67442902798,True,True,ENGATIVA
10602948,2024-03-16,CHAPINERO,-74.06579717154,4.64407641553,True,True,TEUSAQUILLO
10602979,2024-03-17,USAQUÉN,-74.04707290385,4.74950700499,True,True,SUBA
10579404,2022-08-28,KENNEDY,-74.097908012,4.61931764000002,True,True,PUENTE ARANDA
10579408,2022-08-27,KENNEDY,-74.097908012,4.61931764000002,True,True,PUENTE ARANDA
10579409,2022-08-28,BOSA,-74.097908012,4.61931764000002,True,True,PUENTE ARANDA
10579411,2022-08-28,FONTIBÓN,-74.097908012,4.61931764000002,True,True,PUENTE ARANDA
10579412,2022-08-26,USAQUÉN,-74.097908012,4.61931764000002,True,True,PUENTE ARANDA
10579413,2022-08-27,ENGATIVÁ,-74.097908012,4.61931764000002,True,True,PUENTE ARANDA
10579435,2022-08-27,CHAPINERO,-74.097908012,4.61931764000002,True,True,PUENTE ARANDA
10579436,2022-08-27,ANTONIO NARIÑO,-74.097908012,4.61931764000002,True,True,PUENTE ARANDA
10583468,2022-10-30,USME,-74.09172145312,4.56375603734,True,True,SAN CRISTOBAL
10583542,2022-11-03,TEUSAQUILLO,-74.09112600271,4.62517374527,True,True,PUENTE ARANDA
10583334,2022-10-27,CIUDAD BOLÍVAR,-74.12177426402,4.51309423388,True,True,USME
10583340,2022-10-27,SAN CRISTÓBAL,-74.08376602118,4.59130536219,True,True,SANTA FE
10579572,2022-08-29,FONTIBÓN,-74.097908012,4.61931764000002,True,True,PUENTE ARANDA
10579580,2022-08-27,FONTIBÓN,-74.097908012,4.61931764000002,True,True,PUENTE ARANDA
10579617,2022-08-29,TEUSAQUILLO,-74.097908012,4.61931764000002,True,True,PUENTE ARANDA
10579634,2022-08-30,CIUDAD BOLÍVAR,-74.142,4.57799999999997,True,True,TUNJUELITO
10580568,2022-09-13,FONTIBÓN,-74.117,4.67500000000001,True,True,ENGATIVA
10583748,2022-11-08,CANDELARIA,-74.071413252,4.586741883,True,True,SANTA FE
10603113,2024-03-16,ENGATIVÁ,-74.12642311528,4.68654426692,True,True,FONTIBON
10603712,2024-04-03,LOS MÁRTIRES,-74.10443317276,4.60024826101,True,True,PUENTE ARANDA
10603935,2024-04-08,FONTIBÓN,-74.12232545798,4.64007018849,True,True,KENNEDY
10604131,2024-04-13,TEUSAQUILLO,-74.09102602855,4.62564378988,True,True,PUENTE ARANDA
10603444,2024-03-26,RAFAEL URIBE URIBE,-74.12663576786,4.56986810056,True,True,TUNJUELITO
10602168,2024-02-22,ENGATIVÁ,-74.11188093607,4.66033975386,True,True,FONTIBON
10604250,2024-04-13,TUNJUELITO,-74.14517787878,4.59536922551,True,True,KENNEDY
10601714,2024-02-13,PUENTE ARANDA,-74.12251857703,4.62921602721,True,True,KENNEDY
10604852,2024-05-03,CANDELARIA,-74.07859203999,4.59035890648,True,True,SANTA FE
10604833,2024-05-01,PUENTE ARANDA,-74.08284334128,4.62445725374,True,True,LOS MARTIRES
10579845,2022-09-02,CIUDAD BOLÍVAR,-74.176,4.59699999999998,True,True,BOSA
10582747,2022-10-15,USAQUÉN,-74.052,4.722,True,True,SUBA
10585370,2022-12-19,SANTA FE,-74.1190907139,4.6653442309,True,True,FONTIBON
10583276,2022-10-29,SAN CRISTÓBAL,-74.1093301553,4.56474263375,True,True,RAFAEL URIBE URIBE
10583279,2022-10-29,BOSA,-74.16734365408,4.59567936149,True,True,CIUDAD BOLIVAR
10581635,2022-09-25,CHAPINERO,-74.073,4.594,True,True,CANDELARIA
10580771,2022-09-16,TEUSAQUILLO,-74.097908012,4.61931764000002,True,True,PUENTE ARANDA
10604144,2024-04-15,TEUSAQUILLO,-74.10647962383,4.64964805347,True,True,FONTIBON
10604149,2024-04-12,SANTA FE,-74.08045617525,4.59155133352,True,True,CANDELARIA
10604170,2024-04-16,ANTONIO NARIÑO,-74.10529879515,4.59687712679,True,True,LOS MARTIRES
10606425,2024-06-15,ANTONIO NARIÑO,-74.09235762254,4.59302205406,True,True,LOS MARTIRES
10600865,2024-01-19,USAQUÉN,-74.05330974129,4.71222531305,True,True,SUBA
10606300,2024-06-07,ANTONIO NARIÑO,-74.08451435749,4.58985359488,True,True,SANTA FE
10606500,2024-06-15,SANTA FE,-74.07791319606,4.60001756967,True,True,CANDELARIA
10601930,2024-02-19,RAFAEL URIBE URIBE,-74.09603980963,4.58505445356,True,True,ANTONIO NARINO
10612308,2024-11-10,USAQUÉN,-74.03985289846,4.79165436699,True,True,SUBA
10597568,2023-10-25,RAFAEL URIBE URIBE,-74.11304233258,4.58874939419,True,True,ANTONIO NARINO
10599216,2023-12-08,PUENTE ARANDA,-74.08339587633,4.62476203008,True,True,TEUSAQUILLO
10599237,2023-12-07,USAQUÉN,-74.03752471943,4.80715144958,True,True,SUBA
10589865,2023-04-12,KENNEDY,-74.12247466854,4.62857961817,True,True,PUENTE ARANDA
10589868,2023-04-13,USAQUÉN,-74.0467300791,4.75162839081,True,True,SUBA
10594287,2023-08-01,TEUSAQUILLO,-74.07461432402,4.6177254061,True,True,LOS MARTIRES
10609100,2024-08-24,TUNJUELITO,-74.13862192916,4.56303570296,True,True,CIUDAD BOLIVAR
10609987,2024-09-10,USAQUÉN,-74.04764021594,4.74604538574,True,True,SUBA
10609997,2024-09-14,SAN CRISTÓBAL,-74.09420339112,4.57631966679,True,True,ANTONIO NARINO
10608875,2024-08-18,CHAPINERO,-74.06094936098,4.66609098678,True,True,BARRIOS UNIDOS
10613321,2024-12-06,CIUDAD BOLÍVAR,-74.13531807844,4.56823715265,True,True,TUNJUELITO
10613675,2024-12-16,ANTONIO NARIÑO,-74.10004059253,4.57948259604,True,True,RAFAEL URIBE URIBE
10599240,2023-12-06,USAQUÉN,-74.04761032136,4.74489874229,True,True,SUBA
10594891,2023-08-17,BOSA,-74.1640177149,4.59554033503,True,True,CIUDAD BOLIVAR
10592425,2023-06-14,CANDELARIA,-74.08104894345,4.59524624051,True,True,SANTA FE
10592664,2023-06-22,USAQUÉN,-74.0549895289,4.70238483511,True,True,SUBA
10594356,2023-08-03,SANTA FE,-74.08179880184,4.58661264061,True,True,SAN CRISTOBAL
10594369,2023-08-06,USME,-74.2472704908,4.04395280668,True,True,SUMAPAZ
10594370,2023-08-06,USAQUÉN,-74.04652033983,4.75435387239,True,True,SUBA
10586730,2023-01-14,FONTIBÓN,-74.20358944017,4.61362276587,True,True,BOSA
10607221,2024-07-07,FONTIBÓN,-74.12212517207,4.64003097764,True,True,KENNEDY
10608169,2024-07-31,USAQUÉN,-74.04810336291,4.68444397077,True,True,CHAPINERO
10609945,2024-09-12,SANTA FE,-74.08048299734,4.59609644071,True,True,CANDELARIA
10613655,2024-12-12,ANTONIO NARIÑO,-74.12161333148,4.59487193821,True,True,PUENTE ARANDA
10613951,2024-12-19,BOSA,-74.15697602222,4.59642707427,True,True,CIUDAD BOLIVAR
10610730,2024-09-30,SAN CRISTÓBAL,-74.09394544797,4.57860371844,True,True,ANTONIO NARINO
10611298,2024-10-18,FONTIBÓN,-74.11662890092,4.67433150223,True,True,ENGATIVA
10611415,2024-10-18,BOSA,-74.18482361023,4.61612932325,True,True,KENNEDY
10613603,2024-12-13,CANDELARIA,-74.07849279825,4.59059953093,True,True,SANTA FE
10606741,2024-06-22,SANTA FE,-74.07893268053,4.58248420206,True,True,SAN CRISTOBAL
10609867,2024-09-13,RAFAEL URIBE URIBE,-74.12141902307,4.55492076656,True,True,TUNJUELITO
10606773,2024-06-26,LOS MÁRTIRES,-74.09187702124,4.61425019926,True,True,PUENTE ARANDA
10595398,2023-08-29,BOSA,-74.16046526078,4.58996516278,True,True,CIUDAD BOLIVAR
10596542,2023-09-30,BOSA,-74.17877285,4.63490416498,True,True,KENNEDY
10596809,2023-10-03,ENGATIVÁ,-74.08448605318,4.67918179545,True,True,BARRIOS UNIDOS
10592883,2023-06-25,USAQUÉN,-74.04632853173,4.75511509377,True,True,SUBA
10595514,2023-09-01,LOS MÁRTIRES,-74.10372165625,4.60091956982,True,True,PUENTE ARANDA
10592998,2023-06-28,ENGATIVÁ,-74.06768016665,4.65507573173,True,True,BARRIOS UNIDOS
10593641,2023-07-16,SANTA FE,-74.07629875128,4.60881189241,True,True,LOS MARTIRES
10594144,2023-07-30,LOS MÁRTIRES,-74.07467280707,4.61164446422,True,True,SANTA FE
10610838,2024-10-04,PUENTE ARANDA,-74.0774055645,4.58705118966,True,True,SANTA FE
10610446,2024-09-25,TEUSAQUILLO,-74.08693639223,4.62476470355,True,True,PUENTE ARANDA
10606854,2024-06-24,SAN CRISTÓBAL,-74.09273103616,4.57831153969,True,True,ANTONIO NARINO
10606866,2024-06-20,SUBA,-74.03806331204,4.71905348452,True,True,USAQUEN
10607094,2024-07-01,BOSA,-74.17856333439,4.59676617317,True,True,CIUDAD BOLIVAR
10611259,2024-10-11,TUNJUELITO,-74.15054229681,4.58030073194,True,True,CIUDAD BOLIVAR
10609492,2024-09-01,LOS MÁRTIRES,-74.07626656477,4.60872633958,True,True,SANTA FE
10611471,2024-10-16,SANTA FE,-74.07535461371,4.61072079468,True,True,LOS MARTIRES
10609162,2024-08-25,CHAPINERO,-74.05872491781,4.67924002219,True,True,BARRIOS UNIDOS
10612158,2024-11-05,CIUDAD BOLÍVAR,-74.13527984499,4.56825056755,True,True,TUNJUELITO
10598006,2023-10-31,BOSA,-74.1688617843,4.59567074712,True,True,CIUDAD BOLIVAR
10598042,2023-11-01,BOSA,-74.17937961749,4.59696624582,True,True,CIUDAD BOLIVAR
10596781,2023-10-03,ANTONIO NARIÑO,-74.09468797629,4.57575552424,True,True,RAFAEL URIBE URIBE
10596810,2023-10-04,SAN CRISTÓBAL,-74.10045472567,4.56915155341,True,True,RAFAEL URIBE URIBE
10596816,2023-10-04,SAN CRISTÓBAL,-74.08827481453,4.58446358212,True,True,ANTONIO NARINO
10594164,2023-07-29,FONTIBÓN,-74.12053746149,4.63859482162,True,True,KENNEDY
10599092,2023-12-04,BOSA,-74.15987540717,4.59581644369,True,True,CIUDAD BOLIVAR
10599109,2023-12-02,RAFAEL URIBE URIBE,-74.12538707744,4.56925752867,True,True,TUNJUELITO
10599197,2023-12-05,USAQUÉN,-74.04096674145,4.78646741122,True,True,SUBA
10607296,2024-07-09,TUNJUELITO,-74.12363552178,4.57498665477,True,True,RAFAEL URIBE URIBE
10607299,2024-07-08,RAFAEL URIBE URIBE,-74.12531165128,4.59048545789,True,True,ANTONIO NARINO
10611449,2024-10-19,SAN CRISTÓBAL,-74.08987127348,4.58213325094,True,True,ANTONIO NARINO
10608625,2024-08-08,SAN CRISTÓBAL,-74.09271745404,4.57831777724,True,True,ANTONIO NARINO
10610066,2024-09-16,SAN CRISTÓBAL,-74.09569112246,4.57732534301,True,True,ANTONIO NARINO
10610604,2024-09-27,CIUDAD BOLÍVAR,-74.13879181892,4.56400823908,True,True,TUNJUELITO
10612007,2024-11-01,TEUSAQUILLO,-74.07246319239,4.65102309782,True,True,BARRIOS UNIDOS
10611066,2024-10-11,ANTONIO NARIÑO,-74.12327847679,4.59370789119,True,True,PUENTE ARANDA
10612925,2024-11-27,TEUSAQUILLO,-74.10208872596,4.65535128233,True,True,ENGATIVA
10610876,2024-10-04,BOSA,-74.17756287043,4.61619883447,True,True,KENNEDY
10608331,2024-08-04,TUNJUELITO,-74.12805644373,4.58687964641,True,True,RAFAEL URIBE URIBE
10599066,2023-12-01,USAQUÉN,-74.0405088334,4.78733730962,True,True,SUBA
10599085,2023-12-03,SAN CRISTÓBAL,-74.07207305409,4.57830862143,True,True,SANTA FE
10597943,2023-11-03,BARRIOS UNIDOS,-74.06515504875,4.68912836983,True,True,SUBA
10598001,2023-11-02,TEUSAQUILLO,-74.09300412041,4.66591119412,True,True,BARRIOS UNIDOS
10588937,2023-03-20,KENNEDY,-74.18214639958,4.61107588771,True,True,BOSA
10594759,2023-08-15,SANTA FE,-74.07242564146,4.61629775427,True,True,TEUSAQUILLO
10608069,2024-07-27,PUENTE ARANDA,-74.11591497876,4.6398723569,True,True,FONTIBON
10613643,2024-12-13,TEUSAQUILLO,-74.08267273992,4.62449146769,True,True,LOS MARTIRES
10613740,2024-12-15,TUNJUELITO,-74.12984637205,4.59339076863,True,True,PUENTE ARANDA
10607164,2024-06-25,PUENTE ARANDA,-74.06884041826,4.61808009271,True,True,SANTA FE
10607194,2024-07-05,CANDELARIA,-74.08128408333,4.59506978406,True,True,SANTA FE
10606917,2024-06-26,SANTA FE,-74.06143040924,4.62662164657,True,True,CHAPINERO
10613586,2024-12-11,LOS MÁRTIRES,-74.08342806284,4.62477539746,True,True,TEUSAQUILLO
10607507,2024-07-13,ANTONIO NARIÑO,-74.11355141401,4.59628466073,True,True,PUENTE ARANDA
10613397,2024-12-07,BOSA,-74.15371803229,4.59632102173,True,True,CIUDAD BOLIVAR
10612602,2024-11-18,BOSA,-74.17204240534,4.6076808474,True,True,KENNEDY
10613538,2024-12-10,SANTA FE,-74.0662485141,4.60310386976,True,True,CANDELARIA
10613696,2024-12-14,CHAPINERO,-74.0595342583,4.67503242481,True,True,BARRIOS UNIDOS
10599100,2023-12-03,BOSA,-74.15383604948,4.59643331221,True,True,CIUDAD BOLIVAR
10599574,2023-12-15,SANTA FE,-74.07430318777,4.61260830364,True,True,LOS MARTIRES
10599583,2023-12-16,CANDELARIA,-74.08131984656,4.59499492327,True,True,SANTA FE
10599891,2023-12-24,PUENTE ARANDA,-74.12177343396,4.5895598578,True,True,ANTONIO NARINO
10589376,2023-03-29,USME,-74.12685534037,4.52784683052,True,True,CIUDAD BOLIVAR
10595868,2023-09-04,SANTA FE,-74.07851962034,4.59910154273,True,True,CANDELARIA
10596013,2023-09-15,BOSA,-74.16890469973,4.59570075018,True,True,CIUDAD BOLIVAR
10611677,2024-10-26,BARRIOS UNIDOS,-74.08869484676,4.65948107821,True,True,TEUSAQUILLO
10611678,2024-10-25,KENNEDY,-74.18044248711,4.63445366273,True,True,BOSA
10608939,2024-08-16,SANTA FE,-74.08044812863,4.5960135596,True,True,CANDELARIA
10607290,2024-07-06,PUENTE ARANDA,-74.08333901854,4.62472414066,True,True,TEUSAQUILLO
10608648,2024-08-12,BOSA,-74.16401234967,4.59553142256,True,True,CIUDAD BOLIVAR
10593761,2023-07-19,ENGATIVÁ,-74.11970817099,4.67884162211,True,True,FONTIBON
10593885,2023-07-22,SAN CRISTÓBAL,-74.07686768342,4.59555792981,True,True,CANDELARIA
10586752,2023-01-27,TEUSAQUILLO,-74.09277824347,4.61830822943,True,True,PUENTE ARANDA
10586905,2023-01-30,RAFAEL URIBE URIBE,-74.09470943658,4.57611428025,True,True,ANTONIO NARINO
10598490,2023-11-16,TEUSAQUILLO,-74.07853750114,4.62315616081,True,True,LOS MARTIRES
10612284,2024-11-08,BOSA,-74.17730537836,4.62842468283,True,True,KENNEDY
10611134,2024-10-11,USAQUÉN,-74.08481243574,4.74175951823,True,True,SUBA
10611065,2024-10-10,TEUSAQUILLO,-74.09966615622,4.65859138649,True,True,ENGATIVA
10606886,2024-06-25,TEUSAQUILLO,-74.07884041346,4.62383807591,True,True,LOS MARTIRES
10606889,2024-06-26,PUENTE ARANDA,-74.1375925568,4.59565555001,True,True,KENNEDY
10606908,2024-06-26,BARRIOS UNIDOS,-74.0974071833,4.66142097343,True,True,ENGATIVA
10608148,2024-07-30,CHAPINERO,-74.06470446276,4.64970512907,True,True,BARRIOS UNIDOS
10609103,2024-08-24,TUNJUELITO,-74.14574650709,4.59510186679,True,True,KENNEDY
10608977,2024-08-17,CIUDAD BOLÍVAR,-74.14003876631,4.57538121174,True,True,TUNJUELITO
10608992,2024-08-20,CHAPINERO,-74.06805900519,4.63083614167,True,True,TEUSAQUILLO
10607371,2024-07-11,RAFAEL URIBE URIBE,-74.12662449257,4.56703078662,True,True,TUNJUELITO
10597969,2023-11-04,USAQUÉN,-74.05554065093,4.6989355683,True,True,SUBA
10588742,2023-03-20,PUENTE ARANDA,-74.13434711878,4.60074578802,True,True,KENNEDY
10589556,2023-04-04,FONTIBÓN,-74.15406642593,4.63206117851,True,True,KENNEDY
10589631,2023-04-05,CHAPINERO,-74.06710352889,4.63654730502,True,True,TEUSAQUILLO
10589662,2023-04-05,FONTIBÓN,-74.15210870688,4.66001360615,True,True,KENNEDY
10595788,2023-09-08,TEUSAQUILLO,-74.08284334128,4.6244732946,True,True,LOS MARTIRES
10589578,2023-04-03,BOSA,-74.168828635,4.59546790799999,True,True,CIUDAD BOLIVAR
10598546,2023-11-18,FONTIBÓN,-74.11735800688,4.67567119866,True,True,ENGATIVA
10607975,2024-07-26,TEUSAQUILLO,-74.07800106867,4.65217353886,True,True,BARRIOS UNIDOS
10608350,2024-08-03,ENGATIVÁ,-74.1198810853,4.67919546447,True,True,FONTIBON
10612929,2024-12-04,LOS MÁRTIRES,-74.10304573958,4.59440673366,True,True,ANTONIO NARINO
10612937,2024-11-27,CIUDAD BOLÍVAR,-74.1371500272,4.56731740334,True,True,TUNJUELITO
10611719,2024-10-26,USAQUÉN,-74.05130486226,4.72343311928,True,True,SUBA
10610631,2024-09-30,SANTA FE,-74.08175972884,4.58658109198,True,True,SAN CRISTOBAL
10609801,2024-09-09,USAQUÉN,-74.05272750828,4.71379918812,True,True,SUBA
10609805,2024-09-10,PUENTE ARANDA,-74.09082464296,4.61518352654,True,True,LOS MARTIRES
10609828,2024-09-10,ANTONIO NARIÑO,-74.12912485783,4.59378378685,True,True,PUENTE ARANDA
10609762,2024-09-10,USAQUÉN,-74.04769568581,4.74605679694,True,True,SUBA
10610537,2024-09-29,FONTIBÓN,-74.1094508547,4.66320289653,True,True,ENGATIVA
10612067,2024-11-04,SAN CRISTÓBAL,-74.08983847626,4.58217083179,True,True,ANTONIO NARINO
10612086,2024-11-04,BOSA,-74.17138574307,4.59598415018,True,True,CIUDAD BOLIVAR
10598901,2023-11-25,TUNJUELITO,-74.12859198259,4.58680924232,True,True,RAFAEL URIBE URIBE
10598238,2023-11-13,SANTA FE,-74.07757131016,4.60704200991,True,True,LOS MARTIRES
10590084,2023-04-18,PUENTE ARANDA,-74.13086953548,4.60608491577,True,True,KENNEDY
10590089,2023-04-17,USAQUÉN,-74.04684596913,4.75177926008,True,True,SUBA
10590581,2023-04-29,ANTONIO NARIÑO,-74.120503617,4.5891603,True,True,RAFAEL URIBE URIBE
10613927,2024-12-19,CANDELARIA,-74.07955044863,4.59079300634,True,True,SANTA FE
10608335,2024-08-03,FONTIBÓN,-74.11360648836,4.66956450239,True,True,ENGATIVA
10611739,2024-10-27,SANTA FE,-74.08294794743,4.59947049566,True,True,LOS MARTIRES
10610967,2024-10-03,TUNJUELITO,-74.15034113114,4.5801563552,True,True,CIUDAD BOLIVAR
10609879,2024-09-10,FONTIBÓN,-74.11956278269,4.67903150716,True,True,ENGATIVA
10609881,2024-09-12,BOSA,-74.16965318322,4.59575375449,True,True,CIUDAD BOLIVAR
10613524,2024-12-19,USME,-74.12103397434,4.54549172758,True,True,RAFAEL URIBE URIBE
10611356,2024-10-17,TUNJUELITO,-74.12808684294,4.58820130362,True,True,RAFAEL URIBE URIBE
10600284,2024-01-05,USAQUÉN,-74.03710181318,4.80944698449,True,True,SUBA
10600321,2024-01-05,FONTIBÓN,-74.15323657577,4.66167642323,True,True,KENNEDY
10594650,2023-08-10,TEUSAQUILLO,-74.08873970076,4.65997071892,True,True,BARRIOS UNIDOS
10594662,2023-08-10,FONTIBÓN,-74.10746258482,4.66017946016,True,True,ENGATIVA
10592608,2023-06-20,BARRIOS UNIDOS,-74.05808655207,4.67953942828,True,True,CHAPINERO
10597497,2023-10-25,LOS MÁRTIRES,-74.085618819,4.59554044399999,True,True,SANTA FE
10612467,2024-11-10,SAN CRISTÓBAL,-74.09795312031,4.57206586457,True,True,RAFAEL URIBE URIBE
10609619,2024-09-06,LOS MÁRTIRES,-74.08269850199,4.62466578493,True,True,TEUSAQUILLO
10609621,2024-09-06,USME,-74.11579694977,4.5472355604,True,True,RAFAEL URIBE URIBE
10609751,2024-09-08,SANTA FE,-74.07816825097,4.57425025204,True,True,SAN CRISTOBAL
10607196,2024-07-03,TEUSAQUILLO,-74.07503274863,4.61837239344,True,True,LOS MARTIRES
10611079,2024-10-08,USAQUÉN,-74.04774573129,4.68459772468,True,True,CHAPINERO
10606874,2024-06-23,BOSA,-74.18054026478,4.63610009227,True,True,KENNEDY
10606904,2024-06-26,ANTONIO NARIÑO,-74.10192859952,4.58077262979,True,True,RAFAEL URIBE URIBE
10611639,2024-10-26,LOS MÁRTIRES,-74.09180191611,4.61417936284,True,True,PUENTE ARANDA
10611648,2024-10-25,BOSA,-74.17138200175,4.5959694458,True,True,CIUDAD BOLIVAR
10611882,2024-10-29,USAQUÉN,-74.0561035051,4.69374681154,True,True,SUBA
10607732,2024-07-22,SANTA FE,-74.07582131808,4.60969415913,True,True,LOS MARTIRES
10610764,2024-10-03,PUENTE ARANDA,-74.13205919449,4.60464918439,True,True,KENNEDY
10609874,2024-09-11,PUENTE ARANDA,-74.07982853834,4.60371611419,True,True,SANTA FE
10610038,2024-09-17,USAQUÉN,-74.03915321086,4.79732035348,True,True,SUBA
10608614,2024-08-15,USME,-74.13655189459,4.54585268681,True,True,CIUDAD BOLIVAR
10595146,2023-08-23,BOSA,-74.15365902369,4.59626487648,True,True,CIUDAD BOLIVAR
10595151,2023-08-24,BOSA,-74.15369657461,4.59652421401,True,True,CIUDAD BOLIVAR
10595492,2023-09-01,USAQUÉN,-74.05415979807,4.68438337331,True,True,CHAPINERO
10599527,2023-12-14,CANDELARIA,-74.07734116281,4.59010164694,True,True,SANTA FE
10613931,2024-12-19,KENNEDY,-74.12025446288,4.63427458439,True,True,PUENTE ARANDA
10611243,2024-10-10,BOSA,-74.15804979984,4.5961311973,True,True,CIUDAD BOLIVAR
10611244,2024-10-15,TEUSAQUILLO,-74.06898195846,4.65041702822,True,True,BARRIOS UNIDOS
10607944,2024-07-23,BOSA,-74.17145190356,4.59575154871,True,True,CIUDAD BOLIVAR
10608421,2024-08-05,USAQUÉN,-74.05577091642,4.70727136799,True,True,SUBA
10611760,2024-10-29,LOS MÁRTIRES,-74.08654747193,4.62076784556,True,True,PUENTE ARANDA
10612363,2024-11-10,ENGATIVÁ,-74.11960748639,4.67894775078,True,True,FONTIBON
10612134,2024-11-05,USME,-74.12104497464,4.54606765831,True,True,RAFAEL URIBE URIBE
10593084,2023-06-30,PUENTE ARANDA,-74.10006716244,4.60382146607,True,True,LOS MARTIRES
10586937,2023-02-01,TEUSAQUILLO,-74.09551453193,4.66396768749,True,True,ENGATIVA
10611328,2024-10-15,BOSA,-74.15778303405,4.59638161138,True,True,CIUDAD BOLIVAR
10611503,2024-10-19,LOS MÁRTIRES,-74.0950699239,4.61032190352,True,True,PUENTE ARANDA
10613076,2024-12-01,SANTA FE,-74.07477311066,4.61163727947,True,True,LOS MARTIRES
10609370,2024-08-29,SUBA,-74.05509320681,4.69946568464,True,True,USAQUEN
10610286,2024-09-21,USAQUÉN,-74.03816310351,4.67985487385,True,True,CHAPINERO
10611120,2024-10-13,BARRIOS UNIDOS,-74.05467023931,4.64912369255,True,True,CHAPINERO
10610179,2024-09-17,SAN CRISTÓBAL,-74.09793881361,4.5720284324,True,True,RAFAEL URIBE URIBE
10611694,2024-10-25,FONTIBÓN,-74.12167442328,4.68228754428,True,True,ENGATIVA
10609944,2024-09-14,CIUDAD BOLÍVAR,-74.14328155701,4.57936629307,True,True,TUNJUELITO
10611757,2024-10-26,RAFAEL URIBE URIBE,-74.12422392548,4.56069303421,True,True,TUNJUELITO
10611776,2024-10-28,SAN CRISTÓBAL,-74.09273264591,4.57833292792,True,True,ANTONIO NARINO
10611780,2024-10-23,TUNJUELITO,-74.12855257458,4.58678785526,True,True,RAFAEL URIBE URIBE
10611851,2024-10-29,FONTIBÓN,-74.11058696913,4.66491368307,True,True,ENGATIVA
10608416,2024-08-04,PUENTE ARANDA,-74.11579695992,4.63981532426,True,True,FONTIBON
10612100,2024-11-05,SANTA FE,-74.07994655554,4.6036679902,True,True,LOS MARTIRES
10610832,2024-10-03,BARRIOS UNIDOS,-74.08930210058,4.67200077168,True,True,ENGATIVA
10607214,2024-07-06,FONTIBÓN,-74.12042287728,4.63876556067,True,True,KENNEDY
10607234,2024-07-06,CANDELARIA,-74.07865104859,4.59918977062,True,True,SANTA FE
10589933,2023-04-13,RAFAEL URIBE URIBE,-74.09547829196,4.56084404534,True,True,SAN CRISTOBAL
10592663,2023-06-20,RAFAEL URIBE URIBE,-74.12599069659,4.56500866697,True,True,TUNJUELITO
10592684,2023-06-21,SANTA FE,-74.07963655346,4.59724326294,True,True,CANDELARIA
10595122,2023-08-23,SANTA FE,-74.06060789132,4.62502159195,True,True,CHAPINERO
10611852,2024-10-29,FONTIBÓN,-74.1166499037,4.67428733434,True,True,ENGATIVA
10612428,2024-11-12,PUENTE ARANDA,-74.08955959265,4.61669343334,True,True,LOS MARTIRES
10606861,2024-06-22,TUNJUELITO,-74.14536977307,4.59520018956,True,True,KENNEDY
10610235,2024-09-19,TEUSAQUILLO,-74.10507885401,4.6556400042,True,True,FONTIBON
10608056,2024-07-30,TEUSAQUILLO,-74.08693818026,4.62486896952,True,True,PUENTE ARANDA
10607377,2024-07-10,PUENTE ARANDA,-74.12527803314,4.62168859472,True,True,KENNEDY
10607624,2024-07-19,BARRIOS UNIDOS,-74.05732122996,4.68486812373,True,True,CHAPINERO
10612139,2024-11-04,CANDELARIA,-74.06609669999,4.59322821404,True,True,SANTA FE
10608675,2024-08-13,CHAPINERO,-74.06065431831,4.66870725894,True,True,BARRIOS UNIDOS
10592701,2023-06-21,CHAPINERO,-74.07083258188,4.64114114111,True,True,TEUSAQUILLO
10593446,2023-07-10,CANDELARIA,-74.08387330954,4.59831016478,True,True,LOS MARTIRES
10599571,2023-12-15,TEUSAQUILLO,-74.07848743384,4.65222878967,True,True,BARRIOS UNIDOS
10599436,2023-12-12,RAFAEL URIBE URIBE,-74.09458360555,4.57563935106,True,True,SAN CRISTOBAL
10599728,2023-12-19,CHAPINERO,-74.0646833384,4.6496535981,True,True,TEUSAQUILLO
10598018,2023-11-07,PUENTE ARANDA,-74.07941019706,4.63454199575,True,True,TEUSAQUILLO
10589397,2023-03-29,ANTONIO NARIÑO,-74.09819354283,4.5782347244,True,True,RAFAEL URIBE URIBE
10590170,2023-04-20,CHAPINERO,-74.06511930411,4.64711728367,True,True,TEUSAQUILLO
10590644,2023-05-01,TUNJUELITO,-74.14494184439,4.59918709705,True,True,KENNEDY
10608068,2024-07-28,ANTONIO NARIÑO,-74.1232856888,4.58902210251,True,True,RAFAEL URIBE URIBE
10612517,2024-11-16,BARRIOS UNIDOS,-74.06779515035,4.68966071891,True,True,SUBA
10612521,2024-11-18,BOSA,-74.17470066377,4.63947554458,True,True,KENNEDY
10612523,2024-11-18,TEUSAQUILLO,-74.08352283204,4.62450359379,True,True,PUENTE ARANDA
10607320,2024-07-09,BOSA,-74.16937514536,4.60359063767,True,True,KENNEDY
10607934,2024-07-24,KENNEDY,-74.11915687528,4.60128317696,True,True,PUENTE ARANDA
10608077,2024-07-28,ANTONIO NARIÑO,-74.11605981772,4.59506443656,True,True,PUENTE ARANDA
10610101,2024-09-17,USAQUÉN,-74.05519154356,4.69948884974,True,True,SUBA
10609161,2024-08-23,BOSA,-74.17743948881,4.62879896745,True,True,KENNEDY
10608189,2024-07-30,LOS MÁRTIRES,-74.08454922621,4.5970696246,True,True,SANTA FE
10608550,2024-08-11,CIUDAD BOLÍVAR,-74.14560703223,4.59288813276,True,True,TUNJUELITO
10608481,2024-07-27,SANTA FE,-74.07751003047,4.60090836527,True,True,CANDELARIA
10611469,2024-10-21,USAQUÉN,-74.04531684635,4.75965412137,True,True,SUBA
10595293,2023-08-26,BARRIOS UNIDOS,-74.08361581747,4.65298268019,True,True,TEUSAQUILLO
10595587,2023-09-01,USME,-74.12150873248,4.55793161782,True,True,RAFAEL URIBE URIBE
10596690,2023-09-30,SANTA FE,-74.05880642351,4.62555410182,True,True,CHAPINERO
10594878,2023-08-17,FONTIBÓN,-74.11033866589,4.64508015641,True,True,TEUSAQUILLO
10598143,2023-11-09,USAQUÉN,-74.05567002977,4.69649910233,True,True,SUBA
10598150,2023-11-09,CHAPINERO,-74.06352070753,4.65414292149,True,True,BARRIOS UNIDOS
10594773,2023-08-15,RAFAEL URIBE URIBE,-74.10394159739,4.56526935268,True,True,SAN CRISTOBAL
10590801,2023-05-06,KENNEDY,-74.11477199843,4.59778953725,True,True,PUENTE ARANDA
10590852,2023-05-07,SAN CRISTÓBAL,-74.08986000006,4.58221505784,True,True,ANTONIO NARINO
10590883,2023-05-09,BARRIOS UNIDOS,-74.08584215086,4.65537548924,True,True,TEUSAQUILLO
10613723,2024-12-14,SAN CRISTÓBAL,-74.09338044469,4.58699300544,True,True,ANTONIO NARINO
10610707,2024-10-01,SANTA FE,-74.07031206076,4.59216626148,True,True,CANDELARIA
10607904,2024-07-23,LOS MÁRTIRES,-74.08083168452,4.6274515419,True,True,TEUSAQUILLO
10611801,2024-10-28,PUENTE ARANDA,-74.12586329167,4.61967438683,True,True,KENNEDY
10607179,2024-07-05,SUMAPAZ,-74.2058333,4.3197222,True,True,USME
10609028,2024-08-21,BOSA,-74.15492770855,4.59661244222,True,True,CIUDAD BOLIVAR
10609036,2024-08-22,BARRIOS UNIDOS,-74.09406570379,4.66545116378,True,True,TEUSAQUILLO
10609975,2024-09-13,USAQUÉN,-74.05263332651,4.71603299962,True,True,SUBA
10612414,2024-11-11,USAQUÉN,-74.04189496385,4.77886384466,True,True,SUBA
10612415,2024-11-14,BOSA,-74.15814367716,4.59606970487,True,True,CIUDAD BOLIVAR
10611186,2024-10-11,TUNJUELITO,-74.12858573382,4.58669605762,True,True,RAFAEL URIBE URIBE
10613511,2024-12-01,SANTA FE,-74.06581667845,4.62600252189,True,True,CHAPINERO
10613807,2024-12-16,ANTONIO NARIÑO,-74.09516754312,4.57618507977,True,True,RAFAEL URIBE URIBE
10614398,2024-12-31,BARRIOS UNIDOS,-74.07918480818,4.68394496024,True,True,ENGATIVA
10594929,2023-08-18,BARRIOS UNIDOS,-74.06274754533,4.68844906663,True,True,SUBA
10592640,2023-06-21,SANTA FE,-74.08113745634,4.59486659104,True,True,CANDELARIA
10592799,2023-06-25,BARRIOS UNIDOS,-74.0586145907,4.67861020747,True,True,CHAPINERO
10592842,2023-06-26,PUENTE ARANDA,-74.10735352852,4.64823871616,True,True,TEUSAQUILLO
10608429,2024-08-05,USAQUÉN,-74.04459325605,4.76505023494,True,True,SUBA
10608920,2024-08-18,ENGATIVÁ,-74.11393502699,4.66941958781,True,True,FONTIBON
10607651,2024-07-19,USME,-74.1015150922,4.54045922202,True,True,RAFAEL URIBE URIBE
10609065,2024-08-23,USAQUÉN,-74.05519513075,4.6995084557,True,True,SUBA
10610771,2024-10-03,ENGATIVÁ,-74.09327176993,4.66632266615,True,True,BARRIOS UNIDOS
10612037,2024-11-01,USAQUÉN,-74.05196575634,4.72024321419,True,True,SUBA
10606933,2024-06-27,BARRIOS UNIDOS,-74.07414436265,4.68815803541,True,True,SUBA
10603344,2024-03-23,SANTA FE,-74.06971392815,4.59594137282,True,True,CANDELARIA
10603357,2024-03-24,SANTA FE,-74.07626656477,4.6087744629,True,True,LOS MARTIRES
10601494,2024-02-09,ANTONIO NARIÑO,-74.10422002498,4.5831205333,True,True,RAFAEL URIBE URIBE
10601511,2024-02-09,BARRIOS UNIDOS,-74.0856509046,4.65498672374,True,True,TEUSAQUILLO
10601513,2024-02-10,USME,-74.1266609418,4.56701443295,True,True,TUNJUELITO
10601538,2024-02-11,BOSA,-74.18513085086,4.61708668794,True,True,KENNEDY
10605529,2024-05-20,BOSA,-74.1798863939,4.63459719331,True,True,KENNEDY
10603435,2024-03-25,CIUDAD BOLÍVAR,-74.13514690121,4.56836018614,True,True,TUNJUELITO
10612638,2024-11-21,SANTA FE,-74.0677049536,4.5982861026,True,True,CANDELARIA
10613413,2024-12-06,ANTONIO NARIÑO,-74.10191652958,4.58078198754,True,True,RAFAEL URIBE URIBE
10613744,2024-12-17,BOSA,-74.15363622491,4.59643999616,True,True,CIUDAD BOLIVAR
10614061,2024-12-24,FONTIBÓN,-74.11960033362,4.67896200214,True,True,ENGATIVA
10613692,2024-12-13,ANTONIO NARIÑO,-74.12920849715,4.59373543626,True,True,PUENTE ARANDA
10607238,2024-07-06,ANTONIO NARIÑO,-74.10324535141,4.59550696054,True,True,LOS MARTIRES
10610382,2024-09-24,ANTONIO NARIÑO,-74.11336687987,4.59594671999,True,True,PUENTE ARANDA
10602300,2024-02-28,SANTA FE,-74.09484890883,4.58545549725,True,True,ANTONIO NARINO
10602153,2024-02-24,PUENTE ARANDA,-74.12834701721,4.6116137528,True,True,KENNEDY
10611764,2024-10-31,FONTIBÓN,-74.13235750882,4.6477289507,True,True,KENNEDY
10611997,2024-11-01,PUENTE ARANDA,-74.13433638994,4.60074846158,True,True,KENNEDY
10607251,2024-07-04,USAQUÉN,-74.04331115691,4.77147150639,True,True,SUBA
10609831,2024-09-10,BOSA,-74.17859462541,4.63164887134,True,True,KENNEDY
10609892,2024-09-11,CHAPINERO,-74.06528291886,4.64624041072,True,True,TEUSAQUILLO
10613676,2024-12-16,SUBA,-74.04276040976,4.77170760379,True,True,USAQUEN
10611002,2024-10-10,FONTIBÓN,-74.11834873512,4.63734618645,True,True,PUENTE ARANDA
10613359,2024-12-07,CHAPINERO,-74.0317043442,4.68298793563,True,True,USAQUEN
10604411,2024-04-20,USAQUÉN,-74.04348997061,4.76939285754,True,True,SUBA
10605142,2024-05-12,ANTONIO NARIÑO,-74.0849622864,4.58935363013,True,True,SANTA FE
10602170,2024-02-25,USAQUÉN,-74.03828648512,4.67989229958,True,True,CHAPINERO
10603159,2024-03-19,BOSA,-74.1688734886,4.59581352671,True,True,CIUDAD BOLIVAR
10603232,2024-03-22,BOSA,-74.15418473666,4.59891439261,True,True,CIUDAD BOLIVAR
10601191,2024-02-02,SANTA FE,-74.08101700348,4.59482575745,True,True,CANDELARIA
10603852,2024-04-05,CANDELARIA,-74.08297745173,4.58741793443,True,True,SAN CRISTOBAL
10602231,2024-02-23,ANTONIO NARIÑO,-74.11337224428,4.59602692752,True,True,PUENTE ARANDA
10602715,2024-03-10,ENGATIVÁ,-74.09334150736,4.66622642668,True,True,BARRIOS UNIDOS
10612842,2024-11-22,CIUDAD BOLÍVAR,-74.12779579054,4.56789386853,True,True,TUNJUELITO
10613012,2024-11-26,USME,-74.12116674368,4.54833928991,True,True,RAFAEL URIBE URIBE
10613078,2024-11-29,BARRIOS UNIDOS,-74.07818295764,4.65122455504,True,True,TEUSAQUILLO
10613812,2024-10-20,TEUSAQUILLO,-74.10340592123,4.6536855428,True,True,ENGATIVA
10608802,2024-08-14,ENGATIVÁ,-74.11931845496,4.69011236978,True,True,FONTIBON
10608482,2024-08-01,ENGATIVÁ,-74.07904174972,4.68394675682,True,True,BARRIOS UNIDOS
10610897,2024-10-05,CIUDAD BOLÍVAR,-74.15050474589,4.59559648034,True,True,KENNEDY
10609113,2024-08-24,USAQUÉN,-74.05154732649,4.72089900669,True,True,SUBA
10594825,2023-08-15,ANTONIO NARIÑO,-74.08364800398,4.59221438626,True,True,SANTA FE
10605166,2024-05-09,USAQUÉN,-74.04931438749,4.65863950675,True,True,CHAPINERO
10603383,2024-03-25,FONTIBÓN,-74.11163368695,4.66645487401,True,True,ENGATIVA
10603543,2024-03-30,USAQUÉN,-74.03915694913,4.79739260334,True,True,SUBA
10602445,2024-03-03,SAN CRISTÓBAL,-74.10222254599,4.56720462133,True,True,RAFAEL URIBE URIBE
10605705,2024-05-24,ENGATIVÁ,-74.08595470373,4.6775719002,True,True,BARRIOS UNIDOS
10610796,2024-10-03,FONTIBÓN,-74.11802855913,4.67702120521,True,True,ENGATIVA
10612934,2024-11-30,SANTA FE,-74.07790458956,4.58080605219,True,True,SAN CRISTOBAL
10606791,2024-05-29,CIUDAD BOLÍVAR,-74.13820413665,4.56732595837,True,True,TUNJUELITO
10607955,2024-07-24,CHAPINERO,-74.05865337827,4.68034496912,True,True,BARRIOS UNIDOS
10609795,2024-09-10,TEUSAQUILLO,-74.08369449735,4.65341220226,True,True,BARRIOS UNIDOS
10610503,2024-09-19,PUENTE ARANDA,-74.12760494097,4.61432113864,True,True,KENNEDY
10606852,2024-06-20,RAFAEL URIBE URIBE,-74.09979543725,4.54555964172,True,True,SAN CRISTOBAL
10596151,2023-09-18,SANTA FE,-74.07660720532,4.59163421515,True,True,CANDELARIA
10596162,2023-09-18,SAN CRISTÓBAL,-74.09791199152,4.5720284324,True,True,RAFAEL URIBE URIBE
10601461,2024-02-07,SANTA FE,-74.07296342437,4.60113345505,True,True,CANDELARIA
10601922,2024-02-14,SANTA FE,-74.06945518555,4.62297617238,True,True,TEUSAQUILLO
10604811,2024-05-03,TUNJUELITO,-74.15129867976,4.59566331998,True,True,KENNEDY
10604878,2024-05-04,BARRIOS UNIDOS,-74.08818227832,4.6740311377,True,True,ENGATIVA
10603952,2024-04-11,SAN CRISTÓBAL,-74.10250393336,4.58130067376,True,True,ANTONIO NARINO
10610958,2024-10-03,USME,-74.12137237298,4.55502208436,True,True,RAFAEL URIBE URIBE
10608741,2024-08-11,USME,-74.12730659127,4.5332446231,True,True,CIUDAD BOLIVAR
10601708,2024-02-14,CANDELARIA,-74.08047226851,4.5915085559,True,True,SANTA FE
10602349,2024-03-03,SUBA,-74.04505638068,4.76045989534,True,True,USAQUEN
10602926,2024-03-16,BOSA,-74.16723392744,4.59566866699,True,True,CIUDAD BOLIVAR
10605225,2024-04-25,TUNJUELITO,-74.15008498018,4.58014165016,True,True,CIUDAD BOLIVAR
10605226,2024-05-09,PUENTE ARANDA,-74.12211673271,4.63001806323,True,True,KENNEDY
10601971,2024-02-20,LOS MÁRTIRES,-74.09797100012,4.60659820101,True,True,PUENTE ARANDA
10601907,2024-02-18,USAQUÉN,-74.04636529867,4.75351017367,True,True,SUBA
10603308,2024-03-24,BARRIOS UNIDOS,-74.08606199209,4.67774298982,True,True,ENGATIVA
10595181,2023-08-25,FONTIBÓN,-74.11339370196,4.66970707922,True,True,ENGATIVA
10596701,2023-09-29,PUENTE ARANDA,-74.12726072256,4.59190424876,True,True,RAFAEL URIBE URIBE
10610996,2024-10-10,BOSA,-74.16174856608,4.59585581811,True,True,CIUDAD BOLIVAR
10601603,2024-02-12,BARRIOS UNIDOS,-74.09362873554,4.66660165293,True,True,ENGATIVA
10601837,2024-02-17,PUENTE ARANDA,-74.1073343459,4.59800683431,True,True,ANTONIO NARINO
10603071,2024-03-16,SAN CRISTÓBAL,-74.10336246747,4.54650678921,True,True,RAFAEL URIBE URIBE
10604645,2024-04-28,RAFAEL URIBE URIBE,-74.11875446408,4.58895149411,True,True,ANTONIO NARINO
10605284,2024-05-12,RAFAEL URIBE URIBE,-74.12564359544,4.56463301232,True,True,TUNJUELITO
10605295,2024-04-27,KENNEDY,-74.18186942543,4.62467962688,True,True,BOSA
10605304,2024-05-15,SANTA FE,-74.07892682834,4.58250940079,True,True,SAN CRISTOBAL
10605309,2024-05-15,CANDELARIA,-74.0812439904,4.59220400054,True,True,SANTA FE
10602641,2024-03-07,BOSA,-74.15367975105,4.59642723439,True,True,CIUDAD BOLIVAR
10602772,2024-03-07,RAFAEL URIBE URIBE,-74.12660528851,4.56711614765,True,True,TUNJUELITO
10601927,2024-02-19,CIUDAD BOLÍVAR,-74.12567132216,4.5243625177,True,True,USME
10601943,2024-02-20,USAQUÉN,-74.06826334747,4.6898474706,True,True,SUBA
10605608,2024-05-21,ENGATIVÁ,-74.07286893765,4.69671387149,True,True,SUBA
10605651,2024-05-23,SAN CRISTÓBAL,-74.09201161889,4.57931707245,True,True,ANTONIO NARINO
10604763,2024-04-29,LOS MÁRTIRES,-74.08464310353,4.59711507546,True,True,SANTA FE
10598301,2023-11-14,SANTA FE,-74.07629130921,4.6087761636,True,True,LOS MARTIRES
10612652,2024-11-21,SANTA FE,-74.06728684783,4.59960980094,True,True,CANDELARIA
10612990,2024-11-29,USAQUÉN,-74.04858831282,4.73858834771,True,True,SUBA
10610938,2024-10-07,RAFAEL URIBE URIBE,-74.12539819689,4.56926170908,True,True,TUNJUELITO
10612127,2024-11-04,RAFAEL URIBE URIBE,-74.10248186634,4.56620722715,True,True,SAN CRISTOBAL
10613617,2024-12-16,LOS MÁRTIRES,-74.09343055722,4.61229817471,True,True,PUENTE ARANDA
10606054,2024-06-08,USAQUÉN,-74.04336122458,4.77203904487,True,True,SUBA
10606056,2024-06-06,PUENTE ARANDA,-74.08340392296,4.62499996941,True,True,TEUSAQUILLO
10602018,2024-02-20,LOS MÁRTIRES,-74.09502593462,4.61037323583,True,True,PUENTE ARANDA
10602050,2024-02-22,BOSA,-74.15493674821,4.59650511551,True,True,CIUDAD BOLIVAR
10602279,2024-02-28,TUNJUELITO,-74.12448329513,4.57705091138,True,True,RAFAEL URIBE URIBE
10602706,2024-03-09,CHAPINERO,-74.06317080384,4.65487567492,True,True,BARRIOS UNIDOS
10600882,2024-01-22,ANTONIO NARIÑO,-74.12669745867,4.59335333831,True,True,PUENTE ARANDA
10598371,2023-11-15,TEUSAQUILLO,-74.08872155,4.65975102566,True,True,BARRIOS UNIDOS
10598356,2023-11-15,BARRIOS UNIDOS,-74.08740521162,4.67537365825,True,True,ENGATIVA
10613986,2024-12-20,SANTA FE,-74.06550554662,4.59967012275,True,True,CANDELARIA
10612779,2024-11-24,USAQUÉN,-74.04326466505,4.77201766158,True,True,SUBA
10606730,2024-06-17,BOSA,-74.17818782513,4.63062761229,True,True,KENNEDY
10608252,2024-08-01,BARRIOS UNIDOS,-74.08865835732,4.65938626519,True,True,TEUSAQUILLO
10613985,2024-12-22,BOSA,-74.16887787764,4.59570877093,True,True,CIUDAD BOLIVAR
10607916,2024-07-20,BOSA,-74.1754117388,4.59655094984,True,True,CIUDAD BOLIVAR
10606180,2024-05-24,RAFAEL URIBE URIBE,-74.07031608407,4.62043633258,True,True,TEUSAQUILLO
10606215,2024-06-07,SUBA,-74.05178470199,4.71901178886,True,True,USAQUEN
10606226,2024-06-10,LOS MÁRTIRES,-74.08836869185,4.61833229094,True,True,PUENTE ARANDA
10603443,2024-03-26,USAQUÉN,-74.05022231524,4.73057826841,True,True,SUBA
10604239,2024-04-12,USME,-74.1210852434,4.54593226126,True,True,RAFAEL URIBE URIBE
10604253,2024-04-17,KENNEDY,-74.15162817555,4.59522871728,True,True,TUNJUELITO
10601157,2024-01-30,CANDELARIA,-74.07250147444,4.60095080176,True,True,SANTA FE
10603274,2024-03-24,SANTA FE,-74.08042935316,4.59605366337,True,True,CANDELARIA
10604893,2024-05-04,BOSA,-74.15806321089,4.59608307279,True,True,CIUDAD BOLIVAR
10604900,2024-05-03,TEUSAQUILLO,-74.0883483133,4.65916383489,True,True,BARRIOS UNIDOS
10598663,2023-11-22,KENNEDY,-74.11251930182,4.6675737781,True,True,FONTIBON
10598664,2023-11-22,PUENTE ARANDA,-74.11578086798,4.63984562132,True,True,FONTIBON
10601044,2024-01-25,USAQUÉN,-74.04949811946,4.73479708839,True,True,SUBA
10602525,2024-03-05,BOSA,-74.16405258559,4.59554470915,True,True,CIUDAD BOLIVAR
10603337,2024-03-23,FONTIBÓN,-74.11851672117,4.63738607151,True,True,KENNEDY
10604330,2024-04-19,SANTA FE,-74.06584081833,4.59834492126,True,True,CANDELARIA
10604356,2024-04-16,BOSA,-74.15372339671,4.59650282535,True,True,CIUDAD BOLIVAR
10606341,2024-06-13,TEUSAQUILLO,-74.07772476707,4.66563064476,True,True,BARRIOS UNIDOS
10602254,2024-02-26,USAQUÉN,-74.03913942759,4.79733501082,True,True,SUBA
10605271,2024-05-13,SANTA FE,-74.05640956195,4.62357305978,True,True,CHAPINERO
10603135,2024-03-20,SANTA FE,-74.07692980185,4.60795538858,True,True,LOS MARTIRES
10601221,2024-02-01,ANTONIO NARIÑO,-74.11006141267,4.58709831276,True,True,RAFAEL URIBE URIBE
10601891,2024-02-13,BOSA,-74.17726328646,4.62843705849,True,True,KENNEDY
10605829,2024-05-29,CANDELARIA,-74.08120719378,4.59264483548,True,True,SANTA FE
10599675,2023-12-19,BOSA,-74.17279926722,4.61584593127,True,True,KENNEDY
10600139,2023-12-30,SANTA FE,-74.07628265803,4.60875040108,True,True,LOS MARTIRES
10600648,2024-01-17,TEUSAQUILLO,-74.10055664961,4.65724401785,True,True,ENGATIVA
10611715,2024-10-27,SAN CRISTÓBAL,-74.11800173459,4.57088944654,True,True,RAFAEL URIBE URIBE
10607898,2024-07-24,SANTA FE,-74.07528308857,4.61067980095,True,True,LOS MARTIRES
10607899,2024-07-24,RAFAEL URIBE URIBE,-74.10093556377,4.54689131862,True,True,SAN CRISTOBAL
10613003,2024-11-28,CANDELARIA,-74.08989182748,4.5923372153,True,True,LOS MARTIRES
10613893,2024-12-19,BARRIOS UNIDOS,-74.08870316599,4.65948755076,True,True,TEUSAQUILLO
10613899,2024-12-20,SANTA FE,-74.09123060887,4.56075747111,True,True,SAN CRISTOBAL
10611354,2024-10-17,SAN CRISTÓBAL,-74.09439317662,4.57629671126,True,True,ANTONIO NARINO
10610681,2024-09-30,BARRIOS UNIDOS,-74.08940889709,4.67193353843,True,True,ENGATIVA
10598261,2023-11-11,TUNJUELITO,-74.12858573382,4.58664793247,True,True,RAFAEL URIBE URIBE
10598272,2023-11-11,TEUSAQUILLO,-74.10654870455,4.64964036719,True,True,FONTIBON
10602919,2024-03-17,SANTA FE,-74.06570501349,4.62608613473,True,True,CHAPINERO
10605607,2024-05-20,USAQUÉN,-74.05403936846,4.70678290451,True,True,SUBA
10605314,2024-05-10,USAQUÉN,-74.04118577867,4.78299949024,True,True,SUBA
10605316,2024-05-15,FONTIBÓN,-74.11156979983,4.66645633207,True,True,ENGATIVA
10604102,2024-04-13,PUENTE ARANDA,-74.0902891535,4.62559080717,True,True,TEUSAQUILLO
10604188,2024-04-16,SAN CRISTÓBAL,-74.10297063772,4.56634952635,True,True,RAFAEL URIBE URIBE
10601909,2024-02-19,SANTA FE,-74.07894143118,4.582493468,True,True,SAN CRISTOBAL
10601917,2024-02-19,PUENTE ARANDA,-74.12440685217,4.62438239637,True,True,KENNEDY
10601925,2024-02-18,PUENTE ARANDA,-74.11236227341,4.59454284467,True,True,ANTONIO NARINO
10601948,2024-02-19,CIUDAD BOLÍVAR,-74.14674839655,4.59522923537,True,True,KENNEDY
10596815,2023-10-03,ENGATIVÁ,-74.08453299495,4.67638139752,True,True,BARRIOS UNIDOS
10597073,2023-10-11,BARRIOS UNIDOS,-74.06766203825,4.68991163159,True,True,SUBA
10610653,2024-09-30,ANTONIO NARIÑO,-74.10465506499,4.58368020883,True,True,RAFAEL URIBE URIBE
10612744,2024-11-22,BOSA,-74.1575589556,4.59656164416,True,True,CIUDAD BOLIVAR
10610861,2024-10-03,BARRIOS UNIDOS,-74.08935038035,4.67197403871,True,True,ENGATIVA
10612387,2024-11-13,SANTA FE,-74.08384050062,4.59823127544,True,True,LOS MARTIRES
10606155,2024-06-06,ENGATIVÁ,-74.10671006414,4.65787958749,True,True,FONTIBON
10605182,2024-05-12,USAQUÉN,-74.0353950638,4.82217033267,True,True,SUBA
10603238,2024-03-20,BOSA,-74.17257777376,4.59631532646,True,True,CIUDAD BOLIVAR
10603242,2024-03-21,LOS MÁRTIRES,-74.06944168393,4.60392866181,True,True,SANTA FE
10601963,2024-02-20,TEUSAQUILLO,-74.10342398148,4.65380696192,True,True,ENGATIVA
10613743,2024-12-16,TUNJUELITO,-74.13897438885,4.55974400369,True,True,CIUDAD BOLIVAR
10614143,2024-12-29,TEUSAQUILLO,-74.07837477991,4.62321319544,True,True,LOS MARTIRES
10613944,2024-12-18,PUENTE ARANDA,-74.09103491629,4.62571680223,True,True,TEUSAQUILLO
10604377,2024-04-22,USAQUÉN,-74.04150513594,4.78098789367,True,True,SUBA
10600869,2024-01-20,BOSA,-74.15074004703,4.59559453821,True,True,KENNEDY
10604629,2024-04-28,BOSA,-74.17867866938,4.59677553071,True,True,CIUDAD BOLIVAR
10604652,2024-04-26,SANTA FE,-74.07054955875,4.59164709666,True,True,CANDELARIA
10602160,2024-02-25,RAFAEL URIBE URIBE,-74.0937706608,4.56834410017,True,True,SAN CRISTOBAL
10605420,2024-05-15,CIUDAD BOLÍVAR,-74.1224810261,4.52064660392,True,True,USME
10601781,2024-02-17,USAQUÉN,-74.04577781322,4.75739864634,True,True,SUBA
10600939,2024-01-24,SANTA FE,-74.06769262625,4.59481759817,True,True,CANDELARIA
10609994,2024-09-15,SANTA FE,-74.08169893188,4.60115840876,True,True,LOS MARTIRES
10612063,2024-11-01,SANTA FE,-74.08041325991,4.59602692752,True,True,CANDELARIA
10616111,2019-09-27,ANTONIO NARIÑO,-74.1353690179999,4.59455393000008,True,True,PUENTE ARANDA
10600906,2024-01-23,TEUSAQUILLO,-74.08477721398,4.62455617239,True,True,PUENTE ARANDA
10602512,2024-03-04,BOSA,-74.15687231009,4.59652421401,True,True,CIUDAD BOLIVAR
10602894,2024-03-13,FONTIBÓN,-74.11541755668,4.67311480705,True,True,ENGATIVA
10605478,2024-05-17,SANTA FE,-74.09261194463,4.56863747651,True,True,SAN CRISTOBAL
10605537,2024-05-20,PUENTE ARANDA,-74.13763851869,4.5956394075,True,True,KENNEDY
10603004,2024-03-16,PUENTE ARANDA,-74.12247834389,4.62894333432,True,True,KENNEDY
10601632,2024-02-11,BARRIOS UNIDOS,-74.08907776975,4.65966461282,True,True,TEUSAQUILLO
10601642,2024-02-13,USAQUÉN,-74.0381255552,4.67984801014,True,True,CHAPINERO
10595789,2023-09-10,SANTA FE,-74.0757086653,4.59971111703,True,True,CANDELARIA
10599041,2023-12-02,TUNJUELITO,-74.12648824637,4.56668641186,True,True,RAFAEL URIBE URIBE
10615924,2024-02-17,SAN CRISTÓBAL,-74.06873490843,4.58951710673,True,True,SANTA FE
10607881,2024-07-23,ANTONIO NARIÑO,-74.1135206616,4.59620694731,True,True,PUENTE ARANDA
10613610,2024-12-13,PUENTE ARANDA,-74.13515446369,4.59957476493,True,True,KENNEDY
10604934,2024-05-03,KENNEDY,-74.17934010447,4.6191054666,True,True,BOSA
10604955,2024-04-26,TEUSAQUILLO,-74.09106733496,4.62565174843,True,True,PUENTE ARANDA
10601503,2024-02-09,BOSA,-74.17865866315,4.59691212641,True,True,CIUDAD BOLIVAR
10602197,2024-02-23,SANTA FE,-74.0696978349,4.59595607754,True,True,CANDELARIA
10602836,2024-03-10,TEUSAQUILLO,-74.108959279,4.64664773944,True,True,FONTIBON
10603646,2024-04-03,FONTIBÓN,-74.11954668944,4.67891922981,True,True,ENGATIVA
10605501,2024-05-18,SANTA FE,-74.0674367327,4.59733698258,True,True,CANDELARIA
10603025,2024-03-14,CIUDAD BOLÍVAR,-74.15256870572,4.58947928975,True,True,TUNJUELITO
10603027,2024-03-16,TUNJUELITO,-74.12858305161,4.58665862695,True,True,RAFAEL URIBE URIBE
10603976,2024-04-10,CIUDAD BOLÍVAR,-74.15510071103,4.58797538324,True,True,TUNJUELITO
10604074,2024-04-12,CHAPINERO,-74.03430427403,4.68215585241,True,True,USAQUEN
10604100,2024-04-11,RAFAEL URIBE URIBE,-74.12225035612,4.55774017627,True,True,TUNJUELITO
10599244,2023-12-08,TEUSAQUILLO,-74.11041376774,4.64498391403,True,True,PUENTE ARANDA
10612754,2024-11-22,KENNEDY,-74.07900241797,4.63924944862,True,True,TEUSAQUILLO
10612713,2024-11-22,SANTA FE,-74.09237859154,4.56866815426,True,True,SAN CRISTOBAL
10612850,2024-11-27,BOSA,-74.15659550559,4.59633492439,True,True,CIUDAD BOLIVAR
10606483,2024-06-15,ENGATIVÁ,-74.11358145659,4.66892112693,True,True,FONTIBON
10601949,2024-02-20,CHAPINERO,-74.06515537969,4.64713770222,True,True,TEUSAQUILLO
10604580,2024-04-23,USAQUÉN,-74.04067901556,4.78795871999,True,True,SUBA
10604622,2024-04-27,BOSA,-74.1787279237,4.63493477503,True,True,KENNEDY
10605763,2024-05-26,SANTA FE,-74.06753999774,4.6015491943,True,True,CANDELARIA
10595399,2023-08-29,TEUSAQUILLO,-74.0730164287,4.61533381976,True,True,LOS MARTIRES
10595605,2023-09-04,TUNJUELITO,-74.14939040129,4.59526270111,True,True,KENNEDY
10595613,2023-09-05,PUENTE ARANDA,-74.08831504767,4.61807296136,True,True,LOS MARTIRES
10598347,2023-11-14,TUNJUELITO,-74.14538466942,4.59521118365,True,True,KENNEDY
10598408,2023-11-10,TUNJUELITO,-74.12116598121,4.5474753652,True,True,RAFAEL URIBE URIBE
10607232,2024-07-06,LOS MÁRTIRES,-74.09039644186,4.61612664974,True,True,PUENTE ARANDA
10608742,2024-08-14,CANDELARIA,-74.08118671181,4.59264993839,True,True,SANTA FE
10614161,2024-12-28,SAN CRISTÓBAL,-74.121440329,4.55640865888,True,True,RAFAEL URIBE URIBE
10614011,2024-12-22,ANTONIO NARIÑO,-74.08652869646,4.58691529436,True,True,SAN CRISTOBAL
10608672,2024-08-12,TUNJUELITO,-74.1285803694,4.58666130057,True,True,RAFAEL URIBE URIBE
10606716,2024-06-17,ENGATIVÁ,-74.12440685217,4.68514257578,True,True,FONTIBON
10597655,2023-10-29,CANDELARIA,-74.07840696757,4.57784364972,True,True,SAN CRISTOBAL
10597679,2023-10-28,CIUDAD BOLÍVAR,-74.14491818832,4.59915076245,True,True,KENNEDY
10597729,2023-10-28,BOSA,-74.15072339907,4.59557952351,True,True,KENNEDY
10597740,2023-10-27,SANTA FE,-74.07909094044,4.59820382511,True,True,CANDELARIA
10599981,2023-12-25,PUENTE ARANDA,-74.10847453062,4.58869324834,True,True,RAFAEL URIBE URIBE
10597490,2023-10-23,PUENTE ARANDA,-74.09458812023,4.58572358155,True,True,ANTONIO NARINO
10594497,2023-08-08,TEUSAQUILLO,-74.09309896614,4.6179838204,True,True,PUENTE ARANDA
10594507,2023-08-08,ANTONIO NARIÑO,-74.09875575968,4.57865605595,True,True,RAFAEL URIBE URIBE
10598133,2023-11-01,PUENTE ARANDA,-74.10268095915,4.598855574,True,True,LOS MARTIRES
10598162,2023-11-09,CHAPINERO,-74.06216156769,4.65840306058,True,True,BARRIOS UNIDOS
10596098,2023-09-16,ENGATIVÁ,-74.1206678528,4.69221060426,True,True,FONTIBON
10596103,2023-09-15,USAQUÉN,-74.04177335684,4.78192874553,True,True,SUBA
10597187,2023-10-15,TUNJUELITO,-74.15057328898,4.5955106284,True,True,KENNEDY
10600265,2024-01-05,BOSA,-74.16728912912,4.59565047627,True,True,CIUDAD BOLIVAR
10612595,2024-11-15,ENGATIVÁ,-74.13593320569,4.69334939555,True,True,FONTIBON
10613217,2024-12-05,SANTA FE,-74.06786320393,4.59616328031,True,True,CANDELARIA
10613455,2024-12-09,TUNJUELITO,-74.14004949515,4.61711050024,True,True,KENNEDY
10597751,2023-10-29,BARRIOS UNIDOS,-74.06984525784,4.63800684697,True,True,TEUSAQUILLO
10597757,2023-10-29,BOSA,-74.15619713371,4.59650355382,True,True,CIUDAD BOLIVAR
10594840,2023-08-14,TEUSAQUILLO,-74.09441511212,4.66528436744,True,True,ENGATIVA
10599398,2023-12-09,CIUDAD BOLÍVAR,-74.13854075258,4.56530411077,True,True,TUNJUELITO
10599433,2023-10-26,CHAPINERO,-74.06787075877,4.64313489258,True,True,TEUSAQUILLO
10597882,2023-11-02,BOSA,-74.16225431194,4.59523940821,True,True,CIUDAD BOLIVAR
10597546,2023-10-25,FONTIBÓN,-74.11963788454,4.67904754678,True,True,ENGATIVA
10597723,2023-10-29,LOS MÁRTIRES,-74.0941568989,4.61137848251,True,True,PUENTE ARANDA
10597646,2023-10-27,CIUDAD BOLÍVAR,-74.15256253651,4.58947875483,True,True,TUNJUELITO
10598857,2023-11-28,PUENTE ARANDA,-74.12159053271,4.63107675241,True,True,KENNEDY
10600032,2023-12-26,TUNJUELITO,-74.16729939763,4.59147379909,True,True,CIUDAD BOLIVAR
10597902,2023-11-05,FONTIBÓN,-74.10774526142,4.6991264675,True,True,ENGATIVA
10595738,2023-09-10,BARRIOS UNIDOS,-74.11445418956,4.49993474967,True,True,USME
10595782,2023-09-09,KENNEDY,-74.12553337996,4.65023979802,True,True,FONTIBON
10595879,2023-09-12,PUENTE ARANDA,-74.13822559302,4.59529971225,True,True,KENNEDY
10613702,2024-12-12,ANTONIO NARIÑO,-74.10595593636,4.58543410825,True,True,RAFAEL URIBE URIBE
10613895,2024-12-21,USAQUÉN,-74.03984998155,4.79180216829,True,True,SUBA
10613960,2024-12-19,RAFAEL URIBE URIBE,-74.10016232349,4.55112743175,True,True,SAN CRISTOBAL
10612980,2024-11-25,CIUDAD BOLÍVAR,-74.12641850893,4.52555847664,True,True,USME
10597016,2023-10-09,USME,-74.12143615209,4.55538722332,True,True,TUNJUELITO
10596448,2023-09-24,ANTONIO NARIÑO,-74.0946021456,4.57575552425,True,True,SAN CRISTOBAL
10599531,2023-12-12,TEUSAQUILLO,-74.07576035643,4.65962378558,True,True,BARRIOS UNIDOS
10599532,2023-12-11,CANDELARIA,-74.07334027474,4.6014676506,True,True,SANTA FE
10594654,2023-08-12,ENGATIVÁ,-74.08511149528,4.69655753333,True,True,SUBA
10597033,2023-10-09,FONTIBÓN,-74.1221537966,4.64005414798,True,True,KENNEDY
10597048,2023-10-11,ENGATIVÁ,-74.12158147217,4.69281526503,True,True,FONTIBON
10597105,2023-10-09,BOSA,-74.18254909699,4.61878945935,True,True,KENNEDY
10598994,2023-11-28,CHAPINERO,-74.06850304125,4.62798403227,True,True,SANTA FE
10599075,2023-12-01,USAQUÉN,-74.04546602049,4.7592786911,True,True,SUBA
10599089,2023-12-02,ANTONIO NARIÑO,-74.0891973589,4.59191894453,True,True,LOS MARTIRES
10599418,2023-12-09,USME,-74.0938235588,4.51792411793,True,True,SAN CRISTOBAL
10608728,2024-08-13,USAQUÉN,-74.05104843987,4.68554890818,True,True,CHAPINERO
10608738,2024-08-13,TEUSAQUILLO,-74.08326534129,4.62463904886,True,True,PUENTE ARANDA
10609084,2024-08-22,RAFAEL URIBE URIBE,-74.1254260916,4.5696007323,True,True,TUNJUELITO
10613005,2024-11-28,PUENTE ARANDA,-74.1291298708,4.60944782606,True,True,KENNEDY
10612074,2024-11-04,USAQUÉN,-74.03902677481,4.79742588644,True,True,SUBA
10599610,2023-12-16,BARRIOS UNIDOS,-74.06705415644,4.68971793973,True,True,SUBA
10596562,2023-09-28,ANTONIO NARIÑO,-74.08864764158,4.58388875197,True,True,SAN CRISTOBAL
10598280,2023-11-12,USAQUÉN,-74.05633690822,4.69392890215,True,True,SUBA
10599097,2023-12-04,KENNEDY,-74.1052312794,4.68778743621,True,True,ENGATIVA
10594942,2023-08-19,CHAPINERO,-74.06766203825,4.64440645949,True,True,TEUSAQUILLO
10594986,2023-08-19,USAQUÉN,-74.07423881476,4.81873855783,True,True,SUBA
10600117,2023-12-28,USAQUÉN,-74.05160097067,4.72233179187,True,True,SUBA
10598533,2023-11-18,ANTONIO NARIÑO,-74.11907462065,4.59469548135,True,True,PUENTE ARANDA
10598747,2023-11-24,SUBA,-74.09351853316,4.71113674238,True,True,ENGATIVA
10595076,2023-08-22,TUNJUELITO,-74.11762622778,4.59456714905,True,True,ANTONIO NARINO
10595079,2023-08-23,SANTA FE,-74.06883228531,4.62679668538,True,True,TEUSAQUILLO
10611848,2024-10-28,ANTONIO NARIÑO,-74.10635022174,4.58573711933,True,True,RAFAEL URIBE URIBE
10614409,2024-12-29,TEUSAQUILLO,-74.07001969998,4.65064615161,True,True,BARRIOS UNIDOS
10611022,2024-10-17,LOS MÁRTIRES,-74.09338978712,4.6122489819,True,True,PUENTE ARANDA
10613727,2024-12-14,PUENTE ARANDA,-74.08672586748,4.62010183542,True,True,LOS MARTIRES
10594909,2023-08-17,SANTA FE,-74.07341269438,4.59340681019,True,True,CANDELARIA
10594912,2023-08-18,SUBA,-74.04198470329,4.77665324621,True,True,USAQUEN
10597643,2023-10-27,KENNEDY,-74.12701932478,4.6491158887,True,True,FONTIBON
10597794,2023-10-31,SAN CRISTÓBAL,-74.11154346919,4.57752803878,True,True,RAFAEL URIBE URIBE
10597923,2023-11-05,CIUDAD BOLÍVAR,-74.125875607,4.64926862499999,True,True,FONTIBON
10598098,2023-11-08,TEUSAQUILLO,-74.10648701415,4.64957754251,True,True,FONTIBON
10596945,2022-10-09,BARRIOS UNIDOS,-74.07343037744,4.68862049393,True,True,SUBA
10597185,2023-10-15,ANTONIO NARIÑO,-74.10698130635,4.59837576829,True,True,PUENTE ARANDA
10597323,2023-10-17,ANTONIO NARIÑO,-74.12671247537,4.5936110751,True,True,PUENTE ARANDA
10598571,2023-11-19,SANTA FE,-74.06966370389,4.59349984134,True,True,CANDELARIA
10595593,2023-09-03,SANTA FE,-74.14723981231,4.52305706643,True,True,CIUDAD BOLIVAR
10597340,2023-10-19,CIUDAD BOLÍVAR,-74.12245858928,4.55821854009,True,True,RAFAEL URIBE URIBE
10599213,2023-12-04,TUNJUELITO,-74.12658575802,4.56684877086,True,True,RAFAEL URIBE URIBE
10599335,2023-12-07,FONTIBÓN,-74.10570136846,4.69585516057,True,True,ENGATIVA
10595058,2023-08-22,USAQUÉN,-74.0533658642,4.65805671671,True,True,CHAPINERO
10609895,2024-09-12,PUENTE ARANDA,-74.1125121497,4.59447803026,True,True,ANTONIO NARINO
10610965,2024-10-08,BOSA,-74.16728330438,4.59564594167,True,True,CIUDAD BOLIVAR
10610968,2024-10-08,SAN CRISTÓBAL,-74.08986000006,4.58218939067,True,True,ANTONIO NARINO
10610379,2024-09-23,CHAPINERO,-74.06515149061,4.64717609828,True,True,TEUSAQUILLO
10610384,2024-09-20,SANTA FE,-74.07750842755,4.60089818129,True,True,CANDELARIA
10614034,2024-12-23,TUNJUELITO,-74.14632228753,4.59524802312,True,True,KENNEDY
10595466,2023-09-01,ANTONIO NARIÑO,-74.081749,4.60117623209,True,True,LOS MARTIRES
10595471,2023-08-31,SANTA FE,-74.07688347285,4.60171896556,True,True,CANDELARIA
10595703,2023-09-07,BOSA,-74.16810540144,4.59565262564,True,True,CIUDAD BOLIVAR
10595704,2023-09-06,BOSA,-74.16727123444,4.59563925771,True,True,CIUDAD BOLIVAR
10595705,2023-09-09,USAQUÉN,-74.05103770678,4.72545397022,True,True,SUBA
10598547,2023-11-20,SAN CRISTÓBAL,-74.09458664563,4.57580662111,True,True,ANTONIO NARINO
10594687,2023-08-13,ANTONIO NARIÑO,-74.12173116103,4.58460117413,True,True,RAFAEL URIBE URIBE
10594688,2023-08-18,USAQUÉN,-74.0489503808,4.7379241479,True,True,SUBA
10596671,2023-09-30,KENNEDY,-74.12528929894,4.62087344845,True,True,PUENTE ARANDA
10595891,2023-09-12,PUENTE ARANDA,-74.13042304699,4.60718103347,True,True,KENNEDY
10596435,2023-09-25,TEUSAQUILLO,-74.07989291136,4.61542619013,True,True,LOS MARTIRES
10596567,2023-09-29,SANTA FE,-74.07758621161,4.60709013303,True,True,LOS MARTIRES
10596706,2023-09-29,ANTONIO NARIÑO,-74.11683336883,4.59486551419,True,True,PUENTE ARANDA
10598088,2023-11-07,BOSA,-74.15416983618,4.59888884387,True,True,CIUDAD BOLIVAR
10610208,2024-09-20,BOSA,-74.1609814543,4.59591998415,True,True,CIUDAD BOLIVAR
10606717,2024-06-17,ENGATIVÁ,-74.08173827116,4.67421425799,True,True,BARRIOS UNIDOS
10611202,2024-10-12,TUNJUELITO,-74.16357944549,4.58374972252,True,True,CIUDAD BOLIVAR
10613680,2024-12-12,BARRIOS UNIDOS,-74.06532099627,4.68915029297,True,True,SUBA
10607390,2024-07-11,SAN CRISTÓBAL,-74.10654882561,4.54753266426,True,True,RAFAEL URIBE URIBE
10596040,2023-09-13,RAFAEL URIBE URIBE,-74.09967956726,4.57944516564,True,True,ANTONIO NARINO
10600807,2024-01-19,RAFAEL URIBE URIBE,-74.09873079869,4.5788640141,True,True,ANTONIO NARINO
10597820,2023-11-01,TUNJUELITO,-74.15060033642,4.59564947189,True,True,KENNEDY
10598671,2023-11-21,TEUSAQUILLO,-74.08822921698,4.65986389895,True,True,BARRIOS UNIDOS
10599989,2023-12-28,ENGATIVÁ,-74.12431163375,4.67323048716,True,True,FONTIBON
10600024,2023-12-27,CIUDAD BOLÍVAR,-74.15050474589,4.59554434541,True,True,KENNEDY
10596919,2023-10-06,BOSA,-74.17990146026,4.63456594803,True,True,KENNEDY
10598675,2023-11-21,TEUSAQUILLO,-74.07001165335,4.65063011134,True,True,BARRIOS UNIDOS
10612566,2024-11-18,PUENTE ARANDA,-74.0827896971,4.62451072328,True,True,LOS MARTIRES
10614019,2024-12-25,ANTONIO NARIÑO,-74.10172251734,4.57688559024,True,True,RAFAEL URIBE URIBE
10614179,2024-12-23,SAN CRISTÓBAL,-74.08658591801,4.58693133639,True,True,ANTONIO NARINO
10614222,2024-12-28,LOS MÁRTIRES,-74.06708670454,4.60237933588,True,True,CANDELARIA
10597262,2023-10-17,SAN CRISTÓBAL,-74.06675861315,4.60542644916,True,True,SANTA FE
10597277,2023-10-14,ANTONIO NARIÑO,-74.12914094601,4.59375051307,True,True,PUENTE ARANDA
10596130,2023-09-18,LOS MÁRTIRES,-74.07282797282,4.61543153715,True,True,TEUSAQUILLO
10598190,2023-11-09,RAFAEL URIBE URIBE,-74.10156541023,4.54643331916,True,True,SAN CRISTOBAL
10598959,2023-12-01,TEUSAQUILLO,-74.10350707953,4.65402796679,True,True,ENGATIVA
10598999,2023-12-03,ANTONIO NARIÑO,-74.08619659073,4.59017078142,True,True,SANTA FE
10600774,2024-01-21,ANTONIO NARIÑO,-74.10296961214,4.59488524446,True,True,LOS MARTIRES
10600776,2024-01-19,TEUSAQUILLO,-74.07830356762,4.65205185023,True,True,BARRIOS UNIDOS
10614138,2024-12-28,USAQUÉN,-74.04109974294,4.78567636402,True,True,SUBA
10614319,2024-12-31,CANDELARIA,-74.07478017336,4.58972258855,True,True,SANTA FE
10597491,2023-10-21,BOSA,-74.15643044224,4.59646997922,True,True,CIUDAD BOLIVAR
10600524,2024-01-12,PUENTE ARANDA,-74.11057201807,4.6451068904,True,True,FONTIBON
10596284,2023-09-22,SAN CRISTÓBAL,-74.10143641417,4.56806603659,True,True,RAFAEL URIBE URIBE
10600531,2024-01-13,SANTA FE,-74.07892731611,4.58250381046,True,True,SAN CRISTOBAL
10596916,2023-10-06,LOS MÁRTIRES,-74.09630803053,4.60868356266,True,True,PUENTE ARANDA
10597607,2023-10-27,USAQUÉN,-74.04112280459,4.78520632711,True,True,SUBA
10596763,2023-10-01,ENGATIVÁ,-74.08185183722,4.69880433284,True,True,SUBA
10594996,2023-08-21,FONTIBÓN,-74.14611128752,4.65518018627,True,True,KENNEDY
10596404,2023-09-26,BOSA,-74.1580792715,4.59600077195,True,True,CIUDAD BOLIVAR
10606794,2024-06-28,TUNJUELITO,-74.15131369908,4.5954676177,True,True,KENNEDY
10613487,2024-12-10,BARRIOS UNIDOS,-74.09181264822,4.66875538177,True,True,ENGATIVA
10610102,2024-09-16,BARRIOS UNIDOS,-74.07129374926,4.68955341889,True,True,SUBA
10614387,2024-12-21,RAFAEL URIBE URIBE,-74.12429598906,4.56096468424,True,True,TUNJUELITO
10614406,2024-12-31,SAN CRISTÓBAL,-74.09461555664,4.57576621889,True,True,RAFAEL URIBE URIBE
10599281,2023-12-05,ANTONIO NARIÑO,-74.12659553473,4.59334264393,True,True,PUENTE ARANDA
10594534,2023-08-10,FONTIBÓN,-74.13472281433,4.64977208481,True,True,KENNEDY
10594915,2023-08-17,PUENTE ARANDA,-74.13436868839,4.60076044642,True,True,KENNEDY
10595219,2023-08-26,TEUSAQUILLO,-74.10322812979,4.65381142417,True,True,ENGATIVA
10595488,2023-09-01,ANTONIO NARIÑO,-74.08471015875,4.59713379053,True,True,LOS MARTIRES
10595517,2023-08-31,LOS MÁRTIRES,-74.0857669491,4.59546280103,True,True,SANTA FE
10598046,2023-11-07,BOSA,-74.15673117241,4.59647360981,True,True,CIUDAD BOLIVAR
10600614,2024-01-15,KENNEDY,-74.11679474299,4.59954000851,True,True,PUENTE ARANDA
10600615,2024-01-15,LOS MÁRTIRES,-74.09182337706,4.61418033278,True,True,PUENTE ARANDA
10596221,2023-09-20,RAFAEL URIBE URIBE,-74.12624684756,4.56556345953,True,True,TUNJUELITO
10599568,2023-12-12,PUENTE ARANDA,-74.10862875764,4.5973730759,True,True,ANTONIO NARINO
10599598,2023-12-16,SAN CRISTÓBAL,-74.09196017217,4.57933383423,True,True,ANTONIO NARINO
10595449,2023-09-01,TUNJUELITO,-74.1398858804,4.56237907803,True,True,CIUDAD BOLIVAR
10595527,2023-09-01,PUENTE ARANDA,-74.11306754848,4.59420265584,True,True,ANTONIO NARINO
10599132,2023-11-23,FONTIBÓN,-74.11660519149,4.67441445477,True,True,ENGATIVA
10613804,2024-12-16,SAN CRISTÓBAL,-74.0973302949,4.57283571449,True,True,RAFAEL URIBE URIBE
10608786,2024-08-15,KENNEDY,-74.11876055827,4.65509123697,True,True,FONTIBON
10611375,2024-10-18,SANTA FE,-74.05641285364,4.62359639355,True,True,CHAPINERO
10614023,2024-12-26,SAN CRISTÓBAL,-74.10084632818,4.5689750902,True,True,RAFAEL URIBE URIBE
10610910,2024-10-06,CANDELARIA,-74.06620559876,4.60515448551,True,True,SANTA FE
10614036,2024-12-25,CIUDAD BOLÍVAR,-74.14539425172,4.59270811026,True,True,TUNJUELITO
10608955,2024-08-15,PUENTE ARANDA,-74.09584400837,4.57796663771,True,True,ANTONIO NARINO
10613834,2024-12-24,BOSA,-74.16187999432,4.59589191151,True,True,CIUDAD BOLIVAR
10596029,2023-09-13,USME,-74.11523503845,4.54637407204,True,True,RAFAEL URIBE URIBE
10596760,2023-10-02,PUENTE ARANDA,-74.08914653246,4.63392129986,True,True,TEUSAQUILLO
10595806,2023-09-11,TUNJUELITO,-74.1495552439,4.59526228203,True,True,KENNEDY
10598578,2023-11-19,RAFAEL URIBE URIBE,-74.12506131117,4.56269190203,True,True,TUNJUELITO
10598581,2023-11-17,BARRIOS UNIDOS,-74.07916335051,4.68407327628,True,True,ENGATIVA
10596514,2023-09-27,USME,-74.09152565186,4.51975620645,True,True,SAN CRISTOBAL
10599622,2023-12-15,TUNJUELITO,-74.1294723257,4.58619244445,True,True,RAFAEL URIBE URIBE
10599790,2023-12-21,ENGATIVÁ,-74.08389817792,4.69688337948,True,True,SUBA
10599795,2023-12-19,PUENTE ARANDA,-74.10246297303,4.59553498917,True,True,LOS MARTIRES
10595536,2023-09-01,USAQUÉN,-74.04529777949,4.76050800856,True,True,SUBA
10599363,2023-12-10,PUENTE ARANDA,-74.13758186285,4.59566064639,True,True,KENNEDY
10612863,2024-11-21,CIUDAD BOLÍVAR,-74.08525196497,4.56714093968,True,True,SAN CRISTOBAL
10614501,2024-12-17,KENNEDY,-74.13672444949,4.5502421204,True,True,CIUDAD BOLIVAR
10600316,2024-01-08,SANTA FE,-74.07891926949,4.59259938434,True,True,CANDELARIA
10598829,2023-11-26,FONTIBÓN,-74.11160198633,4.66676109025,True,True,ENGATIVA
10600644,2024-01-15,TEUSAQUILLO,-74.09380821173,4.6256175419,True,True,PUENTE ARANDA
10596684,2023-10-02,TUNJUELITO,-74.14209333842,4.59602692752,True,True,KENNEDY
10597304,2023-10-17,BOSA,-74.15367877674,4.59645105472,True,True,CIUDAD BOLIVAR
10599850,2023-12-23,PUENTE ARANDA,-74.13359878247,4.60195557583,True,True,KENNEDY
10599900,2023-12-23,CHAPINERO,-74.05720946972,4.68696840088,True,True,USAQUEN
10595289,2023-08-27,ANTONIO NARIÑO,-74.08904460852,4.59185077677,True,True,LOS MARTIRES
10595118,2023-08-22,LOS MÁRTIRES,-74.08465383236,4.59710438114,True,True,SANTA FE
10595126,2023-08-23,USAQUÉN,-74.03716832673,4.80946954904,True,True,SUBA
10613272,2024-12-03,ANTONIO NARIÑO,-74.10717902367,4.58695272501,True,True,RAFAEL URIBE URIBE
10609653,2024-09-05,BARRIOS UNIDOS,-74.08385185187,4.65336229852,True,True,TEUSAQUILLO
10610559,2024-09-28,BOSA,-74.16018752043,4.59623546706,True,True,CIUDAD BOLIVAR
10612706,2024-11-21,ENGATIVÁ,-74.12148357998,4.68107417012,True,True,FONTIBON
10607783,2024-07-21,ANTONIO NARIÑO,-74.12642744876,4.59373298336,True,True,PUENTE ARANDA
10608743,2024-08-05,LOS MÁRTIRES,-74.09844306891,4.59471687006,True,True,ANTONIO NARINO
10600168,2024-01-01,ENGATIVÁ,-74.08585455717,4.6777382647,True,True,BARRIOS UNIDOS
10600218,2024-01-03,CANDELARIA,-74.07739845698,4.58646612633,True,True,SANTA FE
10598239,2023-11-09,ANTONIO NARIÑO,-74.11688593809,4.5949200628,True,True,PUENTE ARANDA
10595963,2023-09-13,FONTIBÓN,-74.14242325012,4.65360557495,True,True,KENNEDY
10595964,2023-09-12,BOSA,-74.15730146353,4.59644400654,True,True,CIUDAD BOLIVAR
10598418,2023-11-16,PUENTE ARANDA,-74.08863691275,4.61784838721,True,True,LOS MARTIRES
10594541,2023-08-09,USAQUÉN,-74.04076484625,4.78721032179,True,True,SUBA
10594772,2023-08-14,LOS MÁRTIRES,-74.08452776854,4.59710705472,True,True,SANTA FE
10595245,2023-08-31,BOSA,-74.18084589426,4.6367524687,True,True,KENNEDY
10611234,2024-10-12,SANTA FE,-74.07777664845,4.58031142652,True,True,SAN CRISTOBAL
10612878,2024-11-27,SAN CRISTÓBAL,-74.13504306371,4.55816221923,True,True,CIUDAD BOLIVAR
10612906,2024-11-26,BOSA,-74.15406671946,4.59854009224,True,True,CIUDAD BOLIVAR
10612910,2024-11-27,BOSA,-74.16049758569,4.59603762178,True,True,CIUDAD BOLIVAR
10610009,2024-09-13,PUENTE ARANDA,-74.09342197363,4.61070742703,True,True,LOS MARTIRES
10610024,2024-09-17,USAQUÉN,-74.04683041318,4.74939093471,True,True,SUBA
10596079,2023-09-15,ANTONIO NARIÑO,-74.10861294452,4.58858966318,True,True,RAFAEL URIBE URIBE
10599780,2023-12-17,BARRIOS UNIDOS,-74.06508296446,4.68921755801,True,True,SUBA
10600342,2024-01-09,LOS MÁRTIRES,-74.09076792781,4.59248976685,True,True,ANTONIO NARINO
10600676,2024-01-15,USME,-74.06660185421,4.63950632873,True,True,TEUSAQUILLO
10594802,2023-08-15,TEUSAQUILLO,-74.08870901328,4.65998484968,True,True,BARRIOS UNIDOS
10594836,2023-08-14,SANTA FE,-74.07813431295,4.60623468626,True,True,LOS MARTIRES
10594842,2023-08-15,CHAPINERO,-74.05807850544,4.68360011074,True,True,BARRIOS UNIDOS
10613198,2024-12-04,TEUSAQUILLO,-74.06899028472,4.65043121697,True,True,BARRIOS UNIDOS
10609966,2024-09-14,FONTIBÓN,-74.15332530614,4.6612685843,True,True,KENNEDY
10607282,2024-07-05,BOSA,-74.15806857531,4.59607505204,True,True,CIUDAD BOLIVAR
10608888,2024-08-15,ENGATIVÁ,-74.14759992367,4.68391644342,True,True,FONTIBON
10597976,2023-11-05,TUNJUELITO,-74.13778511353,4.59489570409,True,True,KENNEDY
10597979,2023-11-03,SANTA FE,-74.0775808638,4.59847879919,True,True,CANDELARIA
10598352,2023-11-16,PUENTE ARANDA,-74.08336637154,4.62428882571,True,True,LOS MARTIRES
10599880,2023-12-23,TUNJUELITO,-74.12943331187,4.58257867223,True,True,RAFAEL URIBE URIBE
10595004,2023-08-19,FONTIBÓN,-74.15204969828,4.65881594768,True,True,KENNEDY
10595263,2023-08-26,ENGATIVÁ,-74.07664207403,4.67020431388,True,True,BARRIOS UNIDOS
10595279,2023-08-25,ANTONIO NARIÑO,-74.09975198691,4.57933821978,True,True,RAFAEL URIBE URIBE
10596085,2023-09-15,LOS MÁRTIRES,-74.06979707663,4.61364562938,True,True,SANTA FE
10596345,2023-09-23,BOSA,-74.1736575741,4.59634241039,True,True,CIUDAD BOLIVAR
10596349,2023-09-23,BOSA,-74.16468626693,4.59559913792,True,True,CIUDAD BOLIVAR
10596373,2023-09-25,RAFAEL URIBE URIBE,-74.12556556647,4.56928523763,True,True,TUNJUELITO
10597103,2023-10-09,BOSA,-74.17693988,4.626135885,True,True,KENNEDY
10598850,2023-11-27,CANDELARIA,-74.08131984656,4.59508047809,True,True,SANTA FE
10594747,2023-08-13,CANDELARIA,-74.07951774164,4.59082599755,True,True,SANTA FE
10600591,2024-01-15,BARRIOS UNIDOS,-74.08866909926,4.65947893744,True,True,TEUSAQUILLO
10598289,2023-11-13,LOS MÁRTIRES,-74.07561653971,4.60573477987,True,True,SANTA FE
10598313,2023-11-12,SUBA,-74.09376723748,4.7109729414,True,True,ENGATIVA
10599641,2023-12-16,BOSA,-74.15492234986,4.59661244875,True,True,CIUDAD BOLIVAR
10595095,2023-08-26,TEUSAQUILLO,-74.07807973807,4.65214324175,True,True,BARRIOS UNIDOS
10595103,2023-08-23,SUBA,-74.04331696813,4.76762739053,True,True,USAQUEN
10595839,2023-09-08,SAN CRISTÓBAL,-74.10377261822,4.56569179703,True,True,RAFAEL URIBE URIBE
10614331,2024-12-31,BOSA,-74.16956094774,4.59583264879,True,True,CIUDAD BOLIVAR
10608208,2024-07-31,USAQUÉN,-74.05391123634,4.70681335939,True,True,SUBA
10610178,2024-09-18,LOS MÁRTIRES,-74.09916458313,4.60537505335,True,True,PUENTE ARANDA
10614175,2024-12-25,BOSA,-74.15679184382,4.59639053488,True,True,CIUDAD BOLIVAR
10612728,2024-11-23,BOSA,-74.1803523678,4.59016373326,True,True,CIUDAD BOLIVAR
10612738,2024-11-18,SANTA FE,-74.07861349766,4.59917640276,True,True,CANDELARIA
10613423,2024-12-05,BOSA,-74.1537233967,4.59655094984,True,True,CIUDAD BOLIVAR
10595661,2023-09-05,TEUSAQUILLO,-74.08049895123,4.62413334434,True,True,LOS MARTIRES
10595762,2023-09-07,TEUSAQUILLO,-74.06781760638,4.6679426953,True,True,BARRIOS UNIDOS
10595026,2023-08-19,CHAPINERO,-74.08449558203,4.62271414444,True,True,LOS MARTIRES
10595617,2023-09-02,BOSA,-74.16086420872,4.59575313353,True,True,CIUDAD BOLIVAR
10595626,2023-09-04,FONTIBÓN,-74.14938894694,4.65931853675,True,True,KENNEDY
10600650,2024-01-17,RAFAEL URIBE URIBE,-74.12665722554,4.56702998144,True,True,TUNJUELITO
10600219,2024-01-05,ENGATIVÁ,-74.12059177263,4.69215713644,True,True,FONTIBON
10600345,2024-01-05,TEUSAQUILLO,-74.0702219683,4.62032261042,True,True,SANTA FE
10565720,2022-03-14,CIUDAD BOLÍVAR,-74.129,4.64800000000002,True,True,KENNEDY
10561198,2022-01-20,TUNJUELITO,-74.157,4.58100000000002,True,True,CIUDAD BOLIVAR
10550559,2021-09-25,RAFAEL URIBE URIBE,-74.1,4.541,True,True,USME
10557490,2021-12-02,BARRIOS UNIDOS,-74.071983684,4.68972017300001,True,True,SUBA
10557496,2021-12-03,KENNEDY,-74.134348187,4.60060126600001,True,True,PUENTE ARANDA
10557498,2021-12-03,USME,-74.137,4.55000000000001,True,True,CIUDAD BOLIVAR
10557506,2021-11-03,USAQUÉN,-74.044,4.76799999999997,True,True,SUBA
10553922,2021-10-29,PUENTE ARANDA,-74.125683362,4.62123476900001,True,True,KENNEDY
10559562,2021-12-24,KENNEDY,-74.119392993,4.67928692599997,True,True,ENGATIVA
10553699,2021-10-28,SANTA FE,-74.07648432,4.60029328100001,True,True,CANDELARIA
10559597,2021-12-24,ANTONIO NARIÑO,-74.099466666,4.578997641,True,True,RAFAEL URIBE URIBE
10559608,2021-12-27,SANTA FE,-74.077320298,4.60083385299998,True,True,CANDELARIA
10553250,2021-10-22,BOSA,-74.18177807,4.61890824199997,True,True,KENNEDY
10550740,2021-09-29,KENNEDY,-74.129266632,4.59384012300001,True,True,PUENTE ARANDA
10564355,2022-02-26,USAQUÉN,-74.043,4.68200000000002,True,True,CHAPINERO
10556937,2021-11-27,PUENTE ARANDA,-74.100043993,4.603129857,True,True,LOS MARTIRES
10554087,2021-11-02,SAN CRISTÓBAL,-74.097253729,4.57326100400002,True,True,RAFAEL URIBE URIBE
10558441,2021-12-14,FONTIBÓN,-74.154724187,4.64509751999998,True,True,KENNEDY
10558616,2021-12-16,KENNEDY,-74.145,4.59500000000003,True,True,TUNJUELITO
10550024,2021-09-19,SANTA FE,-74.073,4.59800000000001,True,True,CANDELARIA
10559621,2021-12-24,PUENTE ARANDA,-74.116364305,4.59490635999998,True,True,ANTONIO NARINO
10559636,2021-12-26,USAQUÉN,-74.045,4.76499999999999,True,True,SUBA
10564488,2022-03-01,USAQUÉN,-74.038,4.803,True,True,SUBA
10564663,2022-03-02,USAQUÉN,-74.141,4.60399999999998,True,True,KENNEDY
10553626,2021-10-26,BOSA,-74.174481287,4.612484838,True,True,KENNEDY
10550906,2021-09-24,PUENTE ARANDA,-74.115093765,4.59425409599999,True,True,ANTONIO NARINO
10552936,2021-10-20,RAFAEL URIBE URIBE,-74.08156548,4.60109290000003,True,True,SANTA FE
10550121,2021-09-18,BARRIOS UNIDOS,-74.083986155,4.64834742300002,True,True,TEUSAQUILLO
10558457,2021-12-13,TEUSAQUILLO,-74.089506318,4.66110528899998,True,True,BARRIOS UNIDOS
10558527,2021-12-15,TEUSAQUILLO,-74.086661939,4.62348625800001,True,True,PUENTE ARANDA
10566779,2022-03-27,ANTONIO NARIÑO,-74.098,4.57799999999997,True,True,RAFAEL URIBE URIBE
10560082,2022-01-03,FONTIBÓN,-74.11133647,4.66684784099999,True,True,ENGATIVA
10557863,2021-12-09,BARRIOS UNIDOS,-74.092,4.74299999999999,True,True,SUBA
10553713,2021-10-28,USME,-74.130890286,4.55889927800001,True,True,TUNJUELITO
10559136,2021-12-21,FONTIBÓN,-74.110206487,4.74722312900002,True,True,SUBA
10559138,2021-12-20,USME,-74.121218747,4.54852151799997,True,True,TUNJUELITO
10558911,2021-12-18,TUNJUELITO,-74.145957535,4.59530534599998,True,True,KENNEDY
10558912,2021-12-17,BOSA,-74.17780365,4.61189443000001,True,True,KENNEDY
10558915,2021-12-18,ANTONIO NARIÑO,-74.094844675,4.57574095299998,True,True,RAFAEL URIBE URIBE
10558938,2021-12-18,ANTONIO NARIÑO,-74.103323003,4.58185743899998,True,True,RAFAEL URIBE URIBE
10559455,2021-12-23,BARRIOS UNIDOS,-74.078717312,4.651429114,True,True,TEUSAQUILLO
10559458,2021-12-22,SAN CRISTÓBAL,-74.158402974,4.57071830400002,True,True,CIUDAD BOLIVAR
10549756,2021-09-16,LOS MÁRTIRES,-74.074802879,4.60884403,True,True,SANTA FE
10559559,2021-12-26,TUNJUELITO,-74.150263293,4.58032622000002,True,True,CIUDAD BOLIVAR
10559575,2021-12-24,USME,-74.121218747,4.54852151799997,True,True,TUNJUELITO
10560666,2022-01-13,TEUSAQUILLO,-74.092,4.61399999999998,True,True,PUENTE ARANDA
10560681,2022-01-14,PUENTE ARANDA,-74.113,4.59500000000003,True,True,ANTONIO NARINO
10558175,2021-12-11,BARRIOS UNIDOS,-74.057864102,4.68033024699997,True,True,CHAPINERO
10558956,2021-12-18,CIUDAD BOLÍVAR,-74.087,4.52499999999998,True,True,SAN CRISTOBAL
10549920,2021-09-17,ANTONIO NARIÑO,-74.136776191,4.597780441,True,True,KENNEDY
10555320,2021-11-15,BOSA,-74.224451913,4.620812215,True,False,Fuera de polígonos
10550454,2021-09-26,USAQUÉN,-74.065113277,4.742444955,True,True,SUBA
10558682,2021-12-16,TEUSAQUILLO,-74.161396285,4.59259016800002,True,True,CIUDAD BOLIVAR
10565745,2022-03-14,ANTONIO NARIÑO,-74.095,4.61000000000001,True,True,LOS MARTIRES
10565754,2022-03-12,CIUDAD BOLÍVAR,-74.121,4.54199999999997,True,True,USME
10565305,2022-03-10,ANTONIO NARIÑO,-74.111951914,4.588595129,True,True,RAFAEL URIBE URIBE
10560981,2022-01-20,FONTIBÓN,-74.120505196,4.681404778,True,True,ENGATIVA
10551509,2021-10-06,PUENTE ARANDA,-74.150835286,4.60321314499998,True,True,KENNEDY
10559422,2021-12-22,FONTIBÓN,-74.136728976,4.65088849199998,True,True,KENNEDY
10559425,2021-12-24,FONTIBÓN,-74.118774318,4.67955787800003,True,True,ENGATIVA
10559750,2021-12-27,SUBA,-74.043171323,4.74965248799998,True,True,USAQUEN
10550851,2021-09-30,BOSA,-74.178691755,4.61657627800003,True,True,KENNEDY
10550855,2021-09-30,BOSA,-74.167206751,4.59546040100003,True,True,CIUDAD BOLIVAR
10566370,2022-03-18,ANTONIO NARIÑO,-74.1,4.57900000000001,True,True,RAFAEL URIBE URIBE
10566511,2022-03-23,CIUDAD BOLÍVAR,-74.191,4.62,True,True,BOSA
10565428,2022-03-11,PUENTE ARANDA,-74.127,4.59300000000002,True,True,ANTONIO NARINO
10563624,2022-02-22,TUNJUELITO,-74.159,4.58199999999999,True,True,CIUDAD BOLIVAR
10563632,2022-02-21,CHAPINERO,-74.056,4.68700000000001,True,True,USAQUEN
10563670,2022-02-22,SANTA FE,-74.068,4.601,True,True,CANDELARIA
10557532,2021-12-03,USAQUÉN,-74.052568667,4.71732516499998,True,True,SUBA
10555496,2021-11-17,USME,-74.089957002,4.52055202000003,True,True,SAN CRISTOBAL
10559551,2021-12-27,ANTONIO NARIÑO,-74.11343849,4.596120063,True,True,PUENTE ARANDA
10566538,2022-03-25,TEUSAQUILLO,-74.073,4.61500000000001,True,True,SANTA FE
10557641,2021-12-06,RAFAEL URIBE URIBE,-74.078493098,4.60524182099999,True,True,SANTA FE
10557651,2021-12-06,CIUDAD BOLÍVAR,-74.125304251,4.59829068300002,True,True,PUENTE ARANDA
10557680,2021-11-06,USAQUÉN,-74.052194191,4.719527519,True,True,SUBA
10555803,2021-11-19,LOS MÁRTIRES,-74.085627527,4.62175954499997,True,True,PUENTE ARANDA
10555806,2021-11-20,TUNJUELITO,-74.11295238,4.54846084500002,True,True,RAFAEL URIBE URIBE
10552646,2021-10-15,BOSA,-74.178072857,4.57806758599997,True,True,CIUDAD BOLIVAR
10552652,2021-10-15,CIUDAD BOLÍVAR,-74.093752561,4.52766426099998,True,True,SAN CRISTOBAL
10558908,2021-12-18,BOSA,-74.177375653,4.62826108299998,True,True,KENNEDY
10558950,2021-12-18,CIUDAD BOLÍVAR,-74.081862709,4.578383546,True,True,SAN CRISTOBAL
10558865,2021-12-17,TUNJUELITO,-74.1393051,4.560585667,True,True,CIUDAD BOLIVAR
10558871,2021-12-16,RAFAEL URIBE URIBE,-74.12434214,4.56076718100002,True,True,TUNJUELITO
10558887,2021-12-16,SAN CRISTÓBAL,-74.094844675,4.57574095299998,True,True,RAFAEL URIBE URIBE
10557743,2021-12-05,TUNJUELITO,-74.113991304,4.57852524200001,True,True,RAFAEL URIBE URIBE
10559566,2021-12-25,PUENTE ARANDA,-74.122,4.51100000000002,True,True,USME
10559574,2021-12-23,ANTONIO NARIÑO,-74.103,4.58100000000002,True,True,RAFAEL URIBE URIBE
10559581,2021-12-23,CANDELARIA,-74.077797602,4.590342222,True,True,SANTA FE
10559584,2021-12-23,ANTONIO NARIÑO,-74.108929463,4.58445173699999,True,True,RAFAEL URIBE URIBE
10559585,2021-12-25,FONTIBÓN,-74.142950292,4.65311444399998,True,True,KENNEDY
10553906,2021-10-29,BOSA,-74.158255239,4.595976103,True,True,CIUDAD BOLIVAR
10556749,2021-11-27,FONTIBÓN,-74.106916299,4.65991522899998,True,True,ENGATIVA
10559322,2021-12-24,BARRIOS UNIDOS,-74.085895702,4.63271692400002,True,True,TEUSAQUILLO
10557694,2021-12-06,BOSA,-74.176372322,4.59646556500002,True,True,CIUDAD BOLIVAR
10557735,2021-12-07,TUNJUELITO,-74.144707032,4.59891898299998,True,True,KENNEDY
10555849,2021-11-19,SANTA FE,-74.07,4.62099999999998,True,True,TEUSAQUILLO
10557816,2021-12-08,BARRIOS UNIDOS,-74.081,4.68299999999999,True,True,ENGATIVA
10557840,2021-12-09,SANTA FE,-74.079577465,4.59727390199998,True,True,CANDELARIA
10551376,2021-10-03,TUNJUELITO,-74.142514823,4.56572784299999,True,True,CIUDAD BOLIVAR
10558474,2021-12-13,BOSA,-74.178946195,4.57915217599998,True,True,CIUDAD BOLIVAR
10566057,2022-03-16,KENNEDY,-74.196,4.60399999999998,True,True,BOSA
10557788,2021-12-08,RAFAEL URIBE URIBE,-74.122363674,4.55767410999999,True,True,TUNJUELITO
10558872,2021-12-16,TUNJUELITO,-74.151,4.596,True,True,KENNEDY
10558932,2021-12-18,TEUSAQUILLO,-74.112384882,4.58371902499999,True,True,RAFAEL URIBE URIBE
10553630,2021-10-26,CHAPINERO,-74.010747309,4.664210948,True,False,Fuera de polígonos
10553637,2021-10-26,RAFAEL URIBE URIBE,-74.114169884,4.51114463200003,True,True,USME
10555312,2021-11-13,BARRIOS UNIDOS,-74.071776122,4.68969141299999,True,True,SUBA
10555339,2021-11-12,USAQUÉN,-74.046111355,4.68380578300003,True,True,CHAPINERO
10555349,2021-11-16,TEUSAQUILLO,-74.077530769,4.62173692699997,True,True,LOS MARTIRES
10555377,2021-11-16,SANTA FE,-74.071956426,4.59981857499997,True,True,CANDELARIA
10558506,2021-12-14,SANTA FE,-74.077139425,4.60110516499998,True,True,CANDELARIA
10558519,2021-12-15,ANTONIO NARIÑO,-74.110712494,4.58858551100002,True,True,RAFAEL URIBE URIBE
10555236,2021-11-13,BARRIOS UNIDOS,-74.161396285,4.59259016800002,True,True,CIUDAD BOLIVAR
10556633,2021-11-25,PUENTE ARANDA,-74.091429885,4.61420824200002,True,True,LOS MARTIRES
10549329,2021-09-12,CHAPINERO,-74.013399972,4.66921342400002,True,True,USAQUEN
10557798,2021-12-08,USME,-74.151647098,4.55259239700001,True,True,CIUDAD BOLIVAR
10557810,2021-12-08,SANTA FE,-74.069605191,4.59602899200002,True,True,CANDELARIA
10558964,2021-12-19,ANTONIO NARIÑO,-74.089951137,4.58158772399997,True,True,SAN CRISTOBAL
10558127,2021-12-11,USAQUÉN,-74.044,4.767,True,True,SUBA
10553940,2021-10-30,CHAPINERO,-74.031019561,4.67721719100001,True,True,USAQUEN
10553946,2021-10-30,BOSA,-74.178637715,4.57950713899999,True,True,CIUDAD BOLIVAR
10550040,2021-09-20,FONTIBÓN,-74.11682134,4.68187855299999,True,True,ENGATIVA
10550053,2021-09-20,LOS MÁRTIRES,-74.094303391,4.61673387799999,True,True,PUENTE ARANDA
10559405,2021-12-22,ANTONIO NARIÑO,-74.106422241,4.58572672899999,True,True,RAFAEL URIBE URIBE
10559420,2021-12-22,USAQUÉN,-74.062039943,4.63917583099999,True,True,CHAPINERO
10568646,2022-04-15,TEUSAQUILLO,-74.078,4.62200000000001,True,True,LOS MARTIRES
10550516,2021-09-27,PUENTE ARANDA,-74.121321349,4.63221214800001,True,True,KENNEDY
10558511,2021-12-14,CHAPINERO,-74.06721162,4.65570136500003,True,True,BARRIOS UNIDOS
10558523,2021-12-15,BOSA,-74.163333042,4.59543899900001,True,True,CIUDAD BOLIVAR
10557573,2021-12-03,CIUDAD BOLÍVAR,-74.11272311,4.52576432900003,True,True,USME
10559027,2021-12-18,CIUDAD BOLÍVAR,-74.153272176,4.58669698,True,True,TUNJUELITO
10561231,2022-01-26,SAN CRISTÓBAL,-74.104907731,4.58163931199999,True,True,RAFAEL URIBE URIBE
10552937,2021-10-19,ENGATIVÁ,-74.087199785,4.67525440600002,True,True,BARRIOS UNIDOS
10549440,2021-09-13,ANTONIO NARIÑO,-74.12921436,4.59373549999998,True,True,PUENTE ARANDA
10549602,2021-09-14,KENNEDY,-74.135856552,4.65933316299999,True,True,FONTIBON
10549758,2021-09-16,PUENTE ARANDA,-74.115728978,4.64140467300001,True,True,FONTIBON
10563209,2022-02-11,USAQUÉN,-74.039,4.79700000000003,True,True,SUBA
10567637,2022-04-04,SANTA FE,-74.073,4.60000000000002,True,True,CANDELARIA
10552258,2021-10-13,SANTA FE,-74.08112499,4.602205443,True,True,LOS MARTIRES
10555254,2021-11-13,USAQUÉN,-74.070140163,4.64782744600001,True,True,TEUSAQUILLO
10550514,2021-09-24,RAFAEL URIBE URIBE,-74.121609086,4.55598166599998,True,True,TUNJUELITO
10559128,2021-12-19,FONTIBÓN,-74.138890475,4.65161297399999,True,True,KENNEDY
10559155,2021-12-20,USME,-74.116,4.54700000000003,True,True,RAFAEL URIBE URIBE
10557499,2021-12-03,ANTONIO NARIÑO,-74.127,4.59399999999999,True,True,PUENTE ARANDA
10563497,2022-02-19,SUBA,-74.094,4.71100000000001,True,True,ENGATIVA
10550758,2021-09-29,BOSA,-74.15808313,4.59611384300001,True,True,CIUDAD BOLIVAR
10558479,2021-12-13,SANTA FE,-74.079577465,4.59727390199998,True,True,CANDELARIA
10557444,2021-12-05,TUNJUELITO,-74.144707032,4.59891898299998,True,True,KENNEDY
10559315,2021-12-23,TEUSAQUILLO,-74.091667391,4.66827093799998,True,True,BARRIOS UNIDOS
10558990,2021-12-19,BOSA,-74.164917435,4.62485796599998,True,True,KENNEDY
10558526,2021-12-16,PUENTE ARANDA,-74.125683362,4.62123476900001,True,True,KENNEDY
10549791,2021-09-13,LOS MÁRTIRES,-74.081160323,4.59522860099997,True,True,SANTA FE
10559589,2021-12-25,CIUDAD BOLÍVAR,-74.112093753,4.517222172,True,True,USME
10546830,2021-08-12,CIUDAD BOLÍVAR,-74.142349904,4.58085573900001,True,True,TUNJUELITO
10547430,2021-08-20,KENNEDY,-74.179901711,4.59894330700001,True,True,BOSA
10540432,2021-05-23,CIUDAD BOLÍVAR,-74.137884816,4.57375210100003,True,True,TUNJUELITO
10543337,2021-06-30,BOSA,-74.183063204,4.59637803800001,True,True,CIUDAD BOLIVAR
10542548,2021-06-16,CIUDAD BOLÍVAR,-74.071258321,4.65001184900001,True,True,TEUSAQUILLO
10548354,2021-08-31,CANDELARIA,-74.079520546,4.59081567300001,True,True,SANTA FE
10541442,2021-06-05,SANTA FE,-74.073193273,4.59156353700001,True,True,CANDELARIA
10540502,2021-05-24,BOSA,-74.176805776,4.57806322200003,True,True,CIUDAD BOLIVAR
10544313,2021-07-13,CHAPINERO,-74.043538533,4.71664683,True,True,USAQUEN
10545011,2021-07-21,TUNJUELITO,-74.164101398,4.60061009899999,True,True,BOSA
10543468,2021-06-30,PUENTE ARANDA,-74.104951818,4.64121027700003,True,True,TEUSAQUILLO
10546303,2021-08-06,KENNEDY,-74.190661016,4.620513243,True,True,BOSA
10542644,2021-06-19,BOSA,-74.173139936,4.62275352199998,True,True,KENNEDY
10543564,2021-07-02,KENNEDY,-74.181345464,4.62201840099999,True,True,BOSA
10545874,2021-08-01,SANTA FE,-74.068832604,4.59307865699998,True,True,CANDELARIA
10539616,2021-05-10,TEUSAQUILLO,-74.07923009,4.61942691000002,True,True,LOS MARTIRES
10547009,2021-08-15,RAFAEL URIBE URIBE,-74.100240455,4.56781876999997,True,True,SAN CRISTOBAL
10548764,2021-09-04,CIUDAD BOLÍVAR,-74.135048387,4.56524978599998,True,True,TUNJUELITO
10539333,2021-05-06,USME,-74.138543782,4.55681246500001,True,True,CIUDAD BOLIVAR
10547255,2021-08-18,TUNJUELITO,-74.126820343,4.59976097499998,True,True,PUENTE ARANDA
10540348,2021-05-18,BOSA,-74.158,4.596,True,True,CIUDAD BOLIVAR
10543124,2021-06-26,SANTA FE,-74.088837144,4.61123850500002,True,True,LOS MARTIRES
10547631,2021-08-21,TUNJUELITO,-74.123564376,4.574303579,True,True,RAFAEL URIBE URIBE
10547957,2021-08-25,BOSA,-74.105537048,4.66780338400002,True,True,ENGATIVA
10539672,2021-05-11,BOSA,-74.153693182,4.59659476799999,True,True,CIUDAD BOLIVAR
10546667,2021-08-10,TUNJUELITO,-74.153558306,4.58118239300001,True,True,CIUDAD BOLIVAR
10540397,2021-05-21,TUNJUELITO,-74.169006794,4.59479177499998,True,True,CIUDAD BOLIVAR
10542420,2021-06-15,KENNEDY,-74.112727274,4.674425472,True,True,ENGATIVA
10544743,2021-07-17,PUENTE ARANDA,-74.107745798,4.59772437800001,True,True,ANTONIO NARINO
10544748,2021-07-17,CHAPINERO,-74.079122263,4.67232881199999,True,True,BARRIOS UNIDOS
10540433,2021-05-21,TEUSAQUILLO,-74.07910737,4.61947816000003,True,True,LOS MARTIRES
10546814,2021-08-12,BOSA,-74.163781807,4.586452275,True,True,CIUDAD BOLIVAR
10540830,2021-05-27,BOSA,-74.158255239,4.595976103,True,True,CIUDAD BOLIVAR
10543134,2021-06-26,LOS MÁRTIRES,-74.091521409,4.58954550599998,True,True,ANTONIO NARINO
10543213,2021-06-28,TUNJUELITO,-74.161917162,4.59563556900002,True,True,CIUDAD BOLIVAR
10540423,2021-05-24,ANTONIO NARIÑO,-74.122177543,4.59740360699999,True,True,PUENTE ARANDA
10545211,2021-07-25,RAFAEL URIBE URIBE,-74.091521409,4.58954550599998,True,True,ANTONIO NARINO
10542820,2021-06-22,USME,-74.121610211,4.55593375199999,True,True,TUNJUELITO
10540159,2021-05-19,CANDELARIA,-74.081539443,4.58980152399999,True,True,SANTA FE
10541767,2021-06-10,BOSA,-74.178691755,4.61657627800003,True,True,KENNEDY
10541998,2021-06-15,USME,-74.12655402,4.566753264,True,True,RAFAEL URIBE URIBE
10545367,2021-07-26,USME,-74.12655402,4.566753264,True,True,RAFAEL URIBE URIBE
10546915,2021-08-13,BOSA,-74.178691755,4.61657627800003,True,True,KENNEDY
10544252,2021-07-11,KENNEDY,-74.159595598,4.687132185,True,True,FONTIBON
10545725,2021-07-29,PUENTE ARANDA,-74.0943573,4.59703879400001,True,True,LOS MARTIRES
10548143,2021-08-01,CIUDAD BOLÍVAR,-74.122455822,4.598525779,True,True,PUENTE ARANDA
10542935,2021-06-24,CHAPINERO,-74.013399972,4.66921342400002,True,True,USAQUEN
10545816,2021-08-01,TUNJUELITO,-74.141403383,4.56219074799998,True,True,CIUDAD BOLIVAR
10548224,2021-08-30,SAN CRISTÓBAL,-74.099904985,4.57246735199999,True,True,RAFAEL URIBE URIBE
10546824,2021-08-12,PUENTE ARANDA,-74.110701864,4.58879810600001,True,True,ANTONIO NARINO
10549046,2021-09-08,KENNEDY,-74.196066477,4.62424424199997,True,True,BOSA
10549146,2021-09-08,CIUDAD BOLÍVAR,-74.14224917,4.58058087000001,True,True,TUNJUELITO
10547027,2021-08-15,TEUSAQUILLO,-74.08464192,4.62310285000001,True,True,PUENTE ARANDA
10540261,2021-05-20,KENNEDY,-74.1537347,4.57437834000001,True,True,CIUDAD BOLIVAR
10541397,2021-06-04,BOSA,-74.177211509,4.59030554899999,True,True,CIUDAD BOLIVAR
10540917,2021-05-29,BOSA,-74.177567045,4.61356190700002,True,True,KENNEDY
10540319,2021-05-21,PUENTE ARANDA,-74.116902489,4.59139980100002,True,True,ANTONIO NARINO
10547636,2021-08-22,TEUSAQUILLO,-74.08464192,4.62310285000001,True,True,PUENTE ARANDA
10543619,2021-07-02,RAFAEL URIBE URIBE,-74.089746435,4.57777685799999,True,True,SAN CRISTOBAL
10540376,2021-05-22,TUNJUELITO,-74.153654978,4.59642298099999,True,True,CIUDAD BOLIVAR
10546104,2021-08-03,BOSA,-74.158,4.596,True,True,CIUDAD BOLIVAR
10545112,2021-07-23,BOSA,-74.173008002,4.60844637500003,True,True,KENNEDY
10545129,2021-07-22,BOSA,-74.15808313,4.59611384300001,True,True,CIUDAD BOLIVAR
10548761,2021-09-03,SANTA FE,-74.06962309,4.59425402099998,True,True,CANDELARIA
10547900,2021-08-25,CHAPINERO,-74.016721017,4.67180875600002,True,True,USAQUEN
10544441,2021-07-14,KENNEDY,-74.182507758,4.62762171499998,True,True,BOSA
10548468,2021-08-31,CIUDAD BOLÍVAR,-74.150472525,4.595240424,True,True,TUNJUELITO
10545189,2021-07-22,CHAPINERO,-74.055269507,4.69576200699998,True,True,USAQUEN
10545212,2021-07-24,ANTONIO NARIÑO,-74.121610896,4.58456042500001,True,True,RAFAEL URIBE URIBE
10544178,2021-07-10,BARRIOS UNIDOS,-74.120799552,4.63240325499999,True,True,PUENTE ARANDA
10539756,2021-05-10,TEUSAQUILLO,-74.09574954,4.60983163700001,True,True,PUENTE ARANDA
10539317,2021-05-06,TUNJUELITO,-74.121873296,4.58119137,True,True,RAFAEL URIBE URIBE
10545743,2021-08-02,ANTONIO NARIÑO,-74.099083818,4.62054538000001,True,True,PUENTE ARANDA
10545744,2021-07-30,BOSA,-74.179104214,4.61921889500002,True,True,KENNEDY
10547271,2021-08-18,BOSA,-74.155704281,4.59662534699999,True,True,CIUDAD BOLIVAR
10591748,2023-05-30,SANTA FE,-74.071277656,4.59694129274,True,True,CANDELARIA
10598262,2023-11-11,TUNJUELITO,-74.14097753947,4.59548686331,True,True,KENNEDY
10590298,2023-04-23,BARRIOS UNIDOS,-74.071208435,4.689598708,True,True,SUBA
10590305,2023-04-23,SAN CRISTÓBAL,-74.0979066271,4.57207655853,True,True,RAFAEL URIBE URIBE
10586706,2023-01-25,BOSA,-74.1672890342,4.59565408384,True,True,CIUDAD BOLIVAR
10586994,2023-01-30,TUNJUELITO,-74.117339523,4.62587495299999,True,True,PUENTE ARANDA
10587310,2023-02-08,PUENTE ARANDA,-74.13512378808,4.59957488632,True,True,KENNEDY
10590052,2023-04-15,LOS MÁRTIRES,-74.10054592078,4.60363590753,True,True,PUENTE ARANDA
10590248,2023-04-22,RAFAEL URIBE URIBE,-74.09463521277,4.57570831202,True,True,SAN CRISTOBAL
10592909,2023-06-25,BARRIOS UNIDOS,-74.05893443119,4.6748595413,True,True,CHAPINERO
10586873,2023-01-29,FONTIBÓN,-74.14269861034,4.65286962515,True,True,KENNEDY
10586874,2023-01-28,BARRIOS UNIDOS,-74.09870056097,4.65962864472,True,True,ENGATIVA
10586885,2023-01-30,USAQUÉN,-74.03832647466,4.67972412654,True,True,CHAPINERO
10592108,2023-06-06,SANTA FE,-74.07194284384,4.5903642537,True,True,CANDELARIA
10592113,2023-06-06,USME,-74.12110237066,4.54698101745,True,True,RAFAEL URIBE URIBE
10593900,2023-07-19,RAFAEL URIBE URIBE,-74.12660269766,4.56612300527,True,True,TUNJUELITO
10594043,2023-07-28,USAQUÉN,-74.05495109579,4.70297999665,True,True,SUBA
10587099,2023-02-03,BOSA,-74.17541668237,4.59657070012,True,True,CIUDAD BOLIVAR
10587417,2023-02-10,BOSA,-74.17167810385,4.61350271707,True,True,KENNEDY
10587932,2023-02-21,ENGATIVÁ,-74.12185924081,4.6929814632,True,True,FONTIBON
10588790,2023-03-15,KENNEDY,-74.067219792,4.60489118700002,True,True,SANTA FE
10586766,2023-01-27,TEUSAQUILLO,-74.08014552686,4.65251556914,True,True,BARRIOS UNIDOS
10587885,2023-02-21,BOSA,-74.14838482833,4.59515047863,True,True,KENNEDY
10588376,2023-03-03,CANDELARIA,-74.0836255706,4.59115661239,True,True,SANTA FE
10590634,2023-05-02,PUENTE ARANDA,-74.09482184339,4.61026552144,True,True,LOS MARTIRES
10592027,2023-06-05,BOSA,-74.18361393396,4.59636112547,True,True,CIUDAD BOLIVAR
10592036,2023-06-04,PUENTE ARANDA,-74.08685205835,4.6458168996,True,True,TEUSAQUILLO
10586598,2023-01-19,USAQUÉN,-74.05190079347,4.71908552816,True,True,SUBA
10586608,2023-01-21,USAQUÉN,-74.05492218504,4.70303865318,True,True,SUBA
10586653,2023-01-25,USME,-74.12658480589,4.52573495048,True,True,CIUDAD BOLIVAR
10586654,2023-01-24,FONTIBÓN,-74.13567322268,4.70522629339,True,True,ENGATIVA
10579551,2022-08-29,KENNEDY,-74.097908012,4.61931764000002,True,True,PUENTE ARANDA
10585509,2022-12-24,BOSA,-74.1580953974,4.59600019168,True,True,CIUDAD BOLIVAR
10579158,2022-08-24,RAFAEL URIBE URIBE,-74.097908012,4.61931764000002,True,True,PUENTE ARANDA
10590315,2023-04-22,FONTIBÓN,-74.1116920254,4.66655413485,True,True,ENGATIVA
10592854,2023-06-24,KENNEDY,-74.11200689263,4.67880588263,True,True,ENGATIVA
10588404,2023-03-06,SANTA FE,-74.07755139742,4.60704409089,True,True,LOS MARTIRES
10589600,2023-04-04,USAQUÉN,-74.05142930929,4.72346518701,True,True,SUBA
10589182,2023-03-24,FONTIBÓN,-74.13358438061,4.64750372893,True,True,KENNEDY
10590267,2023-04-23,ANTONIO NARIÑO,-74.07486615216,4.60758383988,True,True,SANTA FE
10590269,2023-04-23,PUENTE ARANDA,-74.118143982,4.59431753000001,True,True,ANTONIO NARINO
10590091,2023-04-17,USAQUÉN,-74.04644770663,4.75433029858,True,True,SUBA
10593941,2023-07-23,BOSA,-74.17613310718,4.59668557389,True,True,CIUDAD BOLIVAR
10586971,2023-01-31,SAN CRISTÓBAL,-74.12778643553,4.58492077228,True,True,RAFAEL URIBE URIBE
10586984,2023-01-30,PUENTE ARANDA,-74.10992588929,4.59640702688,True,True,ANTONIO NARINO
10587689,2023-02-17,SANTA FE,-74.079577465,4.59727390199998,True,True,CANDELARIA
10591026,2023-05-11,TEUSAQUILLO,-74.10547313874,4.65095893678,True,True,FONTIBON
10587221,2023-02-05,FONTIBÓN,-74.14264054147,4.65332693706,True,True,KENNEDY
10587228,2023-02-02,PUENTE ARANDA,-74.07885221426,4.64061556559,True,True,TEUSAQUILLO
10587252,2023-02-04,FONTIBÓN,-74.14255688376,4.6533097358,True,True,KENNEDY
10587254,2023-02-05,PUENTE ARANDA,-74.084974078,4.589501009,True,True,SANTA FE
10586940,2023-01-31,TEUSAQUILLO,-74.107713113,4.64824380531,True,True,FONTIBON
10588103,2023-02-28,RAFAEL URIBE URIBE,-74.10077122633,4.56869702686,True,True,SAN CRISTOBAL
10587992,2023-02-26,PUENTE ARANDA,-74.12565433524,4.62050276162,True,True,KENNEDY
10589839,2023-04-12,PUENTE ARANDA,-74.0867771795,4.6457715772,True,True,TEUSAQUILLO
10589743,2023-04-08,PUENTE ARANDA,-74.12240181008,4.6290896717,True,True,KENNEDY
10589755,2023-04-08,SAN CRISTÓBAL,-74.11067199333,4.5613361641,True,True,RAFAEL URIBE URIBE
10589782,2023-04-09,USAQUÉN,-74.05376948953,4.70938614291,True,True,SUBA
10582761,2022-10-17,SANTA FE,-74.071,4.594,True,True,CANDELARIA
10585579,2022-12-22,SANTA FE,-74.08040984592,4.59604102193,True,True,CANDELARIA
10600740,2024-01-19,FONTIBÓN,-74.1163675498,4.67450880409,True,True,ENGATIVA
10604060,2024-04-14,PUENTE ARANDA,-74.13285044517,4.60309633553,True,True,KENNEDY
10589238,2023-03-27,SAN CRISTÓBAL,-74.06722446099,4.58230419562,True,True,SANTA FE
10589291,2023-03-24,BOSA,-74.10710123961,4.69367552709,True,True,ENGATIVA
10591879,2023-06-01,BARRIOS UNIDOS,-74.06002335136,4.6680419316,True,True,CHAPINERO
10587369,2023-02-08,FONTIBÓN,-74.15136890439,4.65955670771,True,True,KENNEDY
10588472,2023-03-06,CHAPINERO,-74.07010399139,4.62311340685,True,True,TEUSAQUILLO
10588579,2023-03-10,CANDELARIA,-74.07134202902,4.58962633821,True,True,SANTA FE
10589298,2023-03-27,ENGATIVÁ,-74.12104823863,4.67689726196,True,True,FONTIBON
10591123,2023-05-13,SAN CRISTÓBAL,-74.09602371638,4.59386666821,True,True,ANTONIO NARINO
10587901,2023-02-24,PUENTE ARANDA,-74.08997033354,4.61116247665,True,True,LOS MARTIRES
10588152,2023-02-28,SANTA FE,-74.11923823748,4.57604530755,True,True,RAFAEL URIBE URIBE
10588265,2023-03-02,TUNJUELITO,-74.13719100367,4.59511977867,True,True,PUENTE ARANDA
10592535,2023-06-16,SANTA FE,-74.07704021195,4.59940252321,True,True,CANDELARIA
10590006,2023-04-15,SANTA FE,-74.07812824426,4.57429669866,True,True,SAN CRISTOBAL
10591476,2023-05-21,TUNJUELITO,-74.12853579484,4.5867060676,True,True,RAFAEL URIBE URIBE
10589988,2023-04-15,CIUDAD BOLÍVAR,-74.14411037766,4.58662294996,True,True,TUNJUELITO
10591302,2023-05-21,BARRIOS UNIDOS,-74.08148585327,4.65257067181,True,True,TEUSAQUILLO
10591310,2023-05-16,TUNJUELITO,-74.12337688391,4.58520150294,True,True,RAFAEL URIBE URIBE
10591338,2023-05-15,FONTIBÓN,-74.11161807959,4.66651514506,True,True,ENGATIVA
10591379,2023-05-21,FONTIBÓN,-74.119392993,4.67928692599997,True,True,ENGATIVA
10593418,2023-07-11,ENGATIVÁ,-74.07888206393,4.68386081008,True,True,BARRIOS UNIDOS
10593423,2023-07-10,FONTIBÓN,-74.1196155528,4.67903732466,True,True,ENGATIVA
10593454,2023-07-11,ANTONIO NARIÑO,-74.09718000495,4.57757355194,True,True,RAFAEL URIBE URIBE
10587172,2023-02-07,PUENTE ARANDA,-74.09690787095,4.64266874587,True,True,TEUSAQUILLO
10588160,2023-02-27,TUNJUELITO,-74.13918062297,4.56161881984,True,True,CIUDAD BOLIVAR
10580704,2022-09-14,PUENTE ARANDA,-74.093,4.64100000000002,True,True,TEUSAQUILLO
10580715,2022-09-14,FONTIBÓN,-74.118,4.637,True,True,PUENTE ARANDA
10589870,2023-04-13,KENNEDY,-74.1187634844,4.65501443788,True,True,FONTIBON
10604088,2024-04-12,LOS MÁRTIRES,-74.08643750136,4.62083735632,True,True,PUENTE ARANDA
10588583,2023-03-08,PUENTE ARANDA,-74.12146251862,4.6317115742,True,True,KENNEDY
10588777,2023-03-13,ANTONIO NARIÑO,-74.12156371062,4.58459993711,True,True,RAFAEL URIBE URIBE
10590439,2023-04-29,CIUDAD BOLÍVAR,-74.116419289,4.52220274899997,True,True,USME
10592390,2023-06-14,TEUSAQUILLO,-74.10342682908,4.65395669999,True,True,ENGATIVA
10592514,2023-06-17,KENNEDY,-74.11881613695,4.67966350709,True,True,ENGATIVA
10592849,2023-06-23,ENGATIVÁ,-74.12056600816,4.69213087031,True,True,FONTIBON
10591789,2023-05-30,ANTONIO NARIÑO,-74.09975131996,4.5793441895,True,True,RAFAEL URIBE URIBE
10592782,2023-06-23,CIUDAD BOLÍVAR,-74.11618287773,4.54454130704,True,True,RAFAEL URIBE URIBE
10589401,2023-03-30,KENNEDY,-74.12106389465,4.59403115537,True,True,PUENTE ARANDA
10589538,2023-04-02,TUNJUELITO,-74.125077099,4.56422764400003,True,True,RAFAEL URIBE URIBE
10586942,2023-01-31,BARRIOS UNIDOS,-74.06274335477,4.68862750816,True,True,SUBA
10588474,2023-03-08,SANTA FE,-74.05661816443,4.62399935991,True,True,CHAPINERO
10587589,2023-02-15,TEUSAQUILLO,-74.13240803958,4.58054757855,True,True,TUNJUELITO
10587879,2023-02-17,CIUDAD BOLÍVAR,-74.094667224,4.68144188100001,True,True,ENGATIVA
10588687,2023-03-11,KENNEDY,-74.154023259,4.59781231800002,True,True,CIUDAD BOLIVAR
10592183,2023-06-09,CIUDAD BOLÍVAR,-74.13933066313,4.57319950065,True,True,TUNJUELITO
10592192,2023-06-08,SANTA FE,-74.07120389526,4.59300577097,True,True,CANDELARIA
10593181,2023-07-04,TUNJUELITO,-74.13030169853,4.58594887054,True,True,RAFAEL URIBE URIBE
10593645,2023-07-16,BOSA,-74.18491151516,4.61566767597,True,True,KENNEDY
10593666,2023-07-18,ENGATIVÁ,-74.12936605616,4.68794899241,True,True,FONTIBON
10592019,2023-06-03,BOSA,-74.16734691407,4.59570498681,True,True,CIUDAD BOLIVAR
10593165,2023-07-03,LOS MÁRTIRES,-74.07515581633,4.61065460148,True,True,SANTA FE
10590749,2023-05-03,FONTIBÓN,-74.14264224436,4.65336258617,True,True,KENNEDY
10590750,2023-05-04,TUNJUELITO,-74.14535401849,4.5953659587,True,True,KENNEDY
10592442,2023-06-11,CHAPINERO,-74.06800125642,4.63165939107,True,True,TEUSAQUILLO
10591445,2023-05-20,CIUDAD BOLÍVAR,-74.10925801558,4.53612965649,True,True,USME
10591451,2023-05-20,TUNJUELITO,-74.13804991718,4.56222155167,True,True,CIUDAD BOLIVAR
10591477,2023-05-25,USAQUÉN,-74.03983643545,4.67199727025,True,True,CHAPINERO
10588863,2023-03-22,SANTA FE,-74.0683287522,4.60111383005,True,True,CANDELARIA
10588991,2023-03-16,BOSA,-74.17867915625,4.59680518292,True,True,CIUDAD BOLIVAR
10589363,2023-03-29,PUENTE ARANDA,-74.10148469393,4.60242745936,True,True,LOS MARTIRES
10589458,2023-04-01,KENNEDY,-74.11864189131,4.60081619326,True,True,PUENTE ARANDA
10580576,2022-09-13,TUNJUELITO,-74.137,4.55900000000003,True,True,CIUDAD BOLIVAR
10580586,2022-09-12,KENNEDY,-74.122,4.62900000000002,True,True,PUENTE ARANDA
10580678,2022-09-14,SANTA FE,-74.072,4.61700000000002,True,True,TEUSAQUILLO
10580836,2022-09-17,PUENTE ARANDA,-74.139,4.60599999999999,True,True,KENNEDY
10587492,2023-02-12,SANTA FE,-74.05846057288,4.62492262738,True,True,CHAPINERO
10587649,2023-02-17,BARRIOS UNIDOS,-74.0676427752,4.68981794834,True,True,SUBA
10589266,2023-03-26,SANTA FE,-74.10191086754,4.58078792996,True,True,RAFAEL URIBE URIBE
10589636,2023-04-08,LOS MÁRTIRES,-74.09600762312,4.59388270977,True,True,ANTONIO NARINO
10589637,2023-04-08,BOSA,-74.17866042607,4.59680256824,True,True,CIUDAD BOLIVAR
10593409,2023-07-11,TEUSAQUILLO,-74.10063711588,4.65731887173,True,True,ENGATIVA
10593507,2023-07-12,ANTONIO NARIÑO,-74.1027977106,4.59517040894,True,True,LOS MARTIRES
10592615,2023-06-21,BOSA,-74.1750187352,4.61717370513,True,True,KENNEDY
10590900,2023-05-06,FONTIBÓN,-74.11162049598,4.66659903452,True,True,ENGATIVA
10589653,2023-04-06,SANTA FE,-74.08742991869,4.59379715481,True,True,LOS MARTIRES
10592510,2023-06-17,KENNEDY,-74.06854356768,4.73070170928,True,True,SUBA
10592518,2023-06-17,BOSA,-74.14932579339,4.64685765855,True,True,KENNEDY
10592583,2023-06-17,SUBA,-74.06847206537,4.68944114322,True,True,BARRIOS UNIDOS
10592584,2023-06-18,CIUDAD BOLÍVAR,-74.11911527284,4.52075891352,True,True,USME
10592065,2023-06-06,KENNEDY,-74.11285842214,4.66494372821,True,True,FONTIBON
10588204,2023-02-27,BARRIOS UNIDOS,-74.0910256847,4.66976716978,True,True,ENGATIVA
10588549,2023-03-08,PUENTE ARANDA,-74.104166033,4.64383492299999,True,True,TEUSAQUILLO
10593246,2023-07-05,PUENTE ARANDA,-74.12378929393,4.62592896613,True,True,KENNEDY
10593486,2023-07-12,ANTONIO NARIÑO,-74.12220619399,4.58775624492,True,True,RAFAEL URIBE URIBE
10591684,2023-05-15,ANTONIO NARIÑO,-74.114108892,4.58840258700002,True,True,RAFAEL URIBE URIBE
10591690,2023-05-27,BOSA,-74.15813271958,4.5960652656,True,True,CIUDAD BOLIVAR
10591693,2023-05-16,TEUSAQUILLO,-74.0669324774,4.65627091667,True,True,BARRIOS UNIDOS
10591960,2023-06-03,FONTIBÓN,-74.14323506023,4.66047966077,True,True,KENNEDY
10592451,2023-06-16,SAN CRISTÓBAL,-74.08263582286,4.5904680116,True,True,SANTA FE
10592779,2023-06-20,SANTA FE,-74.07933852787,4.58315581498,True,True,SAN CRISTOBAL
10593135,2023-07-01,RAFAEL URIBE URIBE,-74.09788445827,4.57202691108,True,True,SAN CRISTOBAL
10593137,2023-07-01,BOSA,-74.17673755966,4.61255543145,True,True,KENNEDY
10591586,2023-05-26,BOSA,-74.16727300665,4.59567537782,True,True,CIUDAD BOLIVAR
10579292,2022-08-25,LOS MÁRTIRES,-74.097908012,4.61931764000002,True,True,PUENTE ARANDA
10579295,2022-08-25,CIUDAD BOLÍVAR,-74.097908012,4.61931764000002,True,True,PUENTE ARANDA
10579296,2022-08-26,USAQUÉN,-74.097908012,4.61931764000002,True,True,PUENTE ARANDA
10579298,2022-08-26,SUBA,-74.097908012,4.61931764000002,True,True,PUENTE ARANDA
10579307,2022-08-25,BOSA,-74.097908012,4.61931764000002,True,True,PUENTE ARANDA
10579329,2022-08-26,TEUSAQUILLO,-74.097908012,4.61931764000002,True,True,PUENTE ARANDA
10584898,2022-12-06,SANTA FE,-74.079131164,4.59829947047,True,True,CANDELARIA
10584902,2022-12-06,LOS MÁRTIRES,-74.09248372327,4.61352697029,True,True,PUENTE ARANDA
10584921,2022-12-06,CANDELARIA,-74.07960323279,4.59081341927,True,True,SANTA FE
10585054,2022-12-10,CANDELARIA,-74.08922699873,4.57980878144,True,True,SAN CRISTOBAL
10590137,2023-04-19,PUENTE ARANDA,-74.13795137888,4.59490032186,True,True,TUNJUELITO
10591585,2023-05-23,CIUDAD BOLÍVAR,-74.13709370081,4.56574527098,True,True,TUNJUELITO
10592624,2023-06-20,TEUSAQUILLO,-74.07803950493,4.65225819676,True,True,BARRIOS UNIDOS
10592921,2023-06-26,SANTA FE,-74.07634305938,4.59649531703,True,True,CANDELARIA
10592945,2023-06-27,CHAPINERO,-74.06789249447,4.62736297252,True,True,SANTA FE
10593126,2023-07-01,CANDELARIA,-74.0773153085,4.59015036523,True,True,SANTA FE
10591895,2023-06-02,CHAPINERO,-74.06524113514,4.64722251707,True,True,TEUSAQUILLO
10589048,2023-03-20,ANTONIO NARIÑO,-74.11368191894,4.59630935483,True,True,PUENTE ARANDA
10589227,2023-03-27,SANTA FE,-74.07992758059,4.60378700711,True,True,LOS MARTIRES
10591193,2023-05-16,BOSA,-74.16402844374,4.59548686331,True,True,CIUDAD BOLIVAR
10591018,2023-05-10,PUENTE ARANDA,-74.12140754659,4.63169580612,True,True,KENNEDY
10591028,2023-05-11,KENNEDY,-74.16198816704,4.59919875308,True,True,BOSA
10591031,2023-05-11,ANTONIO NARIÑO,-74.10963860934,4.58432722711,True,True,RAFAEL URIBE URIBE
10591058,2023-05-12,BOSA,-74.15491966193,4.59626755006,True,True,CIUDAD BOLIVAR
10587078,2023-02-04,ENGATIVÁ,-74.12003490201,4.65649324919,True,True,FONTIBON
10587085,2023-02-03,TEUSAQUILLO,-74.07001165335,4.65060337756,True,True,BARRIOS UNIDOS
10579330,2022-08-25,BOSA,-74.097908012,4.61931764000002,True,True,PUENTE ARANDA
10579489,2022-08-28,BOSA,-74.097908012,4.61931764000002,True,True,PUENTE ARANDA
10579514,2022-08-27,CHAPINERO,-74.097908012,4.61931764000002,True,True,PUENTE ARANDA
10579515,2022-08-28,SUBA,-74.097908012,4.61931764000002,True,True,PUENTE ARANDA
10579529,2022-08-28,TUNJUELITO,-74.097908012,4.61931764000002,True,True,PUENTE ARANDA
10579594,2022-08-29,KENNEDY,-74.097908012,4.61931764000002,True,True,PUENTE ARANDA
10579928,2022-08-02,LOS MÁRTIRES,-74.096,4.60899999999998,True,True,PUENTE ARANDA
10585130,2022-12-13,LOS MÁRTIRES,-74.09038571303,4.61614803781,True,True,PUENTE ARANDA
10588823,2023-03-18,CIUDAD BOLÍVAR,-74.14068249647,4.57695867027,True,True,TUNJUELITO
10588911,2023-03-17,FONTIBÓN,-74.10434667781,4.65584924433,True,True,ENGATIVA
10603176,2024-03-18,SANTA FE,-74.08171681349,4.60117623209,True,True,LOS MARTIRES
10603218,2024-03-23,TUNJUELITO,-74.1272124428,4.59344958769,True,True,PUENTE ARANDA
10592649,2022-12-08,PUENTE ARANDA,-74.09507909998,4.59559833992,True,True,LOS MARTIRES
10592966,2023-06-26,PUENTE ARANDA,-74.10982636397,4.59631032739,True,True,ANTONIO NARINO
10592970,2023-06-28,USAQUÉN,-74.05304463863,4.71388439696,True,True,SUBA
10592984,2023-06-28,ANTONIO NARIÑO,-74.09465370596,4.57574546874,True,True,RAFAEL URIBE URIBE
10593148,2023-07-01,ENGATIVÁ,-74.11985782568,4.67858774419,True,True,FONTIBON
10586954,2023-02-01,KENNEDY,-74.18989114016,4.60355723459,True,True,BOSA
10588175,2023-02-27,PUENTE ARANDA,-74.11573659494,4.63994032758,True,True,FONTIBON
10591066,2023-05-12,USME,-74.12108627741,4.5470986632,True,True,RAFAEL URIBE URIBE
10592515,2023-06-16,LOS MÁRTIRES,-74.07841218185,4.60382459555,True,True,SANTA FE
10592020,2023-06-04,BOSA,-74.17536882345,4.596556297,True,True,CIUDAD BOLIVAR
10592023,2023-06-05,BOSA,-74.15370291043,4.59657522507,True,True,CIUDAD BOLIVAR
10591669,2023-05-19,LOS MÁRTIRES,-74.06539789846,4.60271824346,True,True,CANDELARIA
10591757,2023-05-30,TEUSAQUILLO,-74.06767099467,4.62510882341,True,True,SANTA FE
10594169,2023-07-30,TEUSAQUILLO,-74.09199503844,4.66454758042,True,True,BARRIOS UNIDOS
10594170,2023-07-29,SUBA,-74.03471984772,4.82120191698,True,True,USAQUEN
10591194,2023-05-18,ANTONIO NARIÑO,-74.088644873,4.59185230700001,True,True,SANTA FE
10591196,2023-05-18,PUENTE ARANDA,-74.10712619975,4.59815675275,True,True,ANTONIO NARINO
10591202,2023-05-18,USAQUÉN,-74.050790824,4.72746162175,True,True,SUBA
10593414,2023-07-10,SUBA,-74.04248542901,4.77311801629,True,True,USAQUEN
10589633,2023-04-06,USAQUÉN,-74.05417134055,4.70704473661,True,True,SUBA
10589675,2023-04-07,BARRIOS UNIDOS,-74.06522659247,4.68922728477,True,True,SUBA
10582512,2022-10-10,SANTA FE,-74.068,4.601,True,True,CANDELARIA
10589085,2023-03-22,TUNJUELITO,-74.125077099,4.56422764400003,True,True,RAFAEL URIBE URIBE
10606650,2024-06-22,FONTIBÓN,-74.11644230917,4.67446875193,True,True,ENGATIVA
10606657,2024-06-23,CHAPINERO,-74.06391231005,4.65309763506,True,True,BARRIOS UNIDOS
10603007,2024-03-16,FONTIBÓN,-74.14984645592,4.6591098657,True,True,KENNEDY
10586747,2023-01-26,FONTIBÓN,-74.11639569266,4.67453531494,True,True,ENGATIVA
10593707,2023-07-16,TUNJUELITO,-74.1452476572,4.59517496105,True,True,KENNEDY
10590868,2023-05-05,SAN CRISTÓBAL,-74.08987149391,4.58215958156,True,True,ANTONIO NARINO
10592519,2023-06-15,ANTONIO NARIÑO,-74.08510500625,4.59503102701,True,True,SANTA FE
10586810,2023-01-28,BARRIOS UNIDOS,-74.0938249324,4.6661010701,True,True,ENGATIVA
10588620,2023-03-12,SANTA FE,-74.06924483981,4.62449021109,True,True,TEUSAQUILLO
10588855,2023-03-16,SANTA FE,-74.07804529634,4.60000132816,True,True,CANDELARIA
10588862,2023-03-17,SANTA FE,-74.07908824866,4.59821391605,True,True,CANDELARIA
10586808,2023-01-27,PUENTE ARANDA,-74.11306262051,4.64262405904,True,True,FONTIBON
10587406,2023-02-11,ANTONIO NARIÑO,-74.09328932478,4.60278814512,True,True,LOS MARTIRES
10588536,2022-11-10,FONTIBÓN,-74.09056810324,4.68289169844,True,True,ENGATIVA
10591559,2023-05-26,SAN CRISTÓBAL,-74.09790716984,4.5721089555,True,True,RAFAEL URIBE URIBE
10582534,2022-10-10,TUNJUELITO,-74.138,4.595,True,True,KENNEDY
10582546,2022-10-10,ANTONIO NARIÑO,-74.082959537,4.617134335,True,True,LOS MARTIRES
10589509,2023-04-01,ANTONIO NARIÑO,-74.0993948943,4.57903868713,True,True,RAFAEL URIBE URIBE
10603757,2024-04-06,CIUDAD BOLÍVAR,-74.14163155098,4.57910814091,True,True,TUNJUELITO
10604287,2024-04-18,SANTA FE,-74.07332100487,4.59014181564,True,True,CANDELARIA
10604342,2024-04-19,ANTONIO NARIÑO,-74.126664036,4.59381710337,True,True,PUENTE ARANDA
10587703,2023-02-17,CHAPINERO,-74.06706122343,4.63649849274,True,True,TEUSAQUILLO
10587910,2023-02-23,PUENTE ARANDA,-74.12638397626,4.61809631465,True,True,KENNEDY
10593112,2023-06-30,RAFAEL URIBE URIBE,-74.10122680343,4.54809407536,True,True,SAN CRISTOBAL
10593139,2023-07-01,BARRIOS UNIDOS,-74.08794727328,4.67446796226,True,True,ENGATIVA
10590912,2023-05-07,FONTIBÓN,-74.13735709041,4.65091200564,True,True,KENNEDY
10590969,2023-05-09,USAQUÉN,-74.03716602889,4.80950138065,True,True,SUBA
10591814,2023-06-01,ANTONIO NARIÑO,-74.08900169317,4.59182938797,True,True,LOS MARTIRES
10588082,2023-02-26,USAQUÉN,-74.05444398397,4.70674760472,True,True,SUBA
10593873,2023-07-22,ENGATIVÁ,-74.07756971115,4.6816843206,True,True,BARRIOS UNIDOS
10593922,2023-07-23,BOSA,-74.17541445755,4.5965903756,True,True,CIUDAD BOLIVAR
10586895,2023-01-30,BARRIOS UNIDOS,-74.071208435,4.689598708,True,True,SUBA
10586941,2023-02-01,SANTA FE,-74.087912478,4.59951147300001,True,True,LOS MARTIRES
10590701,2023-05-01,USAQUÉN,-74.04090248298,4.78654093218,True,True,SUBA
10587320,2023-02-10,LOS MÁRTIRES,-74.08449558203,4.59713379052,True,True,SANTA FE
10587335,2023-02-08,SANTA FE,-74.06905455159,4.62534932966,True,True,TEUSAQUILLO
10587455,2023-02-10,FONTIBÓN,-74.14658039854,4.65943795122,True,True,KENNEDY
10587702,2023-02-16,PUENTE ARANDA,-74.12190703337,4.63058483703,True,True,KENNEDY
10589772,2023-04-10,BOSA,-74.17127392653,4.59600726126,True,True,CIUDAD BOLIVAR
10589805,2023-04-12,SAN CRISTÓBAL,-74.09457209644,4.57585209927,True,True,ANTONIO NARINO
10589855,2023-04-12,SANTA FE,-74.07525822654,4.61072163003,True,True,LOS MARTIRES
10589960,2023-04-13,PUENTE ARANDA,-74.10072092209,4.63557295111,True,True,TEUSAQUILLO
10590731,2023-05-03,KENNEDY,-74.17854932513,4.62375963246,True,True,BOSA
10588206,2023-02-28,BARRIOS UNIDOS,-74.08738163893,4.6753584245,True,True,ENGATIVA
10588697,2023-03-11,CHAPINERO,-74.06640408222,4.64041505935,True,True,TEUSAQUILLO
10588710,2023-03-14,SANTA FE,-74.16428769522,4.37080464889,True,True,USME
10591644,2023-05-20,LOS MÁRTIRES,-74.08609948803,4.62129985649,True,True,PUENTE ARANDA
10591694,2023-05-15,ANTONIO NARIÑO,-74.10565896548,4.5848986319,True,True,RAFAEL URIBE URIBE
10584847,2022-12-04,TUNJUELITO,-74.15795592253,4.58131136832,True,True,CIUDAD BOLIVAR
10585400,2022-12-19,LOS MÁRTIRES,-74.09646217141,4.60859806976,True,True,PUENTE ARANDA
10578619,2022-08-16,TUNJUELITO,-74.123,4.57499999999999,True,True,RAFAEL URIBE URIBE
10589689,2023-04-06,SAN CRISTÓBAL,-74.084629835,4.58932906699999,True,True,SANTA FE
10591866,2023-06-01,KENNEDY,-74.09685075848,4.68422401706,True,True,ENGATIVA
10601768,2024-02-16,FONTIBÓN,-74.1527048695,4.65925109271,True,True,KENNEDY
10593865,2023-07-21,BOSA,-74.1754527812,4.59648073754,True,True,CIUDAD BOLIVAR
10586797,2023-01-28,CHAPINERO,-74.06710413878,4.63654126764,True,True,TEUSAQUILLO
10588210,2023-02-27,BOSA,-74.17750937764,4.62913181841,True,True,KENNEDY
10588083,2023-02-25,USAQUÉN,-74.03911833853,4.79735226309,True,True,SUBA
10588249,2023-03-01,PUENTE ARANDA,-74.12222889845,4.62992570856,True,True,KENNEDY
10588781,2023-03-15,BOSA,-74.17697513278,4.62579501939,True,True,KENNEDY
10593934,2023-07-23,USAQUÉN,-74.05235245096,4.71795452122,True,True,SUBA
10587820,2023-02-20,RAFAEL URIBE URIBE,-74.135297461,4.58801122199998,True,True,TUNJUELITO
10588792,2023-03-15,ANTONIO NARIÑO,-74.10241987966,4.58116979164,True,True,RAFAEL URIBE URIBE
10589535,2023-04-02,CHAPINERO,-74.05866650381,4.68036220323,True,True,BARRIOS UNIDOS
10587123,2023-02-03,TEUSAQUILLO,-74.09332053951,4.66599214575,True,True,BARRIOS UNIDOS
10587127,2023-02-03,TEUSAQUILLO,-74.08612929157,4.62132976474,True,True,PUENTE ARANDA
10588269,2023-03-05,ANTONIO NARIÑO,-74.09423200075,4.57618330973,True,True,SAN CRISTOBAL
10591230,2023-05-20,TUNJUELITO,-74.12751500941,4.57874131238,True,True,RAFAEL URIBE URIBE
10590697,2023-05-02,TUNJUELITO,-74.14370338695,4.5953923136,True,True,KENNEDY
10584941,2022-12-07,SAN CRISTÓBAL,-74.10136667673,4.57648275942,True,True,RAFAEL URIBE URIBE
10585278,2022-12-16,KENNEDY,-74.18382070831,4.6053810047,True,True,BOSA
10579312,2022-08-25,ENGATIVÁ,-74.097908012,4.61931764000002,True,True,PUENTE ARANDA
10579625,2022-08-29,TUNJUELITO,-74.097908012,4.61931764000002,True,True,PUENTE ARANDA
10579627,2022-08-29,USME,-74.097908012,4.61931764000002,True,True,PUENTE ARANDA
10587384,2023-02-09,FONTIBÓN,-74.11882785742,4.67917586373,True,True,ENGATIVA
10587395,2023-02-14,BOSA,-74.15818122809,4.59600019168,True,True,CIUDAD BOLIVAR
10587397,2023-02-10,USAQUÉN,-74.05207382022,4.71897772367,True,True,SUBA
10601817,2024-02-18,BOSA,-74.17861196796,4.63168997438,True,True,KENNEDY
10604917,2024-05-04,USME,-74.12109164183,4.54667086039,True,True,RAFAEL URIBE URIBE
10588459,2023-03-06,BARRIOS UNIDOS,-74.09970937351,4.65861394654,True,True,ENGATIVA
10591608,2023-05-20,SUBA,-74.05465071506,4.69954554317,True,True,USAQUEN
10588383,2023-03-02,BOSA,-74.15815787974,4.59602612375,True,True,CIUDAD BOLIVAR
10589220,2023-03-23,LOS MÁRTIRES,-74.09720923419,4.60791531343,True,True,PUENTE ARANDA
10590761,2023-05-04,ANTONIO NARIÑO,-74.12286189978,4.58439674143,True,True,RAFAEL URIBE URIBE
10590434,2023-04-27,SAN CRISTÓBAL,-74.09474290663,4.57576072147,True,True,RAFAEL URIBE URIBE
10591178,2023-05-15,BOSA,-74.15806138909,4.5960593982,True,True,CIUDAD BOLIVAR
10587976,2023-02-24,RAFAEL URIBE URIBE,-74.09443048422,4.53972972433,True,True,SAN CRISTOBAL
10587999,2023-02-24,BARRIOS UNIDOS,-74.10450291664,4.67372502511,True,True,ENGATIVA
10586705,2023-01-25,BARRIOS UNIDOS,-74.09114581643,4.66966304447,True,True,ENGATIVA
10588548,2023-03-08,BARRIOS UNIDOS,-74.05793905543,4.68016573972,True,True,CHAPINERO
10588398,2022-03-02,RAFAEL URIBE URIBE,-74.1031422991,4.5943104844,True,True,ANTONIO NARINO
10589404,2023-03-31,RAFAEL URIBE URIBE,-74.09348634665,4.53994897541,True,True,SAN CRISTOBAL
10592590,2023-06-19,USAQUÉN,-74.05184216789,4.72092307398,True,True,SUBA
10592598,2023-06-19,LOS MÁRTIRES,-74.07991436903,4.6036679902,True,True,SANTA FE
10590070,2023-04-18,ENGATIVÁ,-74.08207930747,4.69817045686,True,True,SUBA
10590103,2023-04-17,BARRIOS UNIDOS,-74.10669689577,4.64949870173,True,True,FONTIBON
10590348,2023-04-24,BOSA,-74.15488914203,4.59650201287,True,True,CIUDAD BOLIVAR
10592331,2023-06-12,USAQUÉN,-74.04173437083,4.78174800055,True,True,SUBA
10592333,2023-06-13,SAN CRISTÓBAL,-74.10668762263,4.56046520121,True,True,RAFAEL URIBE URIBE
10592334,2023-06-13,SUBA,-74.09380417671,4.71099125428,True,True,ENGATIVA
10592686,2023-06-20,PUENTE ARANDA,-74.13645564837,4.59754215919,True,True,KENNEDY
10590019,2023-04-14,PUENTE ARANDA,-74.13787478809,4.59504647346,True,True,KENNEDY
10585592,2022-12-26,LOS MÁRTIRES,-74.09080952944,4.59246850277,True,True,ANTONIO NARINO
10587426,2023-02-11,BOSA,-74.16462730846,4.59557630646,True,True,CIUDAD BOLIVAR
10587510,2023-02-14,SUBA,-74.09374383871,4.71104050908,True,True,ENGATIVA
10604951,2024-05-05,USAQUÉN,-74.05188850662,4.71914971801,True,True,SUBA
10605015,2024-05-05,TUNJUELITO,-74.12855337571,4.58668613791,True,True,RAFAEL URIBE URIBE
10594951,2023-08-19,LOS MÁRTIRES,-74.09430710261,4.61141056483,True,True,PUENTE ARANDA
10595143,2023-08-24,CIUDAD BOLÍVAR,-74.14065030997,4.58168033045,True,True,TUNJUELITO
10595162,2023-08-24,BOSA,-74.16731053065,4.59146766002,True,True,CIUDAD BOLIVAR
10591699,2023-05-25,TUNJUELITO,-74.13906349972,4.56245102835,True,True,CIUDAD BOLIVAR
10591706,2023-05-30,USAQUÉN,-74.04874710028,4.73772869937,True,True,SUBA
10591742,2023-05-30,TEUSAQUILLO,-74.07801767041,4.65232802964,True,True,BARRIOS UNIDOS
10590257,2023-04-21,BOSA,-74.17765615195,4.59680066432,True,True,CIUDAD BOLIVAR
10587049,2023-01-02,ANTONIO NARIÑO,-74.111951914,4.588595129,True,True,RAFAEL URIBE URIBE
10587077,2023-02-02,ANTONIO NARIÑO,-74.14473818028,4.59084427392,True,True,TUNJUELITO
10587186,2023-02-06,USME,-74.13556315765,4.54374816896,True,True,CIUDAD BOLIVAR
10587565,2023-02-18,BARRIOS UNIDOS,-74.0653553385,4.68909896967,True,True,SUBA
10587587,2023-02-15,LOS MÁRTIRES,-74.09038234832,4.61596854033,True,True,PUENTE ARANDA
10587617,2023-02-15,FONTIBÓN,-74.14994050367,4.65859867375,True,True,KENNEDY
10587623,2023-02-14,BOSA,-74.15811685507,4.59611782938,True,True,CIUDAD BOLIVAR
10587849,2023-02-20,TUNJUELITO,-74.13668649257,4.55283411486,True,True,CIUDAD BOLIVAR
10588496,2023-03-07,USAQUÉN,-74.079372811,4.59971737799998,True,True,SANTA FE
10588509,2023-03-07,ANTONIO NARIÑO,-74.10528500733,4.59960233418,True,True,PUENTE ARANDA
10588517,2023-03-07,CHAPINERO,-74.06524024842,4.64718533245,True,True,TEUSAQUILLO
10588791,2023-03-16,USME,-74.12715194236,4.52993904962,True,True,CIUDAD BOLIVAR
10588859,2023-03-22,RAFAEL URIBE URIBE,-74.094287832,4.55572633100002,True,True,SAN CRISTOBAL
10589306,2023-03-28,SAN CRISTÓBAL,-74.07594156401,4.57895514419,True,True,SANTA FE
10590877,2023-05-07,ANTONIO NARIÑO,-74.08667592034,4.58659743168,True,True,SAN CRISTOBAL
10590933,2023-05-08,USME,-74.12108941198,4.54645703857,True,True,RAFAEL URIBE URIBE
10592790,2023-06-24,CIUDAD BOLÍVAR,-74.17831811478,4.59722704909,True,True,BOSA
10592793,2023-06-24,PUENTE ARANDA,-74.12418691103,4.5895889077,True,True,RAFAEL URIBE URIBE
10590598,2023-05-05,TUNJUELITO,-74.12477371679,4.56232363355,True,True,RAFAEL URIBE URIBE
10579098,2022-08-22,PUENTE ARANDA,-74.13,4.61000000000001,True,True,KENNEDY
10579284,2022-08-25,USME,-74.097908012,4.61931764000002,True,True,PUENTE ARANDA
10579289,2022-08-25,SUBA,-74.097908012,4.61931764000002,True,True,PUENTE ARANDA
10579290,2022-08-08,USME,-74.097908012,4.61931764000002,True,True,PUENTE ARANDA
10582984,2022-10-20,SAN CRISTÓBAL,-74.068,4.675,True,True,BARRIOS UNIDOS
10583015,2022-10-22,FONTIBÓN,-74.12,4.68,True,True,ENGATIVA
10581758,2022-09-27,SANTA FE,-74.073,4.616,True,True,TEUSAQUILLO
10581761,2022-09-27,SANTA FE,-74.071,4.599,True,True,CANDELARIA
10605042,2024-05-08,ANTONIO NARIÑO,-74.10420445387,4.58314548254,True,True,RAFAEL URIBE URIBE
10605072,2024-05-08,TEUSAQUILLO,-74.06723288481,4.63445598795,True,True,CHAPINERO
10605093,2024-05-06,CHAPINERO,-74.06514246491,4.64712409011,True,True,TEUSAQUILLO
10602114,2024-02-25,PUENTE ARANDA,-74.11587749748,4.58842960317,True,True,ANTONIO NARINO
10591750,2023-05-31,SANTA FE,-74.0721086322,4.59755677701,True,True,CANDELARIA
10590865,2023-05-08,SAN CRISTÓBAL,-74.10394994016,4.5654951336,True,True,RAFAEL URIBE URIBE
10590675,2023-05-02,ANTONIO NARIÑO,-74.105128469,4.584063668,True,True,RAFAEL URIBE URIBE
10587569,2023-02-13,CHAPINERO,-74.06405512726,4.65323753774,True,True,BARRIOS UNIDOS
10587827,2023-02-20,BOSA,-74.15186274822,4.59570069638,True,True,KENNEDY
10587833,2023-02-20,TUNJUELITO,-74.12482527678,4.58843390796,True,True,RAFAEL URIBE URIBE
10587856,2023-02-20,ENGATIVÁ,-74.14450196211,4.65426054953,True,True,KENNEDY
10588706,2023-03-11,SANTA FE,-74.07740541115,4.61588861371,True,True,LOS MARTIRES
10589342,2023-03-29,CHAPINERO,-74.06710413878,4.6364450241,True,True,TEUSAQUILLO
10589343,2023-03-27,PUENTE ARANDA,-74.12201610583,4.5845755769,True,True,RAFAEL URIBE URIBE
10591321,2023-05-17,BOSA,-74.17620668518,4.59670990402,True,True,CIUDAD BOLIVAR
10591330,2023-05-18,BOSA,-74.16205229213,4.59573850421,True,True,CIUDAD BOLIVAR
10589188,2023-03-24,BARRIOS UNIDOS,-74.1005381184,4.65724887831,True,True,ENGATIVA
10592648,2023-06-19,BOSA,-74.17620030825,4.59668462893,True,True,CIUDAD BOLIVAR
10592723,2023-06-22,PUENTE ARANDA,-74.08332255626,4.62436731362,True,True,LOS MARTIRES
10592729,2023-06-24,PUENTE ARANDA,-74.13351563399,4.6019996896,True,True,KENNEDY
10593453,2023-07-15,SUBA,-74.09350073276,4.71110949754,True,True,ENGATIVA
10590973,2023-05-07,SANTA FE,-74.07803682272,4.60004263968,True,True,CANDELARIA
10590978,2023-05-09,USME,-74.085243905,4.58098962100001,True,True,SAN CRISTOBAL
10593678,2023-07-16,TUNJUELITO,-74.15087435724,4.58036376522,True,True,CIUDAD BOLIVAR
10593933,2023-07-22,SANTA FE,-74.08393762829,4.59833823306,True,True,LOS MARTIRES
10593966,2023-07-22,LOS MÁRTIRES,-74.08651518874,4.62080364476,True,True,PUENTE ARANDA
10593993,2023-07-25,CHAPINERO,-74.06406766665,4.65316907605,True,True,BARRIOS UNIDOS
10592606,2023-06-21,PUENTE ARANDA,-74.1076934503,4.59764522644,True,True,ANTONIO NARINO
10592622,2023-06-19,BARRIOS UNIDOS,-74.0910603821,4.66971613515,True,True,ENGATIVA
10591408,2023-05-17,TUNJUELITO,-74.14584306662,4.59504839503,True,True,KENNEDY
10591437,2023-05-23,BOSA,-74.1688814175,4.59561675628,True,True,CIUDAD BOLIVAR
10591423,2023-05-20,TUNJUELITO,-74.13690058176,4.59500561763,True,True,PUENTE ARANDA
10591428,2023-05-20,CIUDAD BOLÍVAR,-74.15812269546,4.60699066767,True,True,KENNEDY
10592353,2023-06-13,PUENTE ARANDA,-74.10017590857,4.60370354739,True,True,LOS MARTIRES
10580440,2022-09-10,USAQUÉN,-74.054,4.70699999999999,True,True,SUBA
10584926,2022-12-07,SAN CRISTÓBAL,-74.10529879515,4.54844624039,True,True,RAFAEL URIBE URIBE
10583104,2022-10-23,CIUDAD BOLÍVAR,-74.138,4.595,True,True,KENNEDY
10582528,2022-10-08,USME,-74.121,4.555,True,True,RAFAEL URIBE URIBE
10582567,2022-10-11,BOSA,-74.173,4.596,True,True,CIUDAD BOLIVAR
10605916,2024-06-05,PUENTE ARANDA,-74.11234227602,4.59455110751,True,True,ANTONIO NARINO
10605923,2024-05-31,USAQUÉN,-74.04662279074,4.75169788856,True,True,SUBA
10603329,2024-03-12,USAQUÉN,-74.05630020087,4.6940176984,True,True,SUBA
10603492,2024-03-27,FONTIBÓN,-74.11261157577,4.66823890049,True,True,ENGATIVA
10603493,2024-03-26,PUENTE ARANDA,-74.12031272794,4.63434691164,True,True,KENNEDY
10591103,2023-05-13,CHAPINERO,-74.06682518904,4.65454927282,True,True,BARRIOS UNIDOS
10593225,2023-07-06,SAN CRISTÓBAL,-74.09467058532,4.57569794927,True,True,RAFAEL URIBE URIBE
10593226,2023-07-04,TUNJUELITO,-74.12864117138,4.59337096288,True,True,PUENTE ARANDA
10594118,2023-07-29,ANTONIO NARIÑO,-74.07967833464,4.60980377364,True,True,LOS MARTIRES
10590194,2023-04-24,RAFAEL URIBE URIBE,-74.12141350691,4.55474024807,True,True,TUNJUELITO
10590340,2023-04-24,USAQUÉN,-74.049550801,4.73795319200002,True,True,SUBA
10587678,2023-02-21,SAN CRISTÓBAL,-74.09271777197,4.5783864006,True,True,ANTONIO NARINO
10591967,2023-06-05,ANTONIO NARIÑO,-74.10801855509,4.58812376883,True,True,RAFAEL URIBE URIBE
10591997,2023-06-03,SANTA FE,-74.06482962553,4.59739045416,True,True,CANDELARIA
10592054,2023-06-06,PUENTE ARANDA,-74.11817469883,4.63762259189,True,True,FONTIBON
10592057,2023-05-06,USAQUÉN,-74.0463168929,4.75503919377,True,True,SUBA
10594063,2023-07-28,BOSA,-74.17866761108,4.59676942397,True,True,CIUDAD BOLIVAR
10594211,2023-08-01,FONTIBÓN,-74.12151026496,4.68221906827,True,True,ENGATIVA
10586792,2023-01-29,SUBA,-74.0564289469,4.68960153702,True,True,USAQUEN
10591470,2023-05-25,ANTONIO NARIÑO,-74.111951914,4.588595129,True,True,RAFAEL URIBE URIBE
10584962,2022-12-07,SANTA FE,-74.0720435987,4.58992538413,True,True,CANDELARIA
10584964,2022-12-08,LOS MÁRTIRES,-74.07109252522,4.59224422648,True,True,CANDELARIA
10587713,2023-02-16,PUENTE ARANDA,-74.13330739624,4.60231322519,True,True,KENNEDY
10582888,2022-10-19,PUENTE ARANDA,-74.131,4.606,True,True,KENNEDY
10582898,2022-10-19,ANTONIO NARIÑO,-74.087,4.594,True,True,SANTA FE
10586845,2023-01-28,SUBA,-74.04104379599,4.72799874902,True,True,USAQUEN
10587264,2023-02-08,RAFAEL URIBE URIBE,-74.12669808883,4.56684851265,True,True,TUNJUELITO
10587270,2023-02-08,ANTONIO NARIÑO,-74.12977958227,4.59377960039,True,True,PUENTE ARANDA
10591916,2023-06-03,TUNJUELITO,-74.15076725331,4.58033621842,True,True,CIUDAD BOLIVAR
10592397,2023-06-14,TUNJUELITO,-74.14111292817,4.59624561208,True,True,KENNEDY
10592402,2023-06-07,SAN CRISTÓBAL,-74.10140959253,4.56807279341,True,True,RAFAEL URIBE URIBE
10593253,2023-07-05,KENNEDY,-74.15369536769,4.59644334381,True,True,CIUDAD BOLIVAR
10592934,2023-06-26,CIUDAD BOLÍVAR,-74.14298651402,4.57959756346,True,True,TUNJUELITO
10588961,2023-03-18,SAN CRISTÓBAL,-74.10007921641,4.57378236039,True,True,RAFAEL URIBE URIBE
10589046,2023-03-21,ANTONIO NARIÑO,-74.12308184648,4.59371160205,True,True,PUENTE ARANDA
10587022,2023-02-01,CANDELARIA,-74.07975343649,4.59078133602,True,True,SANTA FE
10591244,2023-05-22,USAQUÉN,-74.04721537653,4.74946128652,True,True,SUBA
10588511,2023-03-07,SANTA FE,-74.0622384462,4.60322873495,True,True,CANDELARIA
10588590,2023-03-09,BOSA,-74.15375021879,4.59647074236,True,True,CIUDAD BOLIVAR
10588877,2023-03-14,CHAPINERO,-74.06493106097,4.64881172657,True,True,TEUSAQUILLO
10587570,2023-02-13,FONTIBÓN,-74.12223106657,4.64004045982,True,True,KENNEDY
10587738,2023-02-19,USAQUÉN,-74.04449311678,4.7650466732,True,True,SUBA
10591532,2023-05-26,CHAPINERO,-74.04852614289,4.68525154234,True,True,USAQUEN
10591533,2023-05-27,SANTA FE,-74.07913117212,4.59821767689,True,True,CANDELARIA
10587200,2023-02-06,SAN CRISTÓBAL,-74.1252490658,4.55683110844,True,True,TUNJUELITO
10585213,2022-12-15,LOS MÁRTIRES,-74.08302085558,4.6246993225,True,True,TEUSAQUILLO
10585224,2022-12-15,KENNEDY,-74.20510915701,4.63014639042,True,True,BOSA
10590213,2023-04-20,SANTA FE,-74.08042935316,4.59603227469,True,True,CANDELARIA
10584663,2022-12-01,FONTIBÓN,-74.11965390787,4.67940461261,True,True,ENGATIVA
10602997,2024-03-14,LOS MÁRTIRES,-74.09429393647,4.61145966036,True,True,PUENTE ARANDA
10597801,2023-10-30,TUNJUELITO,-74.13992805447,4.59534103519,True,True,KENNEDY
10594061,2023-07-27,BARRIOS UNIDOS,-74.0545329065,4.64954049677,True,True,CHAPINERO
10594076,2023-07-27,LOS MÁRTIRES,-74.08651421768,4.62083658585,True,True,PUENTE ARANDA
10587613,2023-02-15,ENGATIVÁ,-74.11973974855,4.67905875554,True,True,FONTIBON
10593553,2023-07-13,CHAPINERO,-74.06570095989,4.68902005602,True,True,BARRIOS UNIDOS
10593661,2023-07-19,USME,-74.12668879646,4.5294742195,True,True,CIUDAD BOLIVAR
10593803,2023-07-18,SANTA FE,-74.0935259725,4.61557831978,True,True,PUENTE ARANDA
10593541,2023-07-15,ANTONIO NARIÑO,-74.09466016774,4.57580098888,True,True,RAFAEL URIBE URIBE
10591258,2023-05-15,SAN CRISTÓBAL,-74.09898286635,4.57088275732,True,True,RAFAEL URIBE URIBE
10589415,2023-03-30,PUENTE ARANDA,-74.089527201,4.61677374634,True,True,LOS MARTIRES
10588177,2023-02-28,BARRIOS UNIDOS,-74.08334354187,4.65315001148,True,True,TEUSAQUILLO
10587277,2023-02-05,CHAPINERO,-74.06848335478,4.64532109762,True,True,TEUSAQUILLO
10593844,2023-07-21,ENGATIVÁ,-74.12540139929,4.6857537333,True,True,FONTIBON
10593852,2023-07-23,TEUSAQUILLO,-74.10346086825,4.65358030847,True,True,ENGATIVA
10586118,2023-01-09,TEUSAQUILLO,-74.079752989,4.65248905300001,True,True,BARRIOS UNIDOS
10591676,2023-05-21,SANTA FE,-74.07303850647,4.59807512511,True,True,CANDELARIA
10590198,2023-04-19,SANTA FE,-74.078409354,4.59910015399998,True,True,CANDELARIA
10586240,2023-01-14,SAN CRISTÓBAL,-74.07336977904,4.59003272654,True,True,CANDELARIA
10579761,2022-08-31,PUENTE ARANDA,-74.108790242,4.59696928699998,True,True,ANTONIO NARINO
10587488,2023-02-15,CHAPINERO,-74.065685129,4.64475351821,True,True,TEUSAQUILLO
10590307,2023-04-23,SAN CRISTÓBAL,-74.09693776099,4.57316114271,True,True,RAFAEL URIBE URIBE
10590314,2023-04-23,LOS MÁRTIRES,-74.09627719854,4.60856594303,True,True,PUENTE ARANDA
10590344,2023-04-24,BOSA,-74.15619417227,4.59625513041,True,True,CIUDAD BOLIVAR
10586498,2023-01-18,SAN CRISTÓBAL,-74.109719202,4.584203022,True,True,RAFAEL URIBE URIBE
10586499,2023-01-19,TUNJUELITO,-74.16766649642,4.57232495982,True,True,CIUDAD BOLIVAR
10586546,2023-01-21,CHAPINERO,-74.06839179469,4.62792739012,True,True,SANTA FE
10588897,2023-03-19,BOSA,-74.16399625723,4.59552964069,True,True,CIUDAD BOLIVAR
10579176,2022-08-23,RAFAEL URIBE URIBE,-74.097908012,4.61931764000002,True,True,PUENTE ARANDA
10579177,2022-08-24,SANTA FE,-74.097908012,4.61931764000002,True,True,PUENTE ARANDA
10580756,2022-09-14,SUBA,-74.097908012,4.61931764000002,True,True,PUENTE ARANDA
10580759,2022-09-14,SUBA,-74.097908012,4.61931764000002,True,True,PUENTE ARANDA
10590141,2023-04-19,USAQUÉN,-74.04795814152,4.74222360126,True,True,SUBA
10590145,2023-04-19,KENNEDY,-74.14709297602,4.59492808357,True,True,TUNJUELITO
10591746,2023-05-31,SANTA FE,-74.07120997558,4.6266246816,True,True,TEUSAQUILLO
10586324,2023-01-12,PUENTE ARANDA,-74.07899168913,4.63965313512,True,True,TEUSAQUILLO
10579932,2022-09-03,TEUSAQUILLO,-74.078,4.65199999999999,True,True,BARRIOS UNIDOS
10580740,2022-09-14,USME,-74.097908012,4.61931764000002,True,True,PUENTE ARANDA
10580749,2022-09-14,BOSA,-74.097908012,4.61931764000002,True,True,PUENTE ARANDA
10580758,2022-09-14,ENGATIVÁ,-74.097908012,4.61931764000002,True,True,PUENTE ARANDA
10580780,2022-09-15,KENNEDY,-74.097908012,4.61931764000002,True,True,PUENTE ARANDA
10589562,2023-04-04,TUNJUELITO,-74.15032772009,4.59535318399,True,True,KENNEDY
10590480,2023-01-28,SANTA FE,-74.078409354,4.59910015399998,True,True,CANDELARIA
10581708,2022-09-28,USAQUÉN,-74.052,4.721,True,True,SUBA
10584107,2022-11-10,PUENTE ARANDA,-74.1343524832,4.6010532481,True,True,KENNEDY
10584131,2022-11-17,BOSA,-74.17063740675,4.62852092746,True,True,KENNEDY
10589311,2023-03-27,PUENTE ARANDA,-74.116884585,4.59475898599999,True,True,ANTONIO NARINO
10589650,2023-04-05,TEUSAQUILLO,-74.08357290213,4.62457488673,True,True,PUENTE ARANDA
10584332,2022-11-21,TEUSAQUILLO,-74.09576622431,4.62987369788,True,True,PUENTE ARANDA
10591761,2023-05-30,SANTA FE,-74.08233213631,4.57049248074,True,True,SAN CRISTOBAL
10586558,2023-01-22,SUBA,-74.0976954045,4.71311073082,True,True,ENGATIVA
10586582,2023-01-20,LOS MÁRTIRES,-74.0943339247,4.59349771238,True,True,ANTONIO NARINO
10586587,2023-01-20,TEUSAQUILLO,-74.078569655,4.65230074599998,True,True,BARRIOS UNIDOS
10586597,2023-01-20,CIUDAD BOLÍVAR,-74.14356855337,4.58531646879,True,True,TUNJUELITO
10586602,2023-01-23,BARRIOS UNIDOS,-74.06466869299,4.64961957367,True,True,TEUSAQUILLO
10586606,2023-01-20,USAQUÉN,-74.0537799001,4.70940356855,True,True,SUBA
10590505,2023-04-27,CHAPINERO,-74.06291521961,4.66643869482,True,True,BARRIOS UNIDOS
10589760,2023-04-12,PUENTE ARANDA,-74.13605891401,4.59862654487,True,True,KENNEDY
10592069,2023-06-04,BARRIOS UNIDOS,-74.05767003689,4.68162295538,True,True,CHAPINERO
10579491,2022-08-28,ENGATIVÁ,-74.097908012,4.61931764000002,True,True,PUENTE ARANDA
10579502,2022-08-29,BOSA,-74.097908012,4.61931764000002,True,True,PUENTE ARANDA
10579503,2022-08-28,CIUDAD BOLÍVAR,-74.097908012,4.61931764000002,True,True,PUENTE ARANDA
10589660,2023-04-06,TUNJUELITO,-74.12507740443,4.57038144733,True,True,RAFAEL URIBE URIBE
10589699,2023-04-05,PUENTE ARANDA,-74.12284228714,4.62844021514,True,True,KENNEDY
10589850,2023-04-12,LOS MÁRTIRES,-74.08854796955,4.61837542024,True,True,PUENTE ARANDA
10585406,2022-12-18,SAN CRISTÓBAL,-74.10929601934,4.56550803652,True,True,RAFAEL URIBE URIBE
10591971,2023-06-02,KENNEDY,-74.15378381913,4.59645244168,True,True,CIUDAD BOLIVAR
10579598,2022-08-30,SANTA FE,-74.097908012,4.61931764000002,True,True,PUENTE ARANDA
10580955,2022-09-17,FONTIBÓN,-74.124,4.685,True,True,ENGATIVA
10580978,2022-09-21,TEUSAQUILLO,-74.065,4.64699999999999,True,True,CHAPINERO
10590866,2023-05-06,CHAPINERO,-74.06162923871,4.66185699111,True,True,BARRIOS UNIDOS
10590924,2023-05-09,ENGATIVÁ,-74.11176981973,4.66641510526,True,True,FONTIBON
10592156,2023-06-08,ANTONIO NARIÑO,-74.10017041151,4.57559510462,True,True,RAFAEL URIBE URIBE
10585677,2022-12-26,SANTA FE,-74.08501056616,4.59713379053,True,True,LOS MARTIRES
10585698,2022-12-26,FONTIBÓN,-74.14295700972,4.65331952464,True,True,KENNEDY
10585716,2022-12-26,SUBA,-74.07680300658,4.66031302045,True,True,BARRIOS UNIDOS
10579159,2022-08-23,BARRIOS UNIDOS,-74.097908012,4.61931764000002,True,True,PUENTE ARANDA
10579167,2022-08-23,LOS MÁRTIRES,-74.097908012,4.61931764000002,True,True,PUENTE ARANDA
10579169,2022-08-24,SANTA FE,-74.097908012,4.61931764000002,True,True,PUENTE ARANDA
10579173,2022-08-23,KENNEDY,-74.097908012,4.61931764000002,True,True,PUENTE ARANDA
10591426,2023-05-19,USME,-74.12106515192,4.54603526769,True,True,RAFAEL URIBE URIBE
10578887,2022-08-20,TUNJUELITO,-74.127,4.57900000000001,True,True,RAFAEL URIBE URIBE
10581501,2022-09-25,USAQUÉN,-74.051,4.725,True,True,SUBA
10584735,2022-12-02,PUENTE ARANDA,-74.09547118132,4.60951770561,True,True,LOS MARTIRES
10590988,2023-05-11,KENNEDY,-74.19348238019,4.6293345521,True,True,BOSA
10590989,2023-05-10,FONTIBÓN,-74.15030894463,4.65993340587,True,True,KENNEDY
10579175,2022-08-24,TEUSAQUILLO,-74.097908012,4.61931764000002,True,True,PUENTE ARANDA
10579221,2022-08-23,SANTA FE,-74.077,4.60000000000002,True,True,CANDELARIA
10580451,2022-09-10,PUENTE ARANDA,-74.085,4.62200000000001,True,True,LOS MARTIRES
10580485,2022-09-13,SUBA,-74.036,4.81400000000002,True,True,USAQUEN
10591191,2023-05-17,BOSA,-74.12844103087,4.6640515743,True,True,FONTIBON
10591200,2023-05-18,PUENTE ARANDA,-74.125921956,4.622209677,True,True,KENNEDY
10593510,2023-07-11,SANTA FE,-74.0799796491,4.60362258898,True,True,LOS MARTIRES
10593588,2023-07-15,LOS MÁRTIRES,-74.06603988013,4.60741936239,True,True,SANTA FE
10593606,2023-07-15,TUNJUELITO,-74.13530563236,4.55843125992,True,True,CIUDAD BOLIVAR
10586603,2023-01-20,USAQUÉN,-74.05182530445,4.71966451458,True,True,SUBA
10579164,2022-08-23,ANTONIO NARIÑO,-74.097908012,4.61931764000002,True,True,PUENTE ARANDA
10579166,2022-08-24,KENNEDY,-74.097908012,4.61931764000002,True,True,PUENTE ARANDA
10579247,2022-08-24,RAFAEL URIBE URIBE,-74.098346107,4.55153550599999,True,True,SAN CRISTOBAL
10581296,2022-09-21,FONTIBÓN,-74.135,4.65,True,True,KENNEDY
10581328,2022-09-20,RAFAEL URIBE URIBE,-74.091,4.54,True,True,SAN CRISTOBAL
10581354,2022-09-22,FONTIBÓN,-74.112,4.667,True,True,ENGATIVA
10581480,2022-09-23,CIUDAD BOLÍVAR,-74.176,4.597,True,True,BOSA
10581728,2022-09-27,PUENTE ARANDA,-74.124,4.589,True,True,RAFAEL URIBE URIBE
10584766,2022-12-01,CIUDAD BOLÍVAR,-74.14525859229,4.59783993677,True,True,KENNEDY
10584782,2022-12-01,PUENTE ARANDA,-74.11248935635,4.59447040062,True,True,ANTONIO NARINO
10591009,2023-05-10,TUNJUELITO,-74.12719634955,4.58720939231,True,True,RAFAEL URIBE URIBE
10592049,2023-06-05,BOSA,-74.17988495052,4.6346090945,True,True,KENNEDY
10592061,2023-06-06,KENNEDY,-74.11121178229,4.66126138474,True,True,FONTIBON
10578710,2022-08-17,PUENTE ARANDA,-74.108,4.59800000000001,True,True,ANTONIO NARINO
10579276,2022-08-27,CHAPINERO,-74.097908012,4.61931764000002,True,True,PUENTE ARANDA
10579301,2022-08-25,RAFAEL URIBE URIBE,-74.097908012,4.61931764000002,True,True,PUENTE ARANDA
10579308,2022-08-26,SAN CRISTÓBAL,-74.097908012,4.61931764000002,True,True,PUENTE ARANDA
10579309,2022-08-26,BOSA,-74.097908012,4.61931764000002,True,True,PUENTE ARANDA
10580513,2022-09-12,PUENTE ARANDA,-74.123,4.62799999999999,True,True,KENNEDY
10580084,2022-09-02,LOS MÁRTIRES,-74.094,4.59300000000002,True,True,ANTONIO NARINO
10580096,2022-09-04,ENGATIVÁ,-74.108468615,4.64683002700002,True,True,TEUSAQUILLO
10584610,2022-11-28,ANTONIO NARIÑO,-74.11116210406,4.58188085327,True,True,RAFAEL URIBE URIBE
10589937,2023-04-14,TUNJUELITO,-74.13869483999,4.6211160197,True,True,KENNEDY
10590274,2023-04-23,PUENTE ARANDA,-74.091429885,4.61420824200002,True,True,LOS MARTIRES
10587712,2023-02-16,USAQUÉN,-74.05424974767,4.70682791772,True,True,SUBA
10587766,2023-02-17,USAQUÉN,-74.04110816639,4.78527711674,True,True,SUBA
10588346,2023-03-05,ANTONIO NARIÑO,-74.08886319401,4.59185272053,True,True,SANTA FE
10579316,2022-08-26,RAFAEL URIBE URIBE,-74.097908012,4.61931764000002,True,True,PUENTE ARANDA
10579321,2022-08-26,TUNJUELITO,-74.097908012,4.61931764000002,True,True,PUENTE ARANDA
10579324,2022-08-26,TUNJUELITO,-74.097908012,4.61931764000002,True,True,PUENTE ARANDA
10579336,2022-08-26,SANTA FE,-74.097908012,4.61931764000002,True,True,PUENTE ARANDA
10585439,2022-12-20,CHAPINERO,-74.06237272208,4.65729748491,True,True,BARRIOS UNIDOS
10585444,2022-12-20,TEUSAQUILLO,-74.07811552584,4.65215938542,True,True,BARRIOS UNIDOS
10585578,2022-12-22,PUENTE ARANDA,-74.09745601599,4.60671583696,True,True,LOS MARTIRES
10585780,2023-01-02,BOSA,-74.16531590407,4.62008343149,True,True,KENNEDY
10587390,2023-02-10,BARRIOS UNIDOS,-74.08592251723,4.65544752231,True,True,TEUSAQUILLO
10593585,2023-07-15,SANTA FE,-74.08598579377,4.59554528984,True,True,LOS MARTIRES
10587549,2023-02-13,LOS MÁRTIRES,-74.09812846673,4.60655679132,True,True,PUENTE ARANDA
10580750,2022-09-15,CHAPINERO,-74.097908012,4.61931764000002,True,True,PUENTE ARANDA
10591716,2023-05-29,SANTA FE,-74.078270094,4.61160064799998,True,True,LOS MARTIRES
10591767,2023-05-30,SANTA FE,-74.07800106921,4.60003186552,True,True,CANDELARIA
10584335,2022-11-23,ANTONIO NARIÑO,-74.12441758101,4.59658303282,True,True,PUENTE ARANDA
10584336,2022-11-23,CHAPINERO,-74.06735593529,4.62655870077,True,True,SANTA FE
10586501,2023-01-20,TUNJUELITO,-74.14205553932,4.59583165356,True,True,KENNEDY
10588099,2023-02-27,ENGATIVÁ,-74.11825122769,4.6643709076,True,True,FONTIBON
10588432,2023-03-06,ANTONIO NARIÑO,-74.11350635474,4.5964493537,True,True,PUENTE ARANDA
10588765,2023-03-14,CIUDAD BOLÍVAR,-74.1431789777,4.57945900887,True,True,TUNJUELITO
10588354,2023-03-02,SANTA FE,-74.08298627596,4.59946324143,True,True,LOS MARTIRES
10581505,2022-09-25,KENNEDY,-74.183,4.619,True,True,BOSA
10581509,2022-09-24,ANTONIO NARIÑO,-74.108,4.588,True,True,RAFAEL URIBE URIBE
10587603,2023-02-15,PUENTE ARANDA,-74.11801580465,4.57655705334,True,True,RAFAEL URIBE URIBE
10587607,2023-02-15,ENGATIVÁ,-74.08255381322,4.67606859848,True,True,BARRIOS UNIDOS
10588076,2023-02-26,PUENTE ARANDA,-74.13279094774,4.60311480941,True,True,KENNEDY
10588145,2023-02-27,SANTA FE,-74.11154433431,4.57752891123,True,True,RAFAEL URIBE URIBE
10588487,2023-03-04,BOSA,-74.179390699,4.63373517600002,True,True,KENNEDY
10588660,2023-03-12,CIUDAD BOLÍVAR,-74.13685766642,4.56314108497,True,True,TUNJUELITO
10584800,2022-12-04,SAN CRISTÓBAL,-74.118002424,4.576003931,True,True,RAFAEL URIBE URIBE
10586504,2023-01-22,BARRIOS UNIDOS,-74.09112405261,4.6697075648,True,True,ENGATIVA
10586506,2023-01-22,BOSA,-74.1640177149,4.59551894634,True,True,CIUDAD BOLIVAR
10585110,2022-12-11,BARRIOS UNIDOS,-74.05928168982,4.68756556999,True,True,SUBA
10588857,2023-03-17,FONTIBÓN,-74.14268878882,4.65323397686,True,True,KENNEDY
10584834,2022-12-05,SUBA,-74.09450474545,4.70996149297,True,True,ENGATIVA
10588720,2023-03-12,PUENTE ARANDA,-74.09319666807,4.61217519297,True,True,LOS MARTIRES
10588964,2023-03-17,SANTA FE,-74.07303718512,4.59803211286,True,True,CANDELARIA
10588965,2023-03-17,USAQUÉN,-74.05002481075,4.73202391272,True,True,SUBA
10589567,2023-04-03,BARRIOS UNIDOS,-74.05858067312,4.67876121167,True,True,CHAPINERO
10584888,2022-12-06,FONTIBÓN,-74.11183265631,4.66672901045,True,True,ENGATIVA
10578827,2022-08-20,BOSA,-74.171,4.596,True,True,CIUDAD BOLIVAR
10594101,2023-07-30,PUENTE ARANDA,-74.1353931803,4.59437465057,True,True,TUNJUELITO
10585236,2022-12-16,SUBA,-74.09411985916,4.71044115049,True,True,ENGATIVA
10586011,2023-01-05,FONTIBÓN,-74.11975297609,4.67960334132,True,True,ENGATIVA
10586647,2023-01-24,TUNJUELITO,-74.125291267,4.56913565500003,True,True,RAFAEL URIBE URIBE
10578544,2022-08-16,TEUSAQUILLO,-74.094,4.61700000000002,True,True,PUENTE ARANDA
10589197,2023-03-23,USME,-74.12106718894,4.54587466929,True,True,RAFAEL URIBE URIBE
10590390,2023-04-26,SANTA FE,-74.06885293906,4.6267243588,True,True,TEUSAQUILLO
10585615,2022-12-25,CHAPINERO,-74.06528706397,4.64719699721,True,True,TEUSAQUILLO
10585432,2022-12-19,SUBA,-74.03632581804,4.81059623511,True,True,USAQUEN
10585943,2023-01-02,FONTIBÓN,-74.11175853147,4.66682622102,True,True,ENGATIVA
10586179,2023-01-11,BOSA,-74.16889254936,4.59562764034,True,True,CIUDAD BOLIVAR
10590493,2023-04-28,SAN CRISTÓBAL,-74.0898332118,4.58222947599,True,True,ANTONIO NARINO
10585446,2022-12-20,FONTIBÓN,-74.119392993,4.67928692599997,True,True,ENGATIVA
10585668,2022-12-26,FONTIBÓN,-74.13351262746,4.64926682147,True,True,KENNEDY
10585770,2022-12-29,TUNJUELITO,-74.12131831109,4.58942501218,True,True,ANTONIO NARINO
10586583,2023-01-20,CANDELARIA,-74.07324639742,4.58506514806,True,True,SANTA FE
10579335,2022-08-26,CIUDAD BOLÍVAR,-74.097908012,4.61931764000002,True,True,PUENTE ARANDA
10579578,2022-08-28,SANTA FE,-74.097908012,4.61931764000002,True,True,PUENTE ARANDA
10590373,2023-04-25,PUENTE ARANDA,-74.12718860333,4.59217173879,True,True,ANTONIO NARINO
10590389,2023-04-25,PUENTE ARANDA,-74.133580007,4.60196760686,True,True,KENNEDY
10586997,2023-02-01,SAN CRISTÓBAL,-74.08773569052,4.5852843853,True,True,ANTONIO NARINO
10587300,2023-02-07,BOSA,-74.15506205,4.596600615,True,True,CIUDAD BOLIVAR
10587862,2023-02-20,BARRIOS UNIDOS,-74.07925991003,4.68405189028,True,True,ENGATIVA
10586155,2023-01-09,TUNJUELITO,-74.12109333393,4.54594529951,True,True,RAFAEL URIBE URIBE
10586166,2023-01-10,CHAPINERO,-74.06825415645,4.62992951783,True,True,TEUSAQUILLO
10578735,2022-08-21,CIUDAD BOLÍVAR,-74.179,4.59699999999998,True,True,BOSA
10578841,2022-08-18,CIUDAD BOLÍVAR,-74.179,4.59699999999998,True,True,BOSA
10586106,2023-01-06,TEUSAQUILLO,-74.10778886082,4.64835967796,True,True,FONTIBON
10586114,2022-12-24,TUNJUELITO,-74.11571924523,4.59275653208,True,True,ANTONIO NARINO
10586116,2023-01-09,BARRIOS UNIDOS,-74.09110844656,4.66984365862,True,True,ENGATIVA
10578364,2022-08-13,FONTIBÓN,-74.171,4.67599999999999,True,False,Fuera de polígonos
10578368,2022-08-12,ENGATIVÁ,-74.134,4.69200000000001,True,True,FONTIBON
10578802,2022-08-20,SANTA FE,-74.072,4.58999999999997,True,True,CANDELARIA
10581851,2022-09-28,ANTONIO NARIÑO,-74.089,4.592,True,True,LOS MARTIRES
10582603,2022-07-25,ENGATIVÁ,-74.081141776,4.592679541,True,True,SANTA FE
10586685,2023-01-24,TEUSAQUILLO,-74.08986000006,4.66570245599,True,True,BARRIOS UNIDOS
10586690,2023-01-25,PUENTE ARANDA,-74.12722982517,4.59196886524,True,True,ANTONIO NARINO
10581496,2022-09-25,ANTONIO NARIÑO,-74.117,4.588,True,True,RAFAEL URIBE URIBE
10581499,2022-09-23,SANTA FE,-74.088,4.585,True,True,ANTONIO NARINO
10590629,2023-04-29,LOS MÁRTIRES,-74.09093615307,4.61526799167,True,True,PUENTE ARANDA
10590630,2023-04-30,BARRIOS UNIDOS,-74.07410767076,4.68805873067,True,True,SUBA
10588235,2023-02-25,USME,-74.11822152759,4.54296925127,True,True,RAFAEL URIBE URIBE
10588240,2023-03-02,FONTIBÓN,-74.14150325243,4.65368310258,True,True,KENNEDY
10586267,2023-01-13,TEUSAQUILLO,-74.09115136583,4.62554900544,True,True,PUENTE ARANDA
10586270,2023-01-14,TEUSAQUILLO,-74.07862008531,4.65238044347,True,True,BARRIOS UNIDOS
10590826,2023-05-08,ENGATIVÁ,-74.120642642,4.69236080500002,True,True,FONTIBON
10590829,2023-05-06,SANTA FE,-74.08295182209,4.59942831364,True,True,LOS MARTIRES
10590881,2023-05-10,RAFAEL URIBE URIBE,-74.09730044787,4.57263268247,True,True,SAN CRISTOBAL
10580195,2022-09-08,FONTIBÓN,-74.097908012,4.61931764000002,True,True,PUENTE ARANDA
10591576,2023-05-27,BOSA,-74.18305067007,4.59653490834,True,True,CIUDAD BOLIVAR
10582636,2022-10-13,PUENTE ARANDA,-74.082,4.601,True,True,LOS MARTIRES
10582654,2022-10-12,TUNJUELITO,-74.124248462,4.58842131699998,True,True,RAFAEL URIBE URIBE
10581794,2022-09-28,ANTONIO NARIÑO,-74.105,4.584,True,True,RAFAEL URIBE URIBE
10580731,2022-09-14,SUBA,-74.097908012,4.61931764000002,True,True,PUENTE ARANDA
10580878,2022-09-16,SANTA FE,-74.074,4.613,True,True,LOS MARTIRES
10580979,2022-09-18,CIUDAD BOLÍVAR,-74.117,4.57600000000002,True,True,RAFAEL URIBE URIBE
10582201,2022-10-04,ANTONIO NARIÑO,-74.109,4.589,True,True,RAFAEL URIBE URIBE
10593032,2023-06-29,PUENTE ARANDA,-74.12732538911,4.58573880256,True,True,RAFAEL URIBE URIBE
10593174,2023-07-03,SANTA FE,-74.08042667095,4.5915112295,True,True,CANDELARIA
10585720,2022-12-26,BOSA,-74.15367609265,4.59643962868,True,True,CIUDAD BOLIVAR
10581750,2022-09-26,BOSA,-74.179390699,4.63373517600002,True,True,KENNEDY
10581930,2022-09-30,ANTONIO NARIÑO,-74.109,4.589,True,True,RAFAEL URIBE URIBE
10582307,2022-10-05,ANTONIO NARIÑO,-74.088050765,4.59960829300002,True,True,LOS MARTIRES
10582311,2022-10-06,BARRIOS UNIDOS,-74.097206156,4.637925908,True,True,TEUSAQUILLO
10592273,2023-06-11,ANTONIO NARIÑO,-74.10342113747,4.59546623808,True,True,LOS MARTIRES
10584090,2022-11-17,CIUDAD BOLÍVAR,-74.13825973538,4.62671769987,True,True,KENNEDY
10584886,2022-12-06,LOS MÁRTIRES,-74.09032134001,4.61612664974,True,True,PUENTE ARANDA
10584906,2022-12-05,BOSA,-74.16111020033,4.59570075018,True,True,CIUDAD BOLIVAR
10584907,2022-12-06,PUENTE ARANDA,-74.13787154143,4.59524089334,True,True,KENNEDY
10585634,2022-12-24,TEUSAQUILLO,-74.07598663933,4.6196653912,True,True,LOS MARTIRES
10581008,2022-09-19,KENNEDY,-74.103,4.654,True,True,TEUSAQUILLO
10581319,2022-09-20,FONTIBÓN,-74.117,4.675,True,True,ENGATIVA
10584100,2022-11-17,BOSA,-74.14770988409,4.59517672724,True,True,KENNEDY
10585008,2022-12-09,BOSA,-74.17643097822,4.63557883163,True,True,KENNEDY
10585930,2023-01-01,SANTA FE,-74.05930525018,4.60157191681,True,True,CANDELARIA
10591869,2023-06-01,USAQUÉN,-74.04685882513,4.75172461847,True,True,SUBA
10578657,2022-08-16,PUENTE ARANDA,-74.088,4.61799999999999,True,True,LOS MARTIRES
10579228,2022-08-25,SAN CRISTÓBAL,-74.079,4.58300000000003,True,True,SANTA FE
10579731,2022-09-02,FONTIBÓN,-74.148,4.65699999999998,True,True,KENNEDY
10582314,2022-10-06,RAFAEL URIBE URIBE,-74.126,4.569,True,True,TUNJUELITO
10592404,2023-06-12,SANTA FE,-74.05928281729,4.60164677936,True,True,CANDELARIA
10586458,2023-01-18,TUNJUELITO,-74.13773206656,4.59518742159,True,True,KENNEDY
10578606,2022-08-17,TEUSAQUILLO,-74.07123704,4.65092299700001,True,True,BARRIOS UNIDOS
10579311,2022-08-26,USME,-74.097908012,4.61931764000002,True,True,PUENTE ARANDA
10579333,2022-08-27,SANTA FE,-74.097908012,4.61931764000002,True,True,PUENTE ARANDA
10586473,2023-01-22,BOSA,-74.17544392531,4.59654560267,True,True,CIUDAD BOLIVAR
10587653,2023-02-16,USME,-74.11605109455,4.54725120373,True,True,RAFAEL URIBE URIBE
10587662,2023-02-16,PUENTE ARANDA,-74.08317479767,4.6246783766,True,True,LOS MARTIRES
10587665,2023-02-15,BOSA,-74.116028935,4.51883300499998,True,True,USME
10588731,2023-03-13,CIUDAD BOLÍVAR,-74.14325741713,4.57935960895,True,True,TUNJUELITO
10586540,2023-01-21,SANTA FE,-74.075118054,4.61892787400001,True,True,TEUSAQUILLO
10586946,2023-02-01,ENGATIVÁ,-74.13126358488,4.69988987371,True,True,FONTIBON
10593632,2023-07-15,ANTONIO NARIÑO,-74.08859034371,4.61848146275,True,True,PUENTE ARANDA
10593665,2023-07-16,TEUSAQUILLO,-74.10309938376,4.65398251958,True,True,ENGATIVA
10593793,2023-07-18,BOSA,-74.17607131525,4.59666550645,True,True,CIUDAD BOLIVAR
10580751,2022-09-17,LOS MÁRTIRES,-74.097908012,4.61931764000002,True,True,PUENTE ARANDA
10584704,2022-12-02,BOSA,-74.15369657462,4.59643865937,True,True,CIUDAD BOLIVAR
10586847,2023-01-29,BARRIOS UNIDOS,-74.11132840101,4.67875883356,True,True,ENGATIVA
10584999,2022-12-09,TUNJUELITO,-74.13733478051,4.59509465287,True,True,PUENTE ARANDA
10585523,2022-12-22,BARRIOS UNIDOS,-74.07934574072,4.6841374343,True,True,ENGATIVA
10579941,2022-09-05,USAQUÉN,-74.041,4.68099999999998,True,True,CHAPINERO
10580138,2022-09-07,TUNJUELITO,-74.097908012,4.61931764000002,True,True,PUENTE ARANDA
10580139,2022-09-06,FONTIBÓN,-74.097908012,4.61931764000002,True,True,PUENTE ARANDA
10580146,2022-09-06,KENNEDY,-74.097908012,4.61931764000002,True,True,PUENTE ARANDA
10580152,2022-09-06,FONTIBÓN,-74.097908012,4.61931764000002,True,True,PUENTE ARANDA
10580164,2022-09-07,BOSA,-74.097908012,4.61931764000002,True,True,PUENTE ARANDA
10580165,2022-09-07,SANTA FE,-74.097908012,4.61931764000002,True,True,PUENTE ARANDA
10580166,2022-09-06,SUBA,-74.097908012,4.61931764000002,True,True,PUENTE ARANDA
10580169,2022-09-06,KENNEDY,-74.097908012,4.61931764000002,True,True,PUENTE ARANDA
10580170,2022-09-07,KENNEDY,-74.097908012,4.61931764000002,True,True,PUENTE ARANDA
10580180,2022-09-07,CHAPINERO,-74.097908012,4.61931764000002,True,True,PUENTE ARANDA
10580181,2022-09-05,KENNEDY,-74.097908012,4.61931764000002,True,True,PUENTE ARANDA
10589216,2023-03-26,CANDELARIA,-74.08515540545,4.57642928627,True,True,SAN CRISTOBAL
10589264,2023-03-28,TEUSAQUILLO,-74.06730351262,4.65198832341,True,True,BARRIOS UNIDOS
10585514,2022-12-24,KENNEDY,-74.15800956671,4.58126324281,True,True,CIUDAD BOLIVAR
10586992,2023-02-01,TUNJUELITO,-74.13696056672,4.55365908547,True,True,CIUDAD BOLIVAR
10587089,2023-02-05,USAQUÉN,-74.106678152,4.74486899200002,True,True,SUBA
10587235,2023-02-06,TEUSAQUILLO,-74.06581667845,4.64256180985,True,True,CHAPINERO
10587242,2023-02-07,TUNJUELITO,-74.146303139,4.595259145,True,True,KENNEDY
10587962,2023-02-22,PUENTE ARANDA,-74.12256019169,4.62905997972,True,True,KENNEDY
10581457,2022-09-23,ENGATIVÁ,-74.05,4.811,True,True,SUBA
10582954,2022-10-22,ANTONIO NARIÑO,-74.095913177,4.59593872099998,True,True,LOS MARTIRES
10582955,2022-10-19,CHAPINERO,-74.061235584,4.66427263000003,True,True,BARRIOS UNIDOS
10582989,2022-10-20,USME,-74.127,4.53,True,True,CIUDAD BOLIVAR
10587802,2023-02-18,PUENTE ARANDA,-74.13437004067,4.60073290647,True,True,KENNEDY
10587805,2023-02-20,ANTONIO NARIÑO,-74.13417803311,4.59412166587,True,True,TUNJUELITO
10588242,2023-03-02,PUENTE ARANDA,-74.09762842,4.63767573586,True,True,TEUSAQUILLO
10588434,2023-03-06,SAN CRISTÓBAL,-74.12066583377,4.56729570709,True,True,RAFAEL URIBE URIBE
10580183,2022-09-07,CHAPINERO,-74.097908012,4.61931764000002,True,True,PUENTE ARANDA
10580184,2022-09-06,BARRIOS UNIDOS,-74.097908012,4.61931764000002,True,True,PUENTE ARANDA
10580185,2022-09-05,CHAPINERO,-74.097908012,4.61931764000002,True,True,PUENTE ARANDA
10577380,2022-07-28,CIUDAD BOLÍVAR,-74.161,4.608,True,True,KENNEDY
10579900,2022-09-02,BOSA,-74.184,4.61900000000003,True,True,KENNEDY
10579927,2022-09-02,SUBA,-74.037,4.80700000000002,True,True,USAQUEN
10564243,2022-02-26,SAN CRISTÓBAL,-74.09,4.517,True,True,USME
10564347,2022-02-27,BOSA,-74.15506205,4.596600615,True,True,CIUDAD BOLIVAR
10571114,2022-05-16,USAQUÉN,-74.039,4.79700000000003,True,True,SUBA
10576874,2022-07-25,TUNJUELITO,-74.14,4.61799999999999,True,True,KENNEDY
10577465,2022-07-31,TUNJUELITO,-74.119,4.56700000000001,True,True,RAFAEL URIBE URIBE
10577480,2022-07-31,ENGATIVÁ,-74.120642642,4.69236080500002,True,True,FONTIBON
10575081,2022-07-02,BARRIOS UNIDOS,-74.082,4.62900000000002,True,True,TEUSAQUILLO
10571270,2022-05-18,SAN CRISTÓBAL,-74.098148688,4.572328895,True,True,RAFAEL URIBE URIBE
10571517,2022-05-21,FONTIBÓN,-74.089,4.69200000000001,True,True,ENGATIVA
10575296,2022-07-04,PUENTE ARANDA,-74.127,4.59300000000002,True,True,ANTONIO NARINO
10575338,2022-07-04,PUENTE ARANDA,-74.098,4.63900000000001,True,True,TEUSAQUILLO
10572716,2022-06-04,PUENTE ARANDA,-74.088,4.61799999999999,True,True,LOS MARTIRES
10580238,2022-09-09,LOS MÁRTIRES,-74.097,4.608,True,True,PUENTE ARANDA
10580743,2022-09-15,BOSA,-74.097908012,4.61931764000002,True,True,PUENTE ARANDA
10580752,2022-09-15,TEUSAQUILLO,-74.097908012,4.61931764000002,True,True,PUENTE ARANDA
10580761,2022-09-14,SUBA,-74.097908012,4.61931764000002,True,True,PUENTE ARANDA
10580763,2022-09-14,KENNEDY,-74.097908012,4.61931764000002,True,True,PUENTE ARANDA
10580767,2022-09-15,BOSA,-74.097908012,4.61931764000002,True,True,PUENTE ARANDA
10567126,2022-03-31,TEUSAQUILLO,-74.093,4.666,True,True,BARRIOS UNIDOS
10564357,2022-02-25,ANTONIO NARIÑO,-74.1,4.59500000000003,True,True,LOS MARTIRES
10564641,2022-03-02,CHAPINERO,-74.098,4.55200000000002,True,True,SAN CRISTOBAL
10572124,2022-05-29,TEUSAQUILLO,-74.081,4.62400000000002,True,True,LOS MARTIRES
10572131,2022-05-28,CANDELARIA,-74.083,4.59500000000003,True,True,SANTA FE
10572770,2022-06-04,LOS MÁRTIRES,-74.076,4.60899999999998,True,True,SANTA FE
10577487,2022-08-01,SANTA FE,-74.150807074,4.67912813200002,True,True,FONTIBON
10574888,2022-06-29,SANTA FE,-74.074,4.58999999999997,True,True,CANDELARIA
10574935,2022-06-29,RAFAEL URIBE URIBE,-74.097,4.57299999999998,True,True,SAN CRISTOBAL
10575334,2022-07-05,SAN CRISTÓBAL,-74.066,4.61599999999999,True,True,SANTA FE
10574179,2022-06-20,USME,-74.13,4.56299999999999,True,True,TUNJUELITO
10575397,2022-07-05,TEUSAQUILLO,-74.095,4.62,True,True,PUENTE ARANDA
10573069,2022-06-07,BARRIOS UNIDOS,-74.093,4.66500000000002,True,True,TEUSAQUILLO
10573832,2022-06-16,ENGATIVÁ,-74.078,4.69200000000001,True,True,SUBA
10568769,2022-04-19,SANTA FE,-74.072,4.61700000000002,True,True,TEUSAQUILLO
10561832,2022-01-28,SANTA FE,-74.075,4.60199999999998,True,True,CANDELARIA
10561836,2022-01-28,LOS MÁRTIRES,-74.096,4.60899999999998,True,True,PUENTE ARANDA
10561850,2022-01-27,SANTA FE,-74.079,4.60500000000002,True,True,LOS MARTIRES
10571023,2022-05-16,USAQUÉN,-74.054,4.70699999999999,True,True,SUBA
10571024,2022-05-13,PUENTE ARANDA,-74.138,4.59500000000003,True,True,KENNEDY
10571758,2022-05-22,SAN CRISTÓBAL,-74.099,4.57100000000003,True,True,RAFAEL URIBE URIBE
10571766,2022-05-23,SUBA,-74.051,4.72000000000003,True,True,USAQUEN
10571313,2022-05-18,SANTA FE,-74.07,4.59699999999998,True,True,CANDELARIA
10571537,2022-05-20,FONTIBÓN,-74.117,4.67500000000001,True,True,ENGATIVA
10575061,2022-07-02,SAN CRISTÓBAL,-74.095,4.57600000000002,True,True,RAFAEL URIBE URIBE
10575062,2022-07-05,BOSA,-74.158,4.596,True,True,CIUDAD BOLIVAR
10576678,2022-07-23,ANTONIO NARIÑO,-74.089,4.59199999999998,True,True,LOS MARTIRES
10576680,2022-07-23,ENGATIVÁ,-74.081,4.67899999999997,True,True,BARRIOS UNIDOS
10574001,2022-06-20,SUBA,-74.068,4.67099999999999,True,True,BARRIOS UNIDOS
10575351,2022-07-05,TEUSAQUILLO,-74.095,4.66500000000002,True,True,ENGATIVA
10573307,2022-06-10,ANTONIO NARIÑO,-74.118,4.59500000000003,True,True,PUENTE ARANDA
10573345,2022-06-10,KENNEDY,-74.137,4.65800000000002,True,True,FONTIBON
10572509,2022-05-30,USME,-74.129,4.56400000000002,True,True,TUNJUELITO
10572566,2022-05-31,FONTIBÓN,-74.171,4.67599999999999,True,False,Fuera de polígonos
10575431,2022-07-06,BARRIOS UNIDOS,-74.074,4.65100000000001,True,True,TEUSAQUILLO
10575788,2022-07-09,PUENTE ARANDA,-74.089,4.61700000000002,True,True,LOS MARTIRES
10575806,2022-07-10,FONTIBÓN,-74.12,4.68099999999998,True,True,ENGATIVA
10575416,2022-07-07,FONTIBÓN,-74.149,4.65899999999999,True,True,KENNEDY
10575428,2022-07-08,KENNEDY,-74.122,4.63,True,True,PUENTE ARANDA
10572691,2022-06-03,TEUSAQUILLO,-74.078,4.666,True,True,BARRIOS UNIDOS
10583880,2022-11-11,ENGATIVÁ,-74.08291844313,4.69715069667,True,True,SUBA
10583891,2022-11-13,SANTA FE,-74.07497910444,4.59251382922,True,True,CANDELARIA
10583925,2022-11-12,CIUDAD BOLÍVAR,-74.14303747599,4.60140081151,True,True,KENNEDY
10561874,2022-01-29,LOS MÁRTIRES,-74.086,4.58999999999997,True,True,SANTA FE
10561890,2022-01-29,SANTA FE,-74.08,4.596,True,True,CANDELARIA
10561894,2022-01-29,FONTIBÓN,-74.091,4.625,True,True,PUENTE ARANDA
10574448,2022-06-24,ANTONIO NARIÑO,-74.103,4.58100000000002,True,True,RAFAEL URIBE URIBE
10571747,2022-05-23,ANTONIO NARIÑO,-74.078,4.60000000000002,True,True,CANDELARIA
10571748,2022-05-22,CHAPINERO,-74.066,4.64499999999998,True,True,TEUSAQUILLO
10575074,2022-07-02,USAQUÉN,-74.054,4.70699999999999,True,True,SUBA
10575087,2022-07-03,USME,-74.097908012,4.61931764000002,True,True,PUENTE ARANDA
10570241,2022-05-05,KENNEDY,-74.184,4.642,True,True,BOSA
10572163,2022-05-29,PUENTE ARANDA,-74.116,4.63999999999999,True,True,FONTIBON
10575674,2022-07-09,ANTONIO NARIÑO,-74.089,4.59199999999998,True,True,LOS MARTIRES
10575700,2022-07-09,PUENTE ARANDA,-74.094,4.61099999999999,True,True,LOS MARTIRES
10575922,2022-07-13,RAFAEL URIBE URIBE,-74.128,4.59399999999999,True,True,PUENTE ARANDA
10573055,2022-06-05,PUENTE ARANDA,-74.106,4.64999999999998,True,True,TEUSAQUILLO
10575895,2022-07-11,BOSA,-74.154,4.596,True,True,CIUDAD BOLIVAR
10583938,2022-11-12,SUBA,-74.09379748289,4.71100843131,True,True,ENGATIVA
10583954,2022-11-12,PUENTE ARANDA,-74.12035135214,4.6343918254,True,True,KENNEDY
10562030,2022-01-29,BARRIOS UNIDOS,-74.09,4.67099999999999,True,True,ENGATIVA
10572036,2022-05-27,SANTA FE,-74.078,4.60700000000003,True,True,LOS MARTIRES
10574462,2022-06-23,LOS MÁRTIRES,-74.1,4.65699999999998,True,True,TEUSAQUILLO
10574471,2022-06-24,USME,-74.126,4.52600000000001,True,True,CIUDAD BOLIVAR
10573269,2022-06-12,PUENTE ARANDA,-74.083,4.625,True,True,TEUSAQUILLO
10573279,2022-06-10,USAQUÉN,-74.044,4.77100000000002,True,True,SUBA
10574625,2022-06-27,CIUDAD BOLÍVAR,-74.162,4.596,True,True,BOSA
10574641,2022-06-27,BARRIOS UNIDOS,-74.068,4.69,True,True,SUBA
10572590,2022-06-02,USME,-74.121,4.54599999999999,True,True,RAFAEL URIBE URIBE
10576194,2022-07-16,RAFAEL URIBE URIBE,-74.095,4.54000000000002,True,True,SAN CRISTOBAL
10576246,2022-07-16,BARRIOS UNIDOS,-74.082,4.68200000000002,True,True,ENGATIVA
10576412,2022-07-18,TUNJUELITO,-74.151,4.57999999999998,True,True,CIUDAD BOLIVAR
10573979,2022-06-17,SANTA FE,-74.194,4.62200000000001,True,True,BOSA
10575909,2022-07-12,CHAPINERO,-74.033,4.68299999999999,True,True,USAQUEN
10576985,2022-07-25,BOSA,-74.172,4.613,True,True,KENNEDY
10579405,2022-08-27,BOSA,-74.097908012,4.61931764000002,True,True,PUENTE ARANDA
10575822,2022-07-12,CHAPINERO,-74.061,4.66800000000001,True,True,BARRIOS UNIDOS
10574476,2022-06-23,CIUDAD BOLÍVAR,-74.117,4.512,True,True,USME
10569836,2022-05-02,SANTA FE,-74.078,4.60000000000002,True,True,CANDELARIA
10574605,2022-06-27,LOS MÁRTIRES,-74.075,4.61099999999999,True,True,SANTA FE
10574480,2022-06-23,USAQUÉN,-74.044,4.76799999999997,True,True,SUBA
10575622,2022-07-07,KENNEDY,-74.178,4.62200000000001,True,True,BOSA
10575382,2022-07-04,KENNEDY,-74.184,4.61000000000001,True,True,BOSA
10576126,2022-07-15,ENGATIVÁ,-74.12,4.67899999999997,True,True,FONTIBON
10570229,2022-05-05,ANTONIO NARIÑO,-74.095,4.57600000000002,True,True,RAFAEL URIBE URIBE
10572531,2022-06-01,ANTONIO NARIÑO,-74.111,4.59800000000001,True,True,PUENTE ARANDA
10573143,2022-06-09,SANTA FE,-74.08,4.59199999999998,True,True,CANDELARIA
10573144,2022-06-08,BOSA,-74.173,4.596,True,True,CIUDAD BOLIVAR
10575403,2022-07-05,CIUDAD BOLÍVAR,-74.171,4.62799999999999,True,True,KENNEDY
10570234,2022-05-05,RAFAEL URIBE URIBE,-74.121,4.54500000000002,True,True,USME
10574243,2022-06-02,BARRIOS UNIDOS,-74.101,4.65100000000001,True,True,TEUSAQUILLO
10574245,2022-06-23,BARRIOS UNIDOS,-74.086,4.678,True,True,ENGATIVA
10575534,2022-07-07,SUBA,-74.065,4.68700000000001,True,True,BARRIOS UNIDOS
10576989,2022-07-26,FONTIBÓN,-74.109,4.66300000000001,True,True,ENGATIVA
10575881,2022-07-12,BARRIOS UNIDOS,-74.067,4.69,True,True,SUBA
10566803,2022-03-26,TUNJUELITO,-74.126,4.56599999999997,True,True,RAFAEL URIBE URIBE
10566825,2022-03-25,CHAPINERO,-74.085,4.589,True,True,SAN CRISTOBAL
10566827,2022-03-25,BARRIOS UNIDOS,-74.081,4.68299999999999,True,True,ENGATIVA
10569689,2022-05-01,TUNJUELITO,-74.138,4.59500000000003,True,True,KENNEDY
10569654,2022-04-29,TUNJUELITO,-74.125077099,4.56422764400003,True,True,RAFAEL URIBE URIBE
10573331,2022-06-11,ANTONIO NARIÑO,-74.085,4.59699999999998,True,True,LOS MARTIRES
10573531,2022-06-13,TUNJUELITO,-74.152,4.58100000000002,True,True,CIUDAD BOLIVAR
10573552,2022-06-12,USAQUÉN,-74.047,4.75200000000001,True,True,SUBA
10569715,2022-04-30,KENNEDY,-74.115,4.67000000000002,True,True,FONTIBON
10571269,2022-05-17,KENNEDY,-74.128,4.68700000000001,True,True,FONTIBON
10571774,2022-05-22,SUMAPAZ,-74.136,4.399,True,True,USME
10575642,2022-07-09,CANDELARIA,-74.077,4.58999999999997,True,True,SANTA FE
10576764,2022-07-20,CIUDAD BOLÍVAR,-74.097908012,4.61931764000002,True,True,PUENTE ARANDA
10576778,2022-07-24,FONTIBÓN,-74.152,4.65899999999999,True,True,KENNEDY
10576786,2022-07-24,BOSA,-74.165,4.58300000000003,True,True,CIUDAD BOLIVAR
10576792,2022-07-24,USAQUÉN,-74.045,4.76499999999999,True,True,SUBA
10576796,2022-07-24,USAQUÉN,-74.039,4.68000000000001,True,True,CHAPINERO
10576271,2022-07-16,PUENTE ARANDA,-74.135,4.59399999999999,True,True,TUNJUELITO
10573336,2022-06-11,TUNJUELITO,-74.139,4.56299999999999,True,True,CIUDAD BOLIVAR
10569522,2022-04-28,TEUSAQUILLO,-74.078569655,4.65230074599998,True,True,BARRIOS UNIDOS
10569631,2022-04-30,USAQUÉN,-74.045,4.76499999999999,True,True,SUBA
10576491,2022-07-19,ENGATIVÁ,-74.117,4.67399999999998,True,True,FONTIBON
10573556,2022-06-10,PUENTE ARANDA,-74.102,4.60199999999998,True,True,LOS MARTIRES
10573584,2022-06-14,BOSA,-74.154,4.596,True,True,CIUDAD BOLIVAR
10573863,2022-06-18,ANTONIO NARIÑO,-74.087,4.59399999999999,True,True,SANTA FE
10573871,2022-06-19,CHAPINERO,-74.058,4.68400000000003,True,True,BARRIOS UNIDOS
10571579,2022-05-22,LOS MÁRTIRES,-74.092,4.61399999999998,True,True,PUENTE ARANDA
10571617,2022-05-21,CIUDAD BOLÍVAR,-74.143,4.58300000000003,True,True,TUNJUELITO
10574134,2022-06-21,LOS MÁRTIRES,-74.107,4.59899999999999,True,True,PUENTE ARANDA
10575435,2022-07-06,BARRIOS UNIDOS,-74.094,4.666,True,True,ENGATIVA
10570780,2022-05-11,BARRIOS UNIDOS,-74.08,4.65199999999999,True,True,TEUSAQUILLO
10562906,2022-02-06,TEUSAQUILLO,-74.113,4.59399999999999,True,True,ANTONIO NARINO
10562912,2022-02-12,RAFAEL URIBE URIBE,-74.126663996,4.56689354299999,True,True,TUNJUELITO
10574565,2022-06-24,TUNJUELITO,-74.128936873,4.58640611599998,True,True,RAFAEL URIBE URIBE
10560732,2022-01-16,CANDELARIA,-74.069,4.60199999999998,True,True,SANTA FE
10560800,2022-01-17,RAFAEL URIBE URIBE,-74.094,4.541,True,True,SAN CRISTOBAL
10560846,2022-01-21,SANTA FE,-74.082451188,4.60017714100002,True,True,LOS MARTIRES
10569638,2022-04-30,KENNEDY,-74.118,4.62799999999999,True,True,PUENTE ARANDA
10575723,2022-07-10,PUENTE ARANDA,-74.135,4.60000000000002,True,True,KENNEDY
10576203,2022-07-17,ANTONIO NARIÑO,-74.113,4.596,True,True,PUENTE ARANDA
10573071,2022-06-07,ENGATIVÁ,-74.074,4.69200000000001,True,True,SUBA
10573763,2022-06-15,FONTIBÓN,-74.112,4.66699999999997,True,True,ENGATIVA
10569739,2022-05-01,SANTA FE,-74.081,4.59500000000003,True,True,CANDELARIA
10576467,2022-07-19,ENGATIVÁ,-74.132,4.68400000000003,True,True,FONTIBON
10576523,2022-07-20,SANTA FE,-74.073,4.601,True,True,CANDELARIA
10573894,2022-06-18,RAFAEL URIBE URIBE,-74.122,4.55599999999998,True,True,TUNJUELITO
10573934,2022-03-18,LOS MÁRTIRES,-74.098,4.60700000000003,True,True,PUENTE ARANDA
10571792,2022-05-23,LOS MÁRTIRES,-74.102,4.62599999999998,True,True,PUENTE ARANDA
10572501,2022-06-01,ANTONIO NARIÑO,-74.111,4.59699999999998,True,True,PUENTE ARANDA
10575989,2022-07-13,ENGATIVÁ,-74.089,4.67200000000003,True,True,BARRIOS UNIDOS
10571732,2022-05-23,CHAPINERO,-74.011,4.666,True,True,USAQUEN
10571761,2022-05-23,RAFAEL URIBE URIBE,-74.093,4.57799999999997,True,True,ANTONIO NARINO
10571767,2022-05-24,PUENTE ARANDA,-74.123,4.62900000000002,True,True,KENNEDY
10571781,2022-05-21,BOSA,-74.171,4.596,True,True,CIUDAD BOLIVAR
10570367,2022-05-06,USAQUÉN,-74.066,4.62599999999998,True,True,SANTA FE
10570375,2022-05-07,CIUDAD BOLÍVAR,-74.121,4.548,True,True,RAFAEL URIBE URIBE
10570104,2022-05-05,TEUSAQUILLO,-74.105,4.63,True,True,PUENTE ARANDA
10570129,2022-05-05,USAQUÉN,-74.039,4.79700000000003,True,True,SUBA
10570518,2022-05-08,ANTONIO NARIÑO,-74.105,4.584,True,True,RAFAEL URIBE URIBE
10563001,2022-02-13,TUNJUELITO,-74.146,4.59500000000003,True,True,KENNEDY
10576508,2022-07-19,BOSA,-74.185,4.61700000000002,True,True,KENNEDY
10576207,2022-07-16,CHAPINERO,-74.011,4.66500000000002,True,True,USAQUEN
10577131,2022-07-29,BARRIOS UNIDOS,-74.084,4.64499999999998,True,True,TEUSAQUILLO
10577139,2022-07-28,ANTONIO NARIÑO,-74.105,4.584,True,True,RAFAEL URIBE URIBE
10577061,2022-07-27,PUENTE ARANDA,-74.094,4.65100000000001,True,True,TEUSAQUILLO
10576339,2022-07-15,ANTONIO NARIÑO,-74.1,4.57900000000001,True,True,RAFAEL URIBE URIBE
10574020,2022-06-20,BOSA,-74.172,4.596,True,True,CIUDAD BOLIVAR
10569635,2022-04-30,USAQUÉN,-74.041,4.68099999999998,True,True,CHAPINERO
10569639,2022-04-30,SAN CRISTÓBAL,-74.098,4.572,True,True,RAFAEL URIBE URIBE
10569644,2022-04-29,KENNEDY,-74.115,4.65199999999999,True,True,FONTIBON
10570535,2022-05-08,PUENTE ARANDA,-74.095,4.642,True,True,TEUSAQUILLO
10571344,2022-05-19,BARRIOS UNIDOS,-74.064,4.68900000000002,True,True,SUBA
10570772,2022-05-12,CANDELARIA,-74.077,4.58999999999997,True,True,SANTA FE
10570954,2022-05-13,USAQUÉN,-74.048,4.74299999999999,True,True,SUBA
10572638,2022-06-03,CIUDAD BOLÍVAR,-74.14,4.57299999999998,True,True,TUNJUELITO
10572639,2022-06-05,ENGATIVÁ,-74.074443767,4.668716851,True,True,BARRIOS UNIDOS
10563101,2022-02-16,PUENTE ARANDA,-74.098,4.60599999999999,True,True,LOS MARTIRES
10563146,2022-02-16,USAQUÉN,-74.158,4.58100000000002,True,True,CIUDAD BOLIVAR
10563157,2022-02-16,USME,-74.137,4.56799999999998,True,True,TUNJUELITO
10563238,2022-02-11,BOSA,-74.169,4.64699999999999,True,True,KENNEDY
10564219,2022-02-22,CANDELARIA,-74.082,4.59500000000003,True,True,SANTA FE
10564339,2022-02-28,SANTA FE,-74.074,4.613,True,True,LOS MARTIRES
10570890,2022-05-12,TEUSAQUILLO,-74.077,4.62099999999998,True,True,LOS MARTIRES
10576988,2022-07-25,KENNEDY,-74.179,4.62400000000002,True,True,BOSA
10571869,2022-05-24,BARRIOS UNIDOS,-74.067,4.64999999999998,True,True,TEUSAQUILLO
10569530,2022-04-29,TEUSAQUILLO,-74.101,4.65699999999998,True,True,ENGATIVA
10569542,2022-04-28,ENGATIVÁ,-74.079,4.68400000000003,True,True,BARRIOS UNIDOS
10570388,2022-05-06,CIUDAD BOLÍVAR,-74.145,4.58999999999997,True,True,TUNJUELITO
10577123,2022-07-27,SANTA FE,-74.069,4.59800000000001,True,True,CANDELARIA
10576482,2022-07-19,PUENTE ARANDA,-74.123,4.62799999999999,True,True,KENNEDY
10576490,2022-07-19,USAQUÉN,-74.053,4.68599999999998,True,True,CHAPINERO
10574170,2022-06-21,ENGATIVÁ,-74.079,4.68400000000003,True,True,BARRIOS UNIDOS
10572290,2022-05-31,USME,-74.135,4.53899999999999,True,True,CIUDAD BOLIVAR
10572518,2022-06-02,USME,-74.139,4.56200000000001,True,True,CIUDAD BOLIVAR
10572577,2022-06-01,FONTIBÓN,-74.112,4.66699999999997,True,True,ENGATIVA
10577050,2022-07-27,BARRIOS UNIDOS,-74.065,4.68900000000002,True,True,SUBA
10577051,2022-07-26,CHAPINERO,-74.097908012,4.61931764000002,True,True,PUENTE ARANDA
10577058,2022-07-27,CIUDAD BOLÍVAR,-74.126,4.524,True,True,USME
10574350,2022-06-23,ENGATIVÁ,-74.11320135,4.73282153999997,True,True,SUBA
10569929,2022-05-02,CIUDAD BOLÍVAR,-74.132,4.56,True,True,TUNJUELITO
10564774,2022-03-03,ENGATIVÁ,-74.12,4.67899999999997,True,True,FONTIBON
10577418,2022-07-30,PUENTE ARANDA,-74.093632974,4.60660779599999,True,True,LOS MARTIRES
10577441,2022-07-30,KENNEDY,-74.179,4.62400000000002,True,True,BOSA
10577445,2022-07-30,USAQUÉN,-74.051,4.72699999999998,True,True,SUBA
10577450,2022-07-31,TUNJUELITO,-74.177,4.59699999999998,True,True,BOSA
10571876,2022-05-25,SAN CRISTÓBAL,-74.108,4.57900000000001,True,True,RAFAEL URIBE URIBE
10572012,2022-05-26,FONTIBÓN,-74.15,4.66000000000003,True,True,KENNEDY
10570920,2022-05-13,KENNEDY,-74.164,4.596,True,True,BOSA
10570978,2022-05-15,BOSA,-74.154,4.596,True,True,CIUDAD BOLIVAR
10577140,2022-07-27,KENNEDY,-74.122,4.62900000000002,True,True,PUENTE ARANDA
10576756,2022-07-20,ANTONIO NARIÑO,-74.095,4.57600000000002,True,True,RAFAEL URIBE URIBE
10576519,2022-07-19,BOSA,-74.18,4.63499999999999,True,True,KENNEDY
10576533,2022-07-10,CIUDAD BOLÍVAR,-74.162,4.596,True,True,BOSA
10575633,2022-07-08,TUNJUELITO,-74.167,4.59399999999999,True,True,CIUDAD BOLIVAR
10575592,2022-07-09,PUENTE ARANDA,-74.085,4.62200000000001,True,True,LOS MARTIRES
10576109,2022-07-14,SUBA,-74.142,4.65300000000002,True,True,KENNEDY
10577322,2022-07-30,ANTONIO NARIÑO,-74.109,4.589,True,True,RAFAEL URIBE URIBE
10571196,2022-05-16,BARRIOS UNIDOS,-74.082,4.68200000000002,True,True,ENGATIVA
10571204,2022-05-16,KENNEDY,-74.194,4.625,True,True,BOSA
10572723,2022-06-05,BOSA,-74.154,4.596,True,True,CIUDAD BOLIVAR
10565225,2022-03-08,KENNEDY,-74.177,4.62400000000002,True,True,BOSA
10566307,2022-03-21,KENNEDY,-74.108,4.66000000000003,True,True,FONTIBON
10573323,2022-06-10,PUENTE ARANDA,-74.135,4.60000000000002,True,True,KENNEDY
10575670,2022-07-09,PUENTE ARANDA,-74.089,4.61700000000002,True,True,LOS MARTIRES
10572063,2022-05-27,FONTIBÓN,-74.133,4.649,True,True,KENNEDY
10572089,2022-05-26,ANTONIO NARIÑO,-74.123,4.59399999999999,True,True,PUENTE ARANDA
10569672,2022-05-01,KENNEDY,-74.129,4.60899999999998,True,True,PUENTE ARANDA
10570221,2022-05-06,USAQUÉN,-74.042,4.77800000000002,True,True,SUBA
10570599,2022-05-10,LOS MÁRTIRES,-74.097,4.59300000000002,True,True,ANTONIO NARINO
10569691,2022-05-01,BOSA,-74.152,4.596,True,True,KENNEDY
10576111,2022-07-14,USAQUÉN,-74.123,4.64800000000002,True,True,FONTIBON
10576141,2022-07-14,CIUDAD BOLÍVAR,-74.131,4.44999999999999,True,True,USME
10573058,2022-06-08,PUENTE ARANDA,-74.128,4.61399999999998,True,True,KENNEDY
10578016,2022-08-08,TUNJUELITO,-74.124762139,4.57790634000003,True,True,RAFAEL URIBE URIBE
10573476,2022-06-13,FONTIBÓN,-74.121,4.68200000000002,True,True,ENGATIVA
10573505,2022-06-13,SANTA FE,-74.061,4.62599999999998,True,True,CHAPINERO
10560236,2022-01-04,SUBA,-74.051162499,4.72020581100003,True,True,USAQUEN
10561843,2022-01-29,ANTONIO NARIÑO,-74.113,4.596,True,True,PUENTE ARANDA
10574276,2022-06-22,LOS MÁRTIRES,-74.075,4.61099999999999,True,True,SANTA FE
10575392,2022-07-05,ANTONIO NARIÑO,-74.123,4.584,True,True,RAFAEL URIBE URIBE
10572187,2022-05-29,BARRIOS UNIDOS,-74.087,4.62599999999998,True,True,TEUSAQUILLO
10571554,2022-05-20,PUENTE ARANDA,-74.128,4.61399999999998,True,True,KENNEDY
10570900,2022-05-13,LOS MÁRTIRES,-74.09,4.61700000000002,True,True,PUENTE ARANDA
10577830,2022-08-06,PUENTE ARANDA,-74.094,4.61099999999999,True,True,LOS MARTIRES
10577882,2022-08-07,CANDELARIA,-74.077,4.586,True,True,SANTA FE
10561188,2022-01-20,RAFAEL URIBE URIBE,-74.097,4.56200000000001,True,True,SAN CRISTOBAL
10560524,2022-01-12,FONTIBÓN,-74.109179725,4.663462063,True,True,ENGATIVA
10560528,2022-01-11,BARRIOS UNIDOS,-74.065,4.64600000000002,True,True,CHAPINERO
10560535,2022-01-11,SANTA FE,-74.080569129,4.602977189,True,True,LOS MARTIRES
10572705,2022-06-03,SANTA FE,-74.075,4.59300000000002,True,True,CANDELARIA
10570711,2022-05-10,PUENTE ARANDA,-74.123,4.62900000000002,True,True,KENNEDY
10570739,2022-05-11,TEUSAQUILLO,-74.101,4.65699999999998,True,True,ENGATIVA
10575805,2022-07-11,TUNJUELITO,-74.113,4.58600000000001,True,True,RAFAEL URIBE URIBE
10574334,2022-06-23,PUENTE ARANDA,-74.132,4.60500000000002,True,True,KENNEDY
10570417,2022-05-06,USME,-74.121,4.54700000000003,True,True,RAFAEL URIBE URIBE
10570918,2022-05-13,LOS MÁRTIRES,-74.079,4.60399999999998,True,True,SANTA FE
10570921,2022-05-14,ANTONIO NARIÑO,-74.113,4.596,True,True,PUENTE ARANDA
10570939,2022-05-14,LOS MÁRTIRES,-74.077,4.60199999999998,True,True,SANTA FE
10571853,2022-05-23,TEUSAQUILLO,-74.07,4.62,True,True,SANTA FE
10572606,2022-06-03,USAQUÉN,-74.057,4.68900000000002,True,True,SUBA
10578124,2022-08-09,TUNJUELITO,-74.123,4.57499999999999,True,True,RAFAEL URIBE URIBE
10577458,2022-07-31,SAN CRISTÓBAL,-74.129,4.56400000000002,True,True,TUNJUELITO
10575578,2022-07-11,FONTIBÓN,-74.135,4.64999999999998,True,True,KENNEDY
10575621,2022-07-09,USAQUÉN,-74.044,4.76999999999998,True,True,SUBA
10575645,2022-07-08,USAQUÉN,-74.054,4.70699999999999,True,True,SUBA
10575672,2022-07-09,PUENTE ARANDA,-74.123,4.62900000000002,True,True,KENNEDY
10579876,2022-09-04,TUNJUELITO,-74.138,4.59500000000003,True,True,KENNEDY
10562157,2022-02-04,ANTONIO NARIÑO,-74.114108892,4.58840258700002,True,True,RAFAEL URIBE URIBE
10571008,2022-05-14,ENGATIVÁ,-74.103,4.654,True,True,TEUSAQUILLO
10575678,2022-07-09,BOSA,-74.179272419,4.61908751599998,True,True,KENNEDY
10570786,2022-05-11,PUENTE ARANDA,-74.133,4.60300000000001,True,True,KENNEDY
10570792,2022-05-12,FONTIBÓN,-74.154,4.66000000000003,True,True,KENNEDY
10576624,2022-07-20,CIUDAD BOLÍVAR,-74.15406995,4.59009603800001,True,True,TUNJUELITO
10576220,2022-07-15,CIUDAD BOLÍVAR,-74.094957064,4.57218305599997,True,True,SAN CRISTOBAL
10576224,2022-07-15,USME,-74.128,4.53500000000003,True,True,CIUDAD BOLIVAR
10576240,2022-07-17,CHAPINERO,-74.061308661,4.66586392099998,True,True,BARRIOS UNIDOS
10575045,2022-07-01,CANDELARIA,-74.081,4.59899999999999,True,True,SANTA FE
10572674,2022-06-03,SANTA FE,-74.078,4.60700000000003,True,True,LOS MARTIRES
10572682,2022-06-04,SANTA FE,-74.069,4.62700000000001,True,True,TEUSAQUILLO
10572701,2022-06-02,BOSA,-74.156,4.59800000000001,True,True,CIUDAD BOLIVAR
10575793,2022-07-11,PUENTE ARANDA,-74.118143982,4.59431753000001,True,True,ANTONIO NARINO
10575103,2022-07-01,USAQUÉN,-74.053,4.71300000000002,True,True,SUBA
10575119,2022-07-02,FONTIBÓN,-74.143,4.65300000000002,True,True,KENNEDY
10575697,2022-07-09,LOS MÁRTIRES,-74.094,4.61200000000002,True,True,PUENTE ARANDA
10575705,2022-07-10,KENNEDY,-74.179,4.62400000000002,True,True,BOSA
10575716,2022-07-10,SAN CRISTÓBAL,-74.09,4.58199999999999,True,True,ANTONIO NARINO
10577366,2022-07-28,USME,-74.136,4.55099999999999,True,True,CIUDAD BOLIVAR
10586009,2023-01-05,LOS MÁRTIRES,-74.09777202946,4.60687527572,True,True,PUENTE ARANDA
10577148,2022-07-27,SUBA,-74.095,4.71300000000002,True,True,ENGATIVA
10577263,2022-07-30,LOS MÁRTIRES,-74.083,4.625,True,True,TEUSAQUILLO
10576384,2022-07-17,CIUDAD BOLÍVAR,-74.138,4.59500000000003,True,True,KENNEDY
10583044,2022-10-22,TEUSAQUILLO,-74.077,4.621,True,True,LOS MARTIRES
10577683,2022-08-03,BARRIOS UNIDOS,-74.126,4.673,True,True,FONTIBON
10577684,2022-08-04,SANTA FE,-74.072,4.60000000000002,True,True,CANDELARIA
10580142,2022-09-07,USAQUÉN,-74.097908012,4.61931764000002,True,True,PUENTE ARANDA
10580143,2022-09-06,SANTA FE,-74.097908012,4.61931764000002,True,True,PUENTE ARANDA
10580167,2022-09-07,KENNEDY,-74.097908012,4.61931764000002,True,True,PUENTE ARANDA
10580189,2022-09-05,USAQUÉN,-74.097908012,4.61931764000002,True,True,PUENTE ARANDA
10580243,2022-09-08,PUENTE ARANDA,-74.093,4.584,True,True,ANTONIO NARINO
10580362,2022-09-09,ENGATIVÁ,-74.079,4.68400000000003,True,True,BARRIOS UNIDOS
10580380,2022-09-10,SAN CRISTÓBAL,-74.118,4.51299999999998,True,True,USME
10579163,2022-08-23,ENGATIVÁ,-74.097908012,4.61931764000002,True,True,PUENTE ARANDA
10579630,2022-08-31,CHAPINERO,-74.097908012,4.61931764000002,True,True,PUENTE ARANDA
10579640,2022-08-31,LOS MÁRTIRES,-74.075,4.61900000000003,True,True,TEUSAQUILLO
10579659,2022-08-31,USME,-74.131,4.56299999999999,True,True,TUNJUELITO
10580938,2022-09-18,USME,-74.143,4.56700000000001,True,True,CIUDAD BOLIVAR
10573200,2022-06-08,ANTONIO NARIÑO,-74.122,4.60199999999998,True,True,PUENTE ARANDA
10583786,2022-11-08,SAN CRISTÓBAL,-74.09792808478,4.57200169566,True,True,RAFAEL URIBE URIBE
10573163,2022-06-08,BARRIOS UNIDOS,-74.087,4.67899999999997,True,True,ENGATIVA
10580038,2022-09-03,SANTA FE,-74.078409354,4.59910015399998,True,True,CANDELARIA
10580132,2022-09-06,TUNJUELITO,-74.097908012,4.61931764000002,True,True,PUENTE ARANDA
10580140,2022-09-06,LOS MÁRTIRES,-74.097908012,4.61931764000002,True,True,PUENTE ARANDA
10580174,2022-09-06,CIUDAD BOLÍVAR,-74.097908012,4.61931764000002,True,True,PUENTE ARANDA
10579215,2022-08-25,KENNEDY,-74.105,4.65600000000001,True,True,ENGATIVA
10579219,2022-08-24,SANTA FE,-74.079,4.60500000000002,True,True,LOS MARTIRES
10579318,2022-08-26,TUNJUELITO,-74.097908012,4.61931764000002,True,True,PUENTE ARANDA
10579327,2022-08-26,KENNEDY,-74.097908012,4.61931764000002,True,True,PUENTE ARANDA
10579373,2022-08-27,CIUDAD BOLÍVAR,-74.097908012,4.61931764000002,True,True,PUENTE ARANDA
10579376,2022-08-27,RAFAEL URIBE URIBE,-74.097908012,4.61931764000002,True,True,PUENTE ARANDA
10579377,2022-08-27,SAN CRISTÓBAL,-74.097908012,4.61931764000002,True,True,PUENTE ARANDA
10579384,2022-08-27,CIUDAD BOLÍVAR,-74.097908012,4.61931764000002,True,True,PUENTE ARANDA
10583081,2022-10-24,BOSA,-74.162,4.595,True,True,CIUDAD BOLIVAR
10583083,2022-10-23,ENGATIVÁ,-74.087,4.617,True,True,LOS MARTIRES
10584084,2022-11-16,CANDELARIA,-74.06754402106,4.60388722172,True,True,SANTA FE
10584086,2022-11-16,ANTONIO NARIÑO,-74.1308119673,4.60645917668,True,True,KENNEDY
10586095,2023-01-05,SANTA FE,-74.08052591269,4.60286300411,True,True,LOS MARTIRES
10586125,2023-01-10,KENNEDY,-74.19681771782,4.63143061858,True,True,BOSA
10586152,2023-01-10,TEUSAQUILLO,-74.11301819269,4.59484520233,True,True,ANTONIO NARINO
10577330,2022-08-01,ENGATIVÁ,-74.129,4.69799999999998,True,True,FONTIBON
10583070,2022-10-24,ANTONIO NARIÑO,-74.122,4.585,True,True,RAFAEL URIBE URIBE
10583085,2022-10-24,RAFAEL URIBE URIBE,-74.127,4.567,True,True,TUNJUELITO
10577614,2022-08-02,TEUSAQUILLO,-74.088,4.65899999999999,True,True,BARRIOS UNIDOS
10577691,2022-08-03,BOSA,-74.147,4.59500000000003,True,True,KENNEDY
10577696,2022-08-04,ANTONIO NARIÑO,-74.1,4.57900000000001,True,True,RAFAEL URIBE URIBE
10580951,2022-09-17,LOS MÁRTIRES,-74.09,4.59199999999998,True,True,ANTONIO NARINO
10572190,2022-05-27,TUNJUELITO,-74.147,4.59500000000003,True,True,KENNEDY
10574253,2022-06-22,FONTIBÓN,-74.129,4.64699999999999,True,True,KENNEDY
10578995,2022-08-22,PUENTE ARANDA,-74.100202265,4.58349869900002,True,True,ANTONIO NARINO
10572228,2022-05-27,TEUSAQUILLO,-74.091,4.62099999999998,True,True,PUENTE ARANDA
10573612,2022-06-14,BOSA,-74.173,4.596,True,True,CIUDAD BOLIVAR
10583170,2022-10-26,CIUDAD BOLÍVAR,-74.07031206076,4.59217695588,True,True,CANDELARIA
10578602,2022-08-17,ANTONIO NARIÑO,-74.133,4.54000000000002,True,True,CIUDAD BOLIVAR
10579538,2022-08-29,SANTA FE,-74.097908012,4.61931764000002,True,True,PUENTE ARANDA
10579955,2022-09-04,PUENTE ARANDA,-74.093,4.612,True,True,LOS MARTIRES
10579961,2022-09-03,CHAPINERO,-74.165377613,4.58835221200002,True,True,CIUDAD BOLIVAR
10579966,2022-09-01,TEUSAQUILLO,-74.098,4.63200000000001,True,True,PUENTE ARANDA
10580173,2022-09-07,ENGATIVÁ,-74.097908012,4.61931764000002,True,True,PUENTE ARANDA
10581302,2022-09-20,SANTA FE,-74.078409354,4.59910015399998,True,True,CANDELARIA
10586163,2023-01-09,TUNJUELITO,-74.1380447256,4.55664622621,True,True,CIUDAD BOLIVAR
10570991,2022-05-15,ANTONIO NARIÑO,-74.085,4.596,True,True,SANTA FE
10570983,2022-05-15,ANTONIO NARIÑO,-74.075,4.613,True,True,LOS MARTIRES
10583165,2022-10-26,BOSA,-74.1580714445,4.5961089476,True,True,CIUDAD BOLIVAR
10583206,2022-10-26,CHAPINERO,-74.06522659247,4.64711728367,True,True,TEUSAQUILLO
10577743,2022-08-04,USAQUÉN,-74.057,4.68900000000002,True,True,SUBA
10578152,2022-08-10,ANTONIO NARIÑO,-74.125,4.58800000000002,True,True,RAFAEL URIBE URIBE
10578167,2022-08-11,PUENTE ARANDA,-74.107,4.59800000000001,True,True,ANTONIO NARINO
10582891,2022-10-19,SANTA FE,-74.088,4.568,True,True,SAN CRISTOBAL
10584974,2022-12-08,USAQUÉN,-74.04836085326,4.68448463332,True,True,CHAPINERO
10584098,2022-11-17,USME,-74.12723926489,4.62162336221,True,True,KENNEDY
10581001,2022-09-18,BOSA,-74.174,4.61500000000001,True,True,KENNEDY
10574513,2022-06-25,ENGATIVÁ,-74.12,4.67899999999997,True,True,FONTIBON
10574527,2022-06-24,BARRIOS UNIDOS,-74.093,4.66699999999997,True,True,ENGATIVA
10575980,2022-07-12,SANTA FE,-74.071,4.61900000000003,True,True,TEUSAQUILLO
10577374,2022-07-28,SAN CRISTÓBAL,-74.095,4.57600000000002,True,True,RAFAEL URIBE URIBE
10582638,2022-10-12,PUENTE ARANDA,-74.132,4.605,True,True,KENNEDY
10574591,2022-06-25,ANTONIO NARIÑO,-74.125,4.59399999999999,True,True,PUENTE ARANDA
10585744,2022-12-26,CIUDAD BOLÍVAR,-74.12616893768,4.52569096069,True,True,USME
10583173,2022-10-24,USAQUÉN,-74.05109403317,4.72544060476,True,True,SUBA
10579113,2022-08-24,CHAPINERO,-74.097908012,4.61931764000002,True,True,PUENTE ARANDA
10580660,2022-09-14,USME,-74.093,4.58800000000002,True,True,ANTONIO NARINO
10580130,2022-09-07,KENNEDY,-74.097908012,4.61931764000002,True,True,PUENTE ARANDA
10581639,2022-09-25,USME,-74.13,4.537,True,True,CIUDAD BOLIVAR
10579591,2022-08-29,KENNEDY,-74.097908012,4.61931764000002,True,True,PUENTE ARANDA
10579600,2022-08-29,SAN CRISTÓBAL,-74.097908012,4.61931764000002,True,True,PUENTE ARANDA
10579601,2022-08-29,BOSA,-74.097908012,4.61931764000002,True,True,PUENTE ARANDA
10572969,2022-06-06,FONTIBÓN,-74.137,4.65100000000001,True,True,KENNEDY
10583232,2022-10-27,TEUSAQUILLO,-74.07351701547,4.61617130394,True,True,LOS MARTIRES
10583235,2022-10-27,LOS MÁRTIRES,-74.08537534659,4.62222222325,True,True,PUENTE ARANDA
10583240,2022-10-26,SANTA FE,-74.08597079699,4.56927989026,True,True,SAN CRISTOBAL
10578154,2022-08-10,FONTIBÓN,-74.151,4.65899999999999,True,True,KENNEDY
10576623,2022-07-22,CIUDAD BOLÍVAR,-74.133,4.56,True,True,TUNJUELITO
10583075,2022-10-24,LOS MÁRTIRES,-74.083,4.625,True,True,TEUSAQUILLO
10583086,2022-10-24,PUENTE ARANDA,-74.132,4.605,True,True,KENNEDY
10583107,2022-10-23,KENNEDY,-74.062,4.608,True,True,SANTA FE
10583130,2022-10-25,FONTIBÓN,-74.1195432567,4.6788800339,True,True,ENGATIVA
10583135,2022-10-24,BOSA,-74.1626131597,4.6152760542,True,True,KENNEDY
10576611,2022-07-21,ENGATIVÁ,-74.126,4.68700000000001,True,True,FONTIBON
10582690,2022-10-14,SANTA FE,-74.066,4.599,True,True,CANDELARIA
10582691,2022-10-13,FONTIBÓN,-74.109,4.663,True,True,ENGATIVA
10582920,2022-10-20,CIUDAD BOLÍVAR,-74.138,4.565,True,True,TUNJUELITO
10582921,2022-10-19,SAN CRISTÓBAL,-74.093,4.578,True,True,ANTONIO NARINO
10577192,2022-07-27,PUENTE ARANDA,-74.116,4.59500000000003,True,True,ANTONIO NARINO
10577325,2022-07-30,PUENTE ARANDA,-74.116,4.63999999999999,True,True,FONTIBON
10579322,2022-08-26,ENGATIVÁ,-74.097908012,4.61931764000002,True,True,PUENTE ARANDA
10579348,2022-08-25,LOS MÁRTIRES,-74.097908012,4.61931764000002,True,True,PUENTE ARANDA
10579383,2022-08-27,USAQUÉN,-74.097908012,4.61931764000002,True,True,PUENTE ARANDA
10579401,2022-08-27,KENNEDY,-74.097908012,4.61931764000002,True,True,PUENTE ARANDA
10579421,2022-08-28,KENNEDY,-74.097908012,4.61931764000002,True,True,PUENTE ARANDA
10579423,2022-08-29,BOSA,-74.097908012,4.61931764000002,True,True,PUENTE ARANDA
10579433,2022-08-27,TEUSAQUILLO,-74.097908012,4.61931764000002,True,True,PUENTE ARANDA
10579983,2022-09-03,TUNJUELITO,-74.156,4.57799999999997,True,True,CIUDAD BOLIVAR
10580948,2022-09-16,BOSA,-74.154,4.596,True,True,CIUDAD BOLIVAR
10581136,2022-09-18,BOSA,-74.097908012,4.61931764000002,True,True,PUENTE ARANDA
10581836,2022-09-27,BARRIOS UNIDOS,-74.065,4.689,True,True,SUBA
10581745,2022-09-27,SANTA FE,-74.085,4.597,True,True,LOS MARTIRES
10581463,2022-09-23,RAFAEL URIBE URIBE,-74.082,4.556,True,True,SAN CRISTOBAL
10583505,2022-11-02,ENGATIVÁ,-74.08083168452,4.61522300324,True,True,LOS MARTIRES
10583293,2022-10-30,USAQUÉN,-74.05868482451,4.68034257114,True,True,BARRIOS UNIDOS
10583308,2022-10-20,SAN CRISTÓBAL,-74.098148688,4.572328895,True,True,RAFAEL URIBE URIBE
10583310,2022-10-28,SANTA FE,-74.08303646033,4.59941167709,True,True,LOS MARTIRES
10583315,2022-10-27,PUENTE ARANDA,-74.12668672983,4.61724952248,True,True,KENNEDY
10583326,2022-10-29,ENGATIVÁ,-74.1,4.604,True,True,LOS MARTIRES
10576849,2022-07-23,ENGATIVÁ,-74.125,4.65800000000002,True,True,FONTIBON
10583642,2022-11-05,LOS MÁRTIRES,-74.09349707548,4.6124585864,True,True,PUENTE ARANDA
10578028,2022-08-07,CIUDAD BOLÍVAR,-74.162,4.596,True,True,BOSA
10580645,2022-09-13,CIUDAD BOLÍVAR,-74.179,4.59699999999998,True,True,BOSA
10580755,2022-09-14,TEUSAQUILLO,-74.096131742,4.62141467200001,True,True,PUENTE ARANDA
10582355,2022-10-06,USAQUÉN,-74.043,4.682,True,True,CHAPINERO
10582408,2022-10-08,LOS MÁRTIRES,-74.085,4.623,True,True,PUENTE ARANDA
10582792,2022-10-16,FONTIBÓN,-74.155,4.642,True,True,KENNEDY
10584682,2022-12-01,SANTA FE,-74.09898025643,4.57089266803,True,True,RAFAEL URIBE URIBE
10582026,2022-10-03,TEUSAQUILLO,-74.084,4.624,True,True,PUENTE ARANDA
10582267,2022-10-05,BARRIOS UNIDOS,-74.07,4.638,True,True,TEUSAQUILLO
10585664,2022-12-21,CHAPINERO,-74.06095847433,4.66604658494,True,True,BARRIOS UNIDOS
10580447,2022-09-10,TUNJUELITO,-74.079573296,4.603735073,True,True,SANTA FE
10580841,2022-09-17,CIUDAD BOLÍVAR,-74.117,4.51600000000002,True,True,USME
10580857,2022-09-16,FONTIBÓN,-74.146,4.65499999999997,True,True,KENNEDY
10580227,2022-09-08,PUENTE ARANDA,-74.1,4.60399999999998,True,True,LOS MARTIRES
10580651,2022-09-13,SAN CRISTÓBAL,-74.122,4.57499999999999,True,True,RAFAEL URIBE URIBE
10572432,2022-06-01,FONTIBÓN,-74.112,4.66699999999997,True,True,ENGATIVA
10572482,2022-06-01,SANTA FE,-74.081,4.60300000000001,True,True,LOS MARTIRES
10572547,2022-06-01,ANTONIO NARIÑO,-74.120503617,4.5891603,True,True,RAFAEL URIBE URIBE
10573959,2022-06-16,USME,-74.13,4.56299999999999,True,True,TUNJUELITO
10584143,2022-11-17,CIUDAD BOLÍVAR,-74.08074048941,4.61182228777,True,True,LOS MARTIRES
10578032,2022-08-07,USME,-74.115,4.548,True,True,RAFAEL URIBE URIBE
10583648,2022-11-03,USAQUÉN,-74.0589287657,4.67851289258,True,True,BARRIOS UNIDOS
10584260,2022-11-21,BOSA,-74.14531483571,4.61856661667,True,True,KENNEDY
10581057,2022-09-18,USAQUÉN,-74.063,4.70299999999997,True,True,SUBA
10578311,2022-08-13,PUENTE ARANDA,-74.126,4.62099999999998,True,True,KENNEDY
10583802,2022-11-09,TEUSAQUILLO,-74.14305088703,4.57956547971,True,True,TUNJUELITO
10582821,2022-10-16,SANTA FE,-74.085,4.571,True,True,SAN CRISTOBAL
10582870,2022-10-18,BOSA,-74.165,4.576,True,True,CIUDAD BOLIVAR
10582890,2022-10-18,RAFAEL URIBE URIBE,-74.166,4.58,True,True,CIUDAD BOLIVAR
10584711,2022-12-04,USAQUÉN,-74.04077460004,4.78735999497,True,True,SUBA
10584730,2022-12-02,SANTA FE,-74.07758621161,4.60707943886,True,True,LOS MARTIRES
10584759,2022-12-02,SAN CRISTÓBAL,-74.12320559946,4.59429998792,True,True,PUENTE ARANDA
10585761,2022-12-27,RAFAEL URIBE URIBE,-74.09687665884,4.57309255386,True,True,SAN CRISTOBAL
10585807,2022-12-29,KENNEDY,-74.11365201631,4.66065304069,True,True,FONTIBON
10582487,2022-10-09,CANDELARIA,-74.085,4.597,True,True,LOS MARTIRES
10585876,2022-12-30,TUNJUELITO,-74.12893323048,4.58037198649,True,True,RAFAEL URIBE URIBE
10577730,2022-08-05,ANTONIO NARIÑO,-74.109,4.589,True,True,RAFAEL URIBE URIBE
10577409,2022-07-30,PUENTE ARANDA,-74.135,4.58199999999999,True,True,TUNJUELITO
10577452,2022-07-31,ANTONIO NARIÑO,-74.122,4.59399999999999,True,True,PUENTE ARANDA
10582417,2022-10-07,SAN CRISTÓBAL,-74.125,4.558,True,True,TUNJUELITO
10572921,2022-06-06,FONTIBÓN,-74.1,4.642,True,True,TEUSAQUILLO
10572925,2022-06-06,SAN CRISTÓBAL,-74.088,4.58499999999998,True,True,ANTONIO NARINO
10578240,2022-08-10,SAN CRISTÓBAL,-74.097908012,4.61931764000002,True,True,PUENTE ARANDA
10578243,2022-08-10,SAN CRISTÓBAL,-74.097908012,4.61931764000002,True,True,PUENTE ARANDA
10569924,2022-05-02,RAFAEL URIBE URIBE,-74.094,4.541,True,True,SAN CRISTOBAL
10570476,2022-05-09,SANTA FE,-74.08,4.596,True,True,CANDELARIA
10584296,2022-11-20,ANTONIO NARIÑO,-74.112674123,4.61540400799998,True,True,PUENTE ARANDA
10571880,2022-05-23,CIUDAD BOLÍVAR,-74.179,4.59699999999998,True,True,BOSA
10583869,2022-11-11,CIUDAD BOLÍVAR,-74.15100095455,4.59561519544,True,True,KENNEDY
10583920,2022-11-12,ENGATIVÁ,-74.11933747713,4.57185731724,True,True,RAFAEL URIBE URIBE
10582940,2022-10-19,USAQUÉN,-74.188,4.607,True,True,BOSA
10582982,2022-10-21,PUENTE ARANDA,-74.067479648,4.632626673,True,True,CHAPINERO
10579094,2022-08-22,PUENTE ARANDA,-74.122,4.63099999999997,True,True,KENNEDY
10580104,2022-09-05,PUENTE ARANDA,-74.083,4.60599999999999,True,True,LOS MARTIRES
10580147,2022-09-02,BARRIOS UNIDOS,-74.0782877123,4.6296466745,True,True,TEUSAQUILLO
10580148,2022-09-07,SUBA,-74.097908012,4.61931764000002,True,True,PUENTE ARANDA
10584783,2022-11-27,CHAPINERO,-74.04868030931,4.69257252198,True,True,USAQUEN
10584787,2022-11-28,SUBA,-74.09356547906,4.71098716077,True,True,ENGATIVA
10585845,2022-12-30,BOSA,-74.17069714729,4.62046112015,True,True,KENNEDY
10584304,2022-11-22,LOS MÁRTIRES,-74.09511712973,4.61037323582,True,True,PUENTE ARANDA
10577831,2022-08-06,BARRIOS UNIDOS,-74.1,4.65800000000002,True,True,ENGATIVA
10577773,2022-08-05,BOSA,-74.177,4.63499999999999,True,True,KENNEDY
10577941,2022-08-07,FONTIBÓN,-74.112,4.66699999999997,True,True,ENGATIVA
10574836,2022-06-28,CIUDAD BOLÍVAR,-74.138,4.59500000000003,True,True,KENNEDY
10575982,2022-07-12,KENNEDY,-74.116,4.66199999999998,True,True,FONTIBON
10576112,2022-07-15,KENNEDY,-74.177,4.62400000000002,True,True,BOSA
10576157,2022-07-15,FONTIBÓN,-74.118,4.67700000000002,True,True,ENGATIVA
10576255,2022-07-16,SAN CRISTÓBAL,-74.101,4.56900000000002,True,True,RAFAEL URIBE URIBE
10579148,2022-08-24,USAQUÉN,-74.097908012,4.61931764000002,True,True,PUENTE ARANDA
10579150,2022-08-23,BOSA,-74.097908012,4.61931764000002,True,True,PUENTE ARANDA
10579385,2022-08-27,BOSA,-74.097908012,4.61931764000002,True,True,PUENTE ARANDA
10579389,2022-08-27,TUNJUELITO,-74.097908012,4.61931764000002,True,True,PUENTE ARANDA
10579391,2022-08-27,BOSA,-74.097908012,4.61931764000002,True,True,PUENTE ARANDA
10579397,2022-08-27,ENGATIVÁ,-74.097908012,4.61931764000002,True,True,PUENTE ARANDA
10579399,2022-08-28,USAQUÉN,-74.097908012,4.61931764000002,True,True,PUENTE ARANDA
10579400,2022-08-27,ANTONIO NARIÑO,-74.097908012,4.61931764000002,True,True,PUENTE ARANDA
10579406,2022-08-28,LOS MÁRTIRES,-74.097908012,4.61931764000002,True,True,PUENTE ARANDA
10579419,2022-08-28,KENNEDY,-74.097908012,4.61931764000002,True,True,PUENTE ARANDA
10579422,2022-08-26,ANTONIO NARIÑO,-74.097908012,4.61931764000002,True,True,PUENTE ARANDA
10579424,2022-08-27,SANTA FE,-74.097908012,4.61931764000002,True,True,PUENTE ARANDA
10579430,2022-08-27,LOS MÁRTIRES,-74.097908012,4.61931764000002,True,True,PUENTE ARANDA
10572671,2022-06-03,SANTA FE,-74.077,4.608,True,True,LOS MARTIRES
10582483,2022-10-10,PUENTE ARANDA,-74.095,4.594,True,True,LOS MARTIRES
10582493,2022-10-09,ANTONIO NARIÑO,-74.1070690531,4.59855346012,True,True,PUENTE ARANDA
10578340,2022-08-12,PUENTE ARANDA,-74.088,4.62900000000002,True,True,TEUSAQUILLO
10578366,2022-08-13,CHAPINERO,-74.058,4.68400000000003,True,True,BARRIOS UNIDOS
10570383,2022-05-08,BOSA,-74.154,4.596,True,True,CIUDAD BOLIVAR
10572742,2022-06-03,USAQUÉN,-74.072,4.74599999999998,True,True,SUBA
10572767,2022-06-04,PUENTE ARANDA,-74.095,4.61000000000001,True,True,LOS MARTIRES
10579513,2022-08-29,USAQUÉN,-74.097908012,4.61931764000002,True,True,PUENTE ARANDA
10580157,2022-09-06,USAQUÉN,-74.097908012,4.61931764000002,True,True,PUENTE ARANDA
10580159,2022-09-05,BOSA,-74.097908012,4.61931764000002,True,True,PUENTE ARANDA
10580161,2022-09-07,SANTA FE,-74.097908012,4.61931764000002,True,True,PUENTE ARANDA
10580177,2022-09-06,USME,-74.097908012,4.61931764000002,True,True,PUENTE ARANDA
10580915,2022-09-16,KENNEDY,-74.12,4.67899999999997,True,True,FONTIBON
10582592,2022-10-11,PUENTE ARANDA,-74.098,4.606,True,True,LOS MARTIRES
10584317,2022-11-22,BOSA,-74.15752676909,4.59601623319,True,True,CIUDAD BOLIVAR
10583548,2022-11-04,CIUDAD BOLÍVAR,-74.15447307413,4.59052467,True,True,TUNJUELITO
10577598,2022-08-02,USAQUÉN,-74.039,4.79700000000003,True,True,SUBA
10577608,2022-08-03,PUENTE ARANDA,-74.104,4.654,True,True,FONTIBON
10576269,2022-06-01,USAQUÉN,-74.092,4.74400000000003,True,True,SUBA
10582284,2022-10-06,USAQUÉN,-74.04001663939,4.79170628401,True,True,SUBA
10579641,2022-08-30,SANTA FE,-74.066,4.60300000000001,True,True,CANDELARIA
10580691,2022-09-12,RAFAEL URIBE URIBE,-74.091,4.581,True,True,ANTONIO NARINO
10580826,2022-09-16,ENGATIVÁ,-74.097908012,4.61931764000002,True,True,PUENTE ARANDA
10571541,2022-05-20,BARRIOS UNIDOS,-74.061,4.68799999999999,True,True,SUBA
10572150,2022-05-27,SANTA FE,-74.073,4.61599999999999,True,True,TEUSAQUILLO
10572152,2022-05-28,CHAPINERO,-74.062,4.66000000000003,True,True,BARRIOS UNIDOS
10582562,2022-10-10,BARRIOS UNIDOS,-74.093,4.691,True,True,ENGATIVA
10578808,2022-08-20,ANTONIO NARIÑO,-74.124,4.589,True,True,RAFAEL URIBE URIBE
10579005,2022-08-21,LOS MÁRTIRES,-74.073,4.60599999999999,True,True,SANTA FE
10579023,2022-08-20,SAN CRISTÓBAL,-74.105577141,4.54842574200001,True,True,RAFAEL URIBE URIBE
10579575,2022-08-29,FONTIBÓN,-74.097908012,4.61931764000002,True,True,PUENTE ARANDA
10572016,2022-05-26,LOS MÁRTIRES,-74.105,4.60000000000002,True,True,PUENTE ARANDA
10572107,2022-05-27,PUENTE ARANDA,-74.102,4.60199999999998,True,True,LOS MARTIRES
10582900,2022-10-18,SAN CRISTÓBAL,-74.107,4.558,True,True,RAFAEL URIBE URIBE
10582903,2022-10-17,CHAPINERO,-74.056,4.623,True,True,SANTA FE
10582923,2022-10-20,BARRIOS UNIDOS,-74.079,4.652,True,True,TEUSAQUILLO
10579553,2022-08-30,BOSA,-74.097908012,4.61931764000002,True,True,PUENTE ARANDA
10579567,2022-08-30,SUBA,-74.097908012,4.61931764000002,True,True,PUENTE ARANDA
10579570,2022-08-29,USAQUÉN,-74.097908012,4.61931764000002,True,True,PUENTE ARANDA
10579576,2022-08-29,SANTA FE,-74.097908012,4.61931764000002,True,True,PUENTE ARANDA
10579596,2022-08-29,CIUDAD BOLÍVAR,-74.097908012,4.61931764000002,True,True,PUENTE ARANDA
10579599,2022-08-30,USME,-74.097908012,4.61931764000002,True,True,PUENTE ARANDA
10579602,2022-08-30,TEUSAQUILLO,-74.097908012,4.61931764000002,True,True,PUENTE ARANDA
10579603,2022-08-30,BARRIOS UNIDOS,-74.097908012,4.61931764000002,True,True,PUENTE ARANDA
10579606,2022-08-30,KENNEDY,-74.097908012,4.61931764000002,True,True,PUENTE ARANDA
10579612,2022-08-28,USAQUÉN,-74.097908012,4.61931764000002,True,True,PUENTE ARANDA
10581748,2022-09-26,SANTA FE,-74.082,4.609,True,True,LOS MARTIRES
10582436,2022-10-08,SAN CRISTÓBAL,-74.098,4.572,True,True,RAFAEL URIBE URIBE
10586209,2023-01-12,PUENTE ARANDA,-74.12248565661,4.59053002105,True,True,ANTONIO NARINO
10579089,2022-08-21,RAFAEL URIBE URIBE,-74.121,4.54300000000001,True,True,USME
10579093,2022-08-22,PUENTE ARANDA,-74.095,4.61000000000001,True,True,LOS MARTIRES
10579160,2022-08-23,ENGATIVÁ,-74.097908012,4.61931764000002,True,True,PUENTE ARANDA
10579168,2022-08-23,ENGATIVÁ,-74.097908012,4.61931764000002,True,True,PUENTE ARANDA
10579171,2022-08-24,LOS MÁRTIRES,-74.097908012,4.61931764000002,True,True,PUENTE ARANDA
10570320,2022-05-08,USME,-74.121,4.55000000000001,True,True,RAFAEL URIBE URIBE
10583560,2022-11-03,SANTA FE,-74.08458141272,4.59726212236,True,True,LOS MARTIRES
10583566,2022-11-07,ENGATIVÁ,-74.14370802824,4.56596986153,True,True,CIUDAD BOLIVAR
10576470,2022-07-19,ENGATIVÁ,-74.120642642,4.69236080500002,True,True,FONTIBON
10576518,2022-07-19,CANDELARIA,-74.084,4.59100000000001,True,True,SANTA FE
10583961,2022-11-13,BARRIOS UNIDOS,-74.05837086623,4.6791865568,True,True,CHAPINERO
10574993,2022-06-30,ENGATIVÁ,-74.096,4.66300000000001,True,True,TEUSAQUILLO
10575050,2022-07-03,ANTONIO NARIÑO,-74.095,4.57600000000002,True,True,RAFAEL URIBE URIBE
10576014,2022-07-13,LOS MÁRTIRES,-74.101081841,4.61934258999997,True,True,PUENTE ARANDA
10579154,2022-08-23,SUBA,-74.097908012,4.61931764000002,True,True,PUENTE ARANDA
10579156,2022-08-23,CIUDAD BOLÍVAR,-74.097908012,4.61931764000002,True,True,PUENTE ARANDA
10579227,2022-08-24,ENGATIVÁ,-74.131,4.68900000000002,True,True,FONTIBON
10579490,2022-08-29,KENNEDY,-74.097908012,4.61931764000002,True,True,PUENTE ARANDA
10579500,2022-08-28,SUBA,-74.097908012,4.61931764000002,True,True,PUENTE ARANDA
10579505,2022-08-27,ENGATIVÁ,-74.097908012,4.61931764000002,True,True,PUENTE ARANDA
10579509,2022-08-29,ENGATIVÁ,-74.097908012,4.61931764000002,True,True,PUENTE ARANDA
10579510,2022-08-29,CHAPINERO,-74.097908012,4.61931764000002,True,True,PUENTE ARANDA
10572524,2022-06-01,USAQUÉN,-74.051,4.72699999999998,True,True,SUBA
10572588,2022-06-01,TEUSAQUILLO,-74.079,4.62299999999999,True,True,LOS MARTIRES
10572779,2022-06-04,PUENTE ARANDA,-74.116884585,4.59475898599999,True,True,ANTONIO NARINO
10576563,2022-07-19,PUENTE ARANDA,-74.101,4.60300000000001,True,True,LOS MARTIRES
10578842,2022-08-21,PUENTE ARANDA,-74.102,4.602,True,True,LOS MARTIRES
10579959,2022-09-02,PUENTE ARANDA,-74.132,4.60500000000002,True,True,KENNEDY
10583616,2022-11-07,BOSA,-74.16039136832,4.59582908227,True,True,CIUDAD BOLIVAR
10583623,2022-11-04,BOSA,-74.17595460022,4.60601147865,True,True,KENNEDY
10583636,2022-11-04,LOS MÁRTIRES,-74.07620219176,4.60866217437,True,True,SANTA FE
10585513,2022-12-24,KENNEDY,-74.12376848643,4.62516839832,True,True,PUENTE ARANDA
10579392,2022-08-28,CIUDAD BOLÍVAR,-74.097908012,4.61931764000002,True,True,PUENTE ARANDA
10579410,2022-08-27,BOSA,-74.097908012,4.61931764000002,True,True,PUENTE ARANDA
10579416,2022-08-28,KENNEDY,-74.097908012,4.61931764000002,True,True,PUENTE ARANDA
10579429,2022-08-26,KENNEDY,-74.097908012,4.61931764000002,True,True,PUENTE ARANDA
10579431,2022-08-27,BOSA,-74.097908012,4.61931764000002,True,True,PUENTE ARANDA
10579579,2022-08-28,ANTONIO NARIÑO,-74.097908012,4.61931764000002,True,True,PUENTE ARANDA
10579585,2022-08-29,FONTIBÓN,-74.097908012,4.61931764000002,True,True,PUENTE ARANDA
10584079,2022-11-16,TEUSAQUILLO,-74.08889440481,4.62497056118,True,True,PUENTE ARANDA
10571939,2022-05-25,TEUSAQUILLO,-74.093,4.666,True,True,BARRIOS UNIDOS
10572028,2022-05-29,LOS MÁRTIRES,-74.092,4.61399999999998,True,True,PUENTE ARANDA
10579425,2022-08-26,KENNEDY,-74.097908012,4.61931764000002,True,True,PUENTE ARANDA
10579440,2022-08-27,SUBA,-74.097908012,4.61931764000002,True,True,PUENTE ARANDA
10580724,2022-09-15,ENGATIVÁ,-74.12,4.679,True,True,FONTIBON
10580732,2022-09-14,USAQUÉN,-74.097908012,4.61931764000002,True,True,PUENTE ARANDA
10580733,2022-09-14,CHAPINERO,-74.097908012,4.61931764000002,True,True,PUENTE ARANDA
10580734,2022-09-14,USAQUÉN,-74.097908012,4.61931764000002,True,True,PUENTE ARANDA
10580747,2022-09-15,FONTIBÓN,-74.097908012,4.61931764000002,True,True,PUENTE ARANDA
10578137,2022-08-11,SANTA FE,-74.077320298,4.60083385299998,True,True,CANDELARIA
10584007,2022-11-14,USAQUÉN,-74.1873422045,4.62178644495,True,True,BOSA
10581317,2022-09-20,FONTIBÓN,-74.135,4.65,True,True,KENNEDY
10572785,2022-06-04,BOSA,-74.154,4.59699999999998,True,True,CIUDAD BOLIVAR
10577127,2022-07-28,ENGATIVÁ,-74.107,4.65800000000002,True,True,FONTIBON
10577460,2022-07-30,RAFAEL URIBE URIBE,-74.115,4.53699999999998,True,True,USME
10577492,2022-07-31,TEUSAQUILLO,-74.079,4.62299999999999,True,True,LOS MARTIRES
10577827,2022-08-06,BARRIOS UNIDOS,-74.086,4.65499999999997,True,True,TEUSAQUILLO
10579145,2022-08-24,CIUDAD BOLÍVAR,-74.097908012,4.61931764000002,True,True,PUENTE ARANDA
10579165,2022-08-23,ENGATIVÁ,-74.097908012,4.61931764000002,True,True,PUENTE ARANDA
10579259,2022-08-24,ENGATIVÁ,-74.097908012,4.61931764000002,True,True,PUENTE ARANDA
10579264,2022-08-25,KENNEDY,-74.097908012,4.61931764000002,True,True,PUENTE ARANDA
10571191,2022-05-17,ANTONIO NARIÑO,-74.103,4.58100000000002,True,True,RAFAEL URIBE URIBE
10571198,2022-05-17,BOSA,-74.169,4.64699999999999,True,True,KENNEDY
10584629,2022-11-29,TUNJUELITO,-74.12410644476,4.56082565087,True,True,RAFAEL URIBE URIBE
10584679,2022-12-01,SANTA FE,-74.10035346826,4.56441219372,True,True,SAN CRISTOBAL
10579474,2022-08-28,SUBA,-74.097908012,4.61931764000002,True,True,PUENTE ARANDA
10580149,2022-09-06,FONTIBÓN,-74.097908012,4.61931764000002,True,True,PUENTE ARANDA
10580153,2022-09-06,CHAPINERO,-74.097908012,4.61931764000002,True,True,PUENTE ARANDA
10580163,2022-09-06,CHAPINERO,-74.097908012,4.61931764000002,True,True,PUENTE ARANDA
10580171,2022-09-06,FONTIBÓN,-74.097908012,4.61931764000002,True,True,PUENTE ARANDA
10580175,2022-09-06,BOSA,-74.097908012,4.61931764000002,True,True,PUENTE ARANDA
10580178,2022-09-06,BOSA,-74.097908012,4.61931764000002,True,True,PUENTE ARANDA
10579926,2022-09-02,PUENTE ARANDA,-74.117,4.58800000000002,True,True,RAFAEL URIBE URIBE
10583344,2022-10-29,SANTA FE,-74.10414008086,4.58055740163,True,True,RAFAEL URIBE URIBE
10579507,2022-08-29,FONTIBÓN,-74.097908012,4.61931764000002,True,True,PUENTE ARANDA
10579512,2022-08-27,FONTIBÓN,-74.097908012,4.61931764000002,True,True,PUENTE ARANDA
10579518,2022-08-28,SUBA,-74.097908012,4.61931764000002,True,True,PUENTE ARANDA
10579521,2022-08-29,SUBA,-74.097908012,4.61931764000002,True,True,PUENTE ARANDA
10579581,2022-08-24,BARRIOS UNIDOS,-74.097908012,4.61931764000002,True,True,PUENTE ARANDA
10579583,2022-08-29,FONTIBÓN,-74.097908012,4.61931764000002,True,True,PUENTE ARANDA
10571194,2022-05-16,FONTIBÓN,-74.103,4.654,True,True,TEUSAQUILLO
10570322,2022-05-07,RAFAEL URIBE URIBE,-74.099,4.58999999999997,True,True,ANTONIO NARINO
10578217,2022-08-10,SANTA FE,-74.085395184,4.60851154099998,True,True,LOS MARTIRES
10577763,2022-08-05,TEUSAQUILLO,-74.065,4.64699999999999,True,True,CHAPINERO
10577853,2022-08-06,PUENTE ARANDA,-74.090964117,4.61374599700002,True,True,LOS MARTIRES
10584213,2022-11-19,BOSA,-74.17645669815,4.63554660499,True,True,KENNEDY
10577511,2022-08-02,USME,-74.097908012,4.61931764000002,True,True,PUENTE ARANDA
10577532,2022-08-02,BARRIOS UNIDOS,-74.093,4.74700000000001,True,True,SUBA
10579293,2022-08-25,SUBA,-74.097908012,4.61931764000002,True,True,PUENTE ARANDA
10571611,2022-05-22,CIUDAD BOLÍVAR,-74.181,4.58699999999999,True,False,Fuera de polígonos
10571712,2022-05-23,TEUSAQUILLO,-74.084,4.62400000000002,True,True,PUENTE ARANDA
10572461,2022-06-01,ENGATIVÁ,-74.082,4.69900000000001,True,True,SUBA
10583854,2022-11-11,TEUSAQUILLO,-74.10135058348,4.6330978794,True,True,PUENTE ARANDA
10583870,2022-11-10,TUNJUELITO,-74.14500621741,4.59525158768,True,True,KENNEDY
10584804,2022-12-02,BOSA,-74.16395319969,4.59554195151,True,True,CIUDAD BOLIVAR
10584827,2022-12-03,USAQUÉN,-74.05422416462,4.70691284133,True,True,SUBA
10578324,2022-08-12,LOS MÁRTIRES,-74.073,4.60599999999999,True,True,SANTA FE
10583371,2022-10-28,PUENTE ARANDA,-74.12263659422,4.58997925441,True,True,ANTONIO NARINO
10583398,2022-10-29,LOS MÁRTIRES,-74.12693885748,4.64927738069,True,True,FONTIBON
10579977,2022-09-02,USAQUÉN,-74.161,4.642,True,True,KENNEDY
10580907,2022-09-15,PUENTE ARANDA,-74.091429885,4.61420824200002,True,True,LOS MARTIRES
10580909,2022-09-15,LOS MÁRTIRES,-74.078,4.60599999999999,True,True,SANTA FE
10580953,2022-09-16,BOSA,-74.171326794,4.62876737300002,True,True,KENNEDY
10581056,2022-09-19,SAN CRISTÓBAL,-74.095,4.57600000000002,True,True,RAFAEL URIBE URIBE
10581071,2022-09-19,RAFAEL URIBE URIBE,-74.154,4.57499999999999,True,True,CIUDAD BOLIVAR
10570597,2022-05-10,RAFAEL URIBE URIBE,-74.111,4.61700000000002,True,True,PUENTE ARANDA
10572680,2022-06-03,PUENTE ARANDA,-74.128,4.613,True,True,KENNEDY
10572866,2022-06-06,PUENTE ARANDA,-74.102,4.60199999999998,True,True,LOS MARTIRES
10583245,2022-10-30,BOSA,-74.17653290217,4.62401880334,True,True,KENNEDY
10577832,2022-08-07,USAQUÉN,-74.047,4.81,True,True,SUBA
10577883,2022-08-05,RAFAEL URIBE URIBE,-74.13,4.59300000000002,True,True,TUNJUELITO
10578181,2022-08-10,ENGATIVÁ,-74.113,4.66800000000001,True,True,FONTIBON
10581527,2022-09-24,SANTA FE,-74.098,4.552,True,True,SAN CRISTOBAL
10575778,2022-07-10,TUNJUELITO,-74.166,4.57299999999998,True,True,CIUDAD BOLIVAR
10579415,2022-08-26,ENGATIVÁ,-74.097908012,4.61931764000002,True,True,PUENTE ARANDA
10579426,2022-08-27,LOS MÁRTIRES,-74.097908012,4.61931764000002,True,True,PUENTE ARANDA
10584892,2022-12-05,TEUSAQUILLO,-74.10303501074,4.65453857937,True,True,ENGATIVA
10585961,2023-01-03,PUENTE ARANDA,-74.10712269728,4.5981176673,True,True,ANTONIO NARINO
10585881,2022-12-29,TUNJUELITO,-74.141440742,4.595794291,True,True,KENNEDY
10583482,2022-11-02,USAQUÉN,-74.17874304239,4.59897321122,True,True,BOSA
10583485,2022-11-01,TEUSAQUILLO,-74.10743383353,4.63933232468,True,True,PUENTE ARANDA
10583581,2022-10-31,CIUDAD BOLÍVAR,-74.1483965296,4.59513394984,True,True,KENNEDY
10584915,2022-12-04,LOS MÁRTIRES,-74.09221741745,4.61384006456,True,True,PUENTE ARANDA
10584924,2022-12-07,CANDELARIA,-74.07954958861,4.59079203044,True,True,SANTA FE
10578390,2022-08-13,TUNJUELITO,-74.124,4.56099999999998,True,True,RAFAEL URIBE URIBE
10578799,2022-08-19,SANTA FE,-74.089,4.57100000000003,True,True,SAN CRISTOBAL
10578815,2022-08-21,KENNEDY,-74.197,4.604,True,True,BOSA
10569535,2022-04-29,BARRIOS UNIDOS,-74.064,4.68900000000002,True,True,SUBA
10569723,2022-04-30,PUENTE ARANDA,-74.116,4.63999999999999,True,True,FONTIBON
10576872,2022-07-24,CHAPINERO,-74.059,4.68000000000001,True,True,BARRIOS UNIDOS
10577038,2022-07-27,PUENTE ARANDA,-74.123,4.62900000000002,True,True,KENNEDY
10570658,2022-05-09,RAFAEL URIBE URIBE,-74.126,4.572,True,True,TUNJUELITO
10582750,2022-10-16,TUNJUELITO,-74.138,4.595,True,True,KENNEDY
10580765,2022-09-15,ENGATIVÁ,-74.097908012,4.61931764000002,True,True,PUENTE ARANDA
10580768,2022-09-14,RAFAEL URIBE URIBE,-74.097908012,4.61931764000002,True,True,PUENTE ARANDA
10586331,2023-01-14,USAQUÉN,-74.05293134634,4.7147352745,True,True,SUBA
10586334,2023-01-14,CIUDAD BOLÍVAR,-74.146303139,4.595259145,True,True,KENNEDY
10578792,2022-08-19,ANTONIO NARIÑO,-74.086,4.58999999999997,True,True,SANTA FE
10582348,2022-10-06,TUNJUELITO,-74.1251824489,4.5813708466,True,True,RAFAEL URIBE URIBE
10582357,2022-10-06,SANTA FE,-74.169,4.596,True,True,BOSA
10585094,2022-12-12,PUENTE ARANDA,-74.10955277865,4.5902252262,True,True,ANTONIO NARINO
10583457,2022-11-01,TEUSAQUILLO,-74.09971443598,4.65859673319,True,True,ENGATIVA
10583459,2022-11-01,FONTIBÓN,-74.119392993,4.67928692599997,True,True,ENGATIVA
10583499,2022-11-02,ANTONIO NARIÑO,-74.102685587,4.59762007,True,True,LOS MARTIRES
10583507,2022-11-02,PUENTE ARANDA,-74.07381435238,4.58522488997,True,True,SANTA FE
10576971,2022-07-27,USAQUÉN,-74.053,4.71300000000002,True,True,SUBA
10576976,2022-07-25,SANTA FE,-74.074,4.613,True,True,LOS MARTIRES
10574553,2022-06-26,PUENTE ARANDA,-74.102,4.60199999999998,True,True,LOS MARTIRES
10574556,2022-06-27,BARRIOS UNIDOS,-74.089,4.673,True,True,ENGATIVA
10570097,2022-05-04,SANTA FE,-74.075970451,4.601178366,True,True,CANDELARIA
10582398,2022-10-08,SAN CRISTÓBAL,-74.125,4.579,True,True,RAFAEL URIBE URIBE
10582420,2022-10-08,TEUSAQUILLO,-74.071,4.657,True,True,BARRIOS UNIDOS
10583386,2022-10-28,BOSA,-74.18054012244,4.6361242122,True,True,KENNEDY
10583403,2022-10-30,CHAPINERO,-74.03321174567,4.6936969128,True,True,USAQUEN
10570357,2022-05-08,USAQUÉN,-74.051,4.72500000000002,True,True,SUBA
10571995,2022-05-25,LOS MÁRTIRES,-74.157,4.58100000000002,True,True,CIUDAD BOLIVAR
10583688,2022-11-04,TUNJUELITO,-74.13779330785,4.59515683012,True,True,KENNEDY
10583690,2022-10-07,TEUSAQUILLO,-74.08554700796,4.62181585331,True,True,PUENTE ARANDA
10583693,2022-11-03,USAQUÉN,-74.0520597132,4.71905395198,True,True,SUBA
10577665,2022-08-04,PUENTE ARANDA,-74.136,4.59899999999999,True,True,KENNEDY
10577617,2022-08-02,RAFAEL URIBE URIBE,-74.126,4.56999999999999,True,True,TUNJUELITO
10577663,2022-08-04,PUENTE ARANDA,-74.114,4.57799999999997,True,True,RAFAEL URIBE URIBE
10577667,2022-08-04,SANTA FE,-74.102,4.58100000000002,True,True,ANTONIO NARINO
10577669,2022-08-03,TEUSAQUILLO,-74.089,4.66000000000003,True,True,BARRIOS UNIDOS
10582259,2022-10-05,PUENTE ARANDA,-74.132,4.605,True,True,KENNEDY
10582263,2022-10-04,ENGATIVÁ,-74.111,4.661,True,True,FONTIBON
10586427,2023-01-18,FONTIBÓN,-74.1114698273,4.66686121953,True,True,ENGATIVA
10578862,2022-08-20,CIUDAD BOLÍVAR,-74.164,4.596,True,True,BOSA
10578873,2022-08-20,USME,-74.121,4.55099999999999,True,True,RAFAEL URIBE URIBE
10582081,2022-09-30,PUENTE ARANDA,-74.083,4.624,True,True,LOS MARTIRES
10582106,2022-10-01,USAQUÉN,-74.053,4.686,True,True,CHAPINERO
10582112,2022-10-01,PUENTE ARANDA,-74.123,4.629,True,True,KENNEDY
10582169,2022-10-03,LOS MÁRTIRES,-74.096,4.609,True,True,PUENTE ARANDA
10582360,2022-10-08,ANTONIO NARIÑO,-74.084629835,4.58932906699999,True,True,SANTA FE
10584014,2022-11-15,TUNJUELITO,-74.12491110747,4.59400034782,True,True,PUENTE ARANDA
10585174,2022-12-13,CHAPINERO,-74.06848159853,4.6276701329,True,True,SANTA FE
10585199,2022-12-17,TEUSAQUILLO,-74.0780612062,4.65204505356,True,True,BARRIOS UNIDOS
10576774,2022-07-24,SANTA FE,-74.079,4.59199999999998,True,True,CANDELARIA
10576244,2022-07-15,RAFAEL URIBE URIBE,-74.114,4.61500000000001,True,True,PUENTE ARANDA
10577344,2022-07-29,FONTIBÓN,-74.146,4.71199999999999,True,True,ENGATIVA
10581502,2022-09-24,ANTONIO NARIÑO,-74.093,4.571,True,True,SAN CRISTOBAL
10574955,2022-06-30,PUENTE ARANDA,-74.11552983199999,4.59515564600002,True,True,ANTONIO NARINO
10574558,2022-06-28,ANTONIO NARIÑO,-74.107,4.58600000000001,True,True,RAFAEL URIBE URIBE
10570347,2022-05-09,FONTIBÓN,-74.157,4.67899999999997,True,False,Fuera de polígonos
10583559,2022-11-04,RAFAEL URIBE URIBE,-74.12668136542,4.56688961257,True,True,TUNJUELITO
10578348,2022-08-12,CHAPINERO,-74.057,4.68700000000001,True,True,USAQUEN
10579096,2022-08-22,TEUSAQUILLO,-74.065764295,4.64993093800001,True,True,BARRIOS UNIDOS
10579157,2022-08-23,SUBA,-74.097908012,4.61931764000002,True,True,PUENTE ARANDA
10573157,2022-06-09,SANTA FE,-74.07,4.59199999999998,True,True,CANDELARIA
10583761,2022-11-09,USAQUÉN,-74.09391550009,4.70220035452,True,True,ENGATIVA
10578083,2022-08-08,TUNJUELITO,-74.152,4.596,True,True,KENNEDY
10578088,2022-08-08,FONTIBÓN,-74.106,4.65800000000002,True,True,ENGATIVA
10578097,2022-08-08,ANTONIO NARIÑO,-74.109,4.589,True,True,RAFAEL URIBE URIBE
10574317,2022-06-22,SANTA FE,-74.089,4.61099999999999,True,True,LOS MARTIRES
10562710,2022-02-06,KENNEDY,-74.129,4.60899999999998,True,True,PUENTE ARANDA
10565021,2022-03-04,PUENTE ARANDA,-74.088,4.61799999999999,True,True,LOS MARTIRES
10565037,2022-03-07,ANTONIO NARIÑO,-74.102710834,4.59508135300001,True,True,LOS MARTIRES
10565857,2022-03-17,PUENTE ARANDA,-74.098,4.60599999999999,True,True,LOS MARTIRES
10565959,2022-03-17,SANTA FE,-74.097,4.553,True,True,SAN CRISTOBAL
10562162,2022-01-29,TEUSAQUILLO,-74.085,4.62200000000001,True,True,LOS MARTIRES
10566531,2022-03-21,CIUDAD BOLÍVAR,-74.149,4.59500000000003,True,True,TUNJUELITO
10565935,2022-03-17,FONTIBÓN,-74.112,4.66699999999997,True,True,ENGATIVA
10560857,2022-01-18,CIUDAD BOLÍVAR,-74.079,4.642,True,True,TEUSAQUILLO
10568183,2022-04-07,BARRIOS UNIDOS,-74.1,4.65899999999999,True,True,ENGATIVA
10570697,2022-05-11,USAQUÉN,-74.054,4.70699999999999,True,True,SUBA
10570735,2022-05-12,LOS MÁRTIRES,-74.101,4.60399999999998,True,True,PUENTE ARANDA
10570967,2022-05-15,PUENTE ARANDA,-74.126,4.62099999999998,True,True,KENNEDY
10564759,2022-03-03,SUBA,-74.055,4.69999999999999,True,True,USAQUEN
10569111,2022-04-23,ENGATIVÁ,-74.07,4.69499999999999,True,True,SUBA
10569128,2022-04-25,USAQUÉN,-74.043,4.77300000000002,True,True,SUBA
10569144,2022-04-25,KENNEDY,-74.179,4.63,True,True,BOSA
10569147,2022-04-25,BOSA,-74.177,4.62799999999999,True,True,KENNEDY
10569158,2022-04-25,CIUDAD BOLÍVAR,-74.153,4.589,True,True,TUNJUELITO
10572111,2022-05-26,USAQUÉN,-74.041,4.78500000000003,True,True,SUBA
10572158,2022-05-29,CIUDAD BOLÍVAR,-74.064788684,4.65767362299999,True,True,BARRIOS UNIDOS
10561632,2022-01-26,BOSA,-74.165,4.58800000000002,True,True,CIUDAD BOLIVAR
10569650,2022-04-29,SAN CRISTÓBAL,-74.1,4.57600000000002,True,True,RAFAEL URIBE URIBE
10575067,2022-07-01,SAN CRISTÓBAL,-74.1,4.56999999999999,True,True,RAFAEL URIBE URIBE
10571218,2022-05-18,LOS MÁRTIRES,-74.09,4.59199999999998,True,True,ANTONIO NARINO
10563712,2022-02-22,ENGATIVÁ,-74.077,4.71499999999997,True,True,SUBA
10565235,2022-03-09,LOS MÁRTIRES,-74.075,4.61099999999999,True,True,SANTA FE
10565702,2022-03-15,TEUSAQUILLO,-74.078,4.65199999999999,True,True,BARRIOS UNIDOS
10565963,2022-03-15,TUNJUELITO,-74.144,4.596,True,True,KENNEDY
10563089,2022-02-09,FONTIBÓN,-74.142,4.654,True,True,KENNEDY
10563094,2022-02-10,PUENTE ARANDA,-74.096,4.63999999999999,True,True,TEUSAQUILLO
10568820,2022-04-21,ENGATIVÁ,-74.083,4.67599999999999,True,True,BARRIOS UNIDOS
10563587,2022-02-18,BOSA,-74.173,4.596,True,True,CIUDAD BOLIVAR
10568055,2022-04-09,BOSA,-74.185,4.61700000000002,True,True,KENNEDY
10568889,2022-04-22,USAQUÉN,-74.063,4.654,True,True,CHAPINERO
10570147,2022-05-05,FONTIBÓN,-74.04,4.69499999999999,True,True,USAQUEN
10570365,2022-05-06,CHAPINERO,-74.031,4.67700000000002,True,True,USAQUEN
10570977,2022-05-14,CIUDAD BOLÍVAR,-74.141,4.577,True,True,TUNJUELITO
10571453,2022-05-20,BOSA,-74.158,4.596,True,True,CIUDAD BOLIVAR
10572336,2022-05-31,BOSA,-74.15506205,4.596600615,True,True,CIUDAD BOLIVAR
10569182,2022-04-21,RAFAEL URIBE URIBE,-74.128,4.57900000000001,True,True,TUNJUELITO
10572117,2022-05-27,USAQUÉN,-74.050175856,4.68530138599999,True,True,CHAPINERO
10572133,2022-05-27,CHAPINERO,-74.061,4.666,True,True,BARRIOS UNIDOS
10572843,2022-06-06,SANTA FE,-74.074,4.613,True,True,LOS MARTIRES
10572863,2022-06-05,USAQUÉN,-74.044,4.76799999999997,True,True,SUBA
10572892,2022-06-05,BOSA,-74.179,4.63299999999998,True,True,KENNEDY
10561711,2022-01-26,CHAPINERO,-74.063,4.65899999999999,True,True,BARRIOS UNIDOS
10572904,2022-06-06,LOS MÁRTIRES,-74.107,4.59800000000001,True,True,ANTONIO NARINO
10567376,2022-04-02,USAQUÉN,-74.052,4.72199999999998,True,True,SUBA
10569255,2022-04-25,CHAPINERO,-74.06,4.67099999999999,True,True,BARRIOS UNIDOS
10569262,2022-04-26,PUENTE ARANDA,-74.113,4.64299999999997,True,True,FONTIBON
10567831,2022-04-07,CHAPINERO,-74.038,4.68000000000001,True,True,USAQUEN
10570525,2022-05-09,SANTA FE,-74.085,4.59699999999998,True,True,LOS MARTIRES
10573344,2022-06-12,ANTONIO NARIÑO,-74.105,4.584,True,True,RAFAEL URIBE URIBE
10560420,2022-01-07,KENNEDY,-74.081704086,4.57788202699999,True,True,SAN CRISTOBAL
10560574,2022-01-10,ENGATIVÁ,-74.063,4.649,True,True,CHAPINERO
10565512,2022-03-13,PUENTE ARANDA,-74.107,4.59800000000001,True,True,ANTONIO NARINO
10559954,2021-12-31,BARRIOS UNIDOS,-74.085553478,4.681080243,True,True,ENGATIVA
10560333,2022-01-05,FONTIBÓN,-74.110206487,4.74722312900002,True,True,SUBA
10560341,2022-01-09,TUNJUELITO,-74.177729433,4.58637191100001,True,True,CIUDAD BOLIVAR
10563798,2022-02-23,USAQUÉN,-74.094,4.56799999999998,True,True,SAN CRISTOBAL
10564775,2022-03-04,ANTONIO NARIÑO,-74.126,4.596,True,True,PUENTE ARANDA
10564779,2022-03-04,PUENTE ARANDA,-74.084,4.63200000000001,True,True,TEUSAQUILLO
10559866,2021-12-29,CHAPINERO,-74.159205303,4.570006933,True,True,CIUDAD BOLIVAR
10559978,2022-01-02,SANTA FE,-74.074339788,4.61280755199999,True,True,LOS MARTIRES
10565538,2022-03-12,FONTIBÓN,-74.112,4.66699999999997,True,True,ENGATIVA
10560683,2022-01-14,LOS MÁRTIRES,-74.094761318,4.61040989100002,True,True,PUENTE ARANDA
10560698,2022-01-15,PUENTE ARANDA,-74.091982478,4.60681018700001,True,True,LOS MARTIRES
10560766,2022-01-17,TEUSAQUILLO,-74.08,4.67000000000002,True,True,BARRIOS UNIDOS
10560849,2022-01-17,ANTONIO NARIÑO,-74.094149827,4.57510283400001,True,True,SAN CRISTOBAL
10573775,2022-06-15,BARRIOS UNIDOS,-74.086,4.65499999999997,True,True,TEUSAQUILLO
10564636,2022-02-28,SANTA FE,-74.081,4.59300000000002,True,True,CANDELARIA
10566601,2022-03-25,SANTA FE,-74.08,4.59199999999998,True,True,CANDELARIA
10572147,2022-05-27,SANTA FE,-74.077339401,4.61248139399999,True,True,LOS MARTIRES
10560530,2022-01-11,SAN CRISTÓBAL,-74.063,4.62700000000001,True,True,CHAPINERO
10566147,2022-03-22,RAFAEL URIBE URIBE,-74.127,4.56700000000001,True,True,TUNJUELITO
10563389,2022-02-17,RAFAEL URIBE URIBE,-74.123,4.58999999999997,True,True,ANTONIO NARINO
10572891,2022-06-06,TEUSAQUILLO,-74.085,4.66699999999997,True,True,BARRIOS UNIDOS
10575818,2022-07-11,ENGATIVÁ,-74.18,4.62599999999998,True,True,BOSA
10561294,2022-01-21,KENNEDY,-74.145,4.59500000000003,True,True,TUNJUELITO
10562618,2022-02-05,BOSA,-74.105,4.69799999999998,True,True,ENGATIVA
10562654,2022-02-07,FONTIBÓN,-74.088,4.68099999999998,True,True,ENGATIVA
10573974,2022-06-19,RAFAEL URIBE URIBE,-74.098641236,4.57106518099999,True,True,SAN CRISTOBAL
10566702,2022-03-24,BOSA,-74.162,4.59500000000003,True,True,CIUDAD BOLIVAR
10568374,2022-04-16,SANTA FE,-74.069,4.59899999999999,True,True,CANDELARIA
10574818,2022-06-28,CHAPINERO,-74.065,4.64999999999998,True,True,BARRIOS UNIDOS
10561447,2022-01-31,BOSA,-74.175450654,4.61924693399999,True,True,KENNEDY
10561479,2022-01-23,SUBA,-74.049,4.70600000000002,True,True,USAQUEN
10563385,2022-02-20,ENGATIVÁ,-74.127,4.649,True,True,FONTIBON
10563407,2022-02-19,TUNJUELITO,-74.138,4.59500000000003,True,True,KENNEDY
10563433,2022-02-18,BARRIOS UNIDOS,-74.082,4.68200000000002,True,True,ENGATIVA
10560758,2022-01-15,BOSA,-74.180129039,4.58252173900001,True,True,CIUDAD BOLIVAR
10560771,2022-01-17,PUENTE ARANDA,-74.135,4.59399999999999,True,True,TUNJUELITO
10560871,2022-01-19,SAN CRISTÓBAL,-74.098281569,4.572134683,True,True,RAFAEL URIBE URIBE
10560878,2022-01-19,FONTIBÓN,-74.106541717,4.66613538399997,True,True,ENGATIVA
10560958,2022-01-19,BARRIOS UNIDOS,-74.088291931,4.69616972,True,True,ENGATIVA
10560917,2022-01-19,CHAPINERO,-74.063670515,4.65525330399998,True,True,BARRIOS UNIDOS
10560953,2022-01-19,PUENTE ARANDA,-74.084076967,4.61064680499999,True,True,LOS MARTIRES
10562123,2022-02-04,KENNEDY,-74.112,4.666,True,True,FONTIBON
10562703,2022-02-06,ANTONIO NARIÑO,-74.104,4.58300000000003,True,True,RAFAEL URIBE URIBE
10563620,2022-02-21,FONTIBÓN,-74.118,4.67700000000002,True,True,ENGATIVA
10573358,2022-06-09,TUNJUELITO,-74.138,4.59500000000003,True,True,KENNEDY
10570497,2022-05-08,USME,-74.093,4.52699999999999,True,True,SAN CRISTOBAL
10564247,2022-02-26,TUNJUELITO,-74.125077099,4.56422764400003,True,True,RAFAEL URIBE URIBE
10564248,2022-02-27,BOSA,-74.172,4.61000000000001,True,True,KENNEDY
10564888,2022-03-04,TUNJUELITO,-74.124,4.58100000000002,True,True,RAFAEL URIBE URIBE
10564903,2022-03-04,BARRIOS UNIDOS,-74.099,4.64800000000002,True,True,TEUSAQUILLO
10573987,2022-06-20,FONTIBÓN,-74.149,4.65899999999999,True,True,KENNEDY
10574781,2022-06-28,CIUDAD BOLÍVAR,-74.126,4.52499999999998,True,True,USME
10571004,2022-05-14,SUBA,-74.055,4.69999999999999,True,True,USAQUEN
10568399,2022-04-13,KENNEDY,-74.177,4.59699999999998,True,True,BOSA
10568430,2022-04-11,TEUSAQUILLO,-74.074,4.61700000000002,True,True,LOS MARTIRES
10574948,2022-06-30,ANTONIO NARIÑO,-74.1,4.57900000000001,True,True,RAFAEL URIBE URIBE
10565768,2022-03-15,PUENTE ARANDA,-74.132,4.60500000000002,True,True,KENNEDY
10565838,2022-03-16,TEUSAQUILLO,-74.095,4.62700000000001,True,True,PUENTE ARANDA
10562661,2022-02-06,CIUDAD BOLÍVAR,-74.105,4.67399999999998,True,True,ENGATIVA
10568706,2022-04-19,LOS MÁRTIRES,-74.076,4.60899999999998,True,True,SANTA FE
10562714,2022-02-06,KENNEDY,-74.117,4.60000000000002,True,True,PUENTE ARANDA
10562728,2022-02-06,BOSA,-74.155,4.59699999999998,True,True,CIUDAD BOLIVAR
10564266,2022-02-27,SANTA FE,-74.078,4.60700000000003,True,True,LOS MARTIRES
10564459,2022-02-28,LOS MÁRTIRES,-74.103,4.58100000000002,True,True,RAFAEL URIBE URIBE
10564621,2022-03-01,CHAPINERO,-74.064,4.654,True,True,BARRIOS UNIDOS
10574131,2022-06-19,ANTONIO NARIÑO,-74.103,4.58100000000002,True,True,RAFAEL URIBE URIBE
10566757,2022-03-26,ENGATIVÁ,-74.076,4.666,True,True,BARRIOS UNIDOS
10568522,2022-04-13,ENGATIVÁ,-74.12,4.67899999999997,True,True,FONTIBON
10567357,2022-04-03,USAQUÉN,-74.053,4.71499999999997,True,True,SUBA
10567382,2022-04-01,TUNJUELITO,-74.107,4.50700000000001,True,True,USME
10567388,2022-04-01,SUBA,-74.046,4.75299999999999,True,True,USAQUEN
10559894,2021-12-30,BARRIOS UNIDOS,-74.086553758,4.68933448299998,True,True,ENGATIVA
10559957,2022-01-01,CIUDAD BOLÍVAR,-74.088472872,4.53858548300002,True,True,SAN CRISTOBAL
10570775,2022-05-12,SANTA FE,-74.09,4.58199999999999,True,True,ANTONIO NARINO
10570969,2022-05-15,KENNEDY,-74.18721179,4.61564885899998,True,True,BOSA
10560711,2022-01-15,LOS MÁRTIRES,-74.084423646,4.59710790899999,True,True,SANTA FE
10573613,2022-06-13,USAQUÉN,-74.095,4.59899999999999,True,True,LOS MARTIRES
10561493,2022-01-23,KENNEDY,-74.203,4.608,True,True,BOSA
10561543,2022-01-24,LOS MÁRTIRES,-74.079857309,4.60370646500002,True,True,SANTA FE
10562734,2022-02-07,BOSA,-74.177,4.62599999999998,True,True,KENNEDY
10562740,2022-02-11,USAQUÉN,-74.122,4.709,True,True,ENGATIVA
10560729,2022-01-15,USME,-74.091,4.51799999999997,True,True,SAN CRISTOBAL
10568339,2022-04-12,SAN CRISTÓBAL,-74.09,4.517,True,True,USME
10568367,2022-04-13,PUENTE ARANDA,-74.1,4.60399999999998,True,True,LOS MARTIRES
10567448,2022-04-02,BOSA,-74.154,4.596,True,True,CIUDAD BOLIVAR
10568035,2022-04-10,SANTA FE,-74.084,4.59800000000001,True,True,LOS MARTIRES
10563530,2022-02-21,KENNEDY,-74.094,4.697,True,True,ENGATIVA
10563546,2022-02-18,SAN CRISTÓBAL,-74.09,4.58199999999999,True,True,ANTONIO NARINO
10560156,2022-01-04,RAFAEL URIBE URIBE,-74.086120878,4.60218360200003,True,True,LOS MARTIRES
10560189,2022-01-04,FONTIBÓN,-74.116375825,4.67462078400001,True,True,ENGATIVA
10560215,2022-01-04,BARRIOS UNIDOS,-74.065665559,4.68954195100002,True,True,SUBA
10562234,2022-02-05,CIUDAD BOLÍVAR,-74.153372983,4.58895013,True,True,TUNJUELITO
10562239,2022-01-29,RAFAEL URIBE URIBE,-74.102286988,4.56694922200001,True,True,SAN CRISTOBAL
10562259,2022-01-31,KENNEDY,-74.11,4.66500000000002,True,True,ENGATIVA
10562287,2022-02-01,TEUSAQUILLO,-74.101,4.65699999999998,True,True,ENGATIVA
10562286,2022-02-01,KENNEDY,-74.095,4.60399999999998,True,True,LOS MARTIRES
10573795,2022-06-15,ANTONIO NARIÑO,-74.123,4.55900000000003,True,True,RAFAEL URIBE URIBE
10573521,2022-06-12,USME,-74.148,4.50299999999999,True,True,CIUDAD BOLIVAR
10573566,2022-06-13,PUENTE ARANDA,-74.088,4.61799999999999,True,True,LOS MARTIRES
10573571,2022-06-15,CHAPINERO,-74.014,4.66699999999997,True,True,USAQUEN
10574647,2022-06-28,ANTONIO NARIÑO,-74.103,4.58100000000002,True,True,RAFAEL URIBE URIBE
10561547,2022-01-24,SAN CRISTÓBAL,-74.096,4.577,True,True,ANTONIO NARINO
10561636,2022-01-25,LOS MÁRTIRES,-74.096,4.60899999999998,True,True,PUENTE ARANDA
10562757,2022-02-08,USAQUÉN,-74.062,4.74799999999999,True,True,SUBA
10562765,2022-02-11,BOSA,-74.177966451,4.63053225099998,True,True,KENNEDY
10560819,2022-01-18,BOSA,-74.178730347,4.57804457200001,True,True,CIUDAD BOLIVAR
10560894,2022-01-19,USAQUÉN,-74.051808257,4.72176805800001,True,True,SUBA
10562148,2022-01-30,ENGATIVÁ,-74.083,4.697,True,True,SUBA
10559875,2021-12-29,ENGATIVÁ,-74.182522809,4.63278999400001,True,True,BOSA
10559879,2021-12-29,BARRIOS UNIDOS,-74.092316429,4.67507208000001,True,True,ENGATIVA
10559941,2021-12-30,KENNEDY,-74.137,4.65800000000002,True,True,FONTIBON
10563049,2022-02-17,ANTONIO NARIÑO,-74.106967945,4.59829490800001,True,True,LOS MARTIRES
10574514,2022-06-24,BOSA,-74.162,4.59500000000003,True,True,CIUDAD BOLIVAR
10574563,2022-06-27,CIUDAD BOLÍVAR,-74.100330975,4.67945211599999,True,True,ENGATIVA
10560889,2022-01-20,KENNEDY,-74.119,4.67899999999997,True,True,ENGATIVA
10562244,2022-01-28,TUNJUELITO,-74.138,4.59500000000003,True,True,KENNEDY
10562342,2022-01-31,KENNEDY,-74.144,4.59500000000003,True,True,TUNJUELITO
10564891,2022-03-03,RAFAEL URIBE URIBE,-74.127,4.56700000000001,True,True,TUNJUELITO
10564915,2022-03-05,BARRIOS UNIDOS,-74.109,4.67500000000001,True,True,ENGATIVA
10565035,2022-03-05,USAQUÉN,-74.043,4.68200000000002,True,True,CHAPINERO
10572433,2022-06-01,BARRIOS UNIDOS,-74.069,4.69,True,True,SUBA
10561110,2022-01-26,ANTONIO NARIÑO,-74.120039847,4.59430995299999,True,True,PUENTE ARANDA
10561420,2022-01-23,ANTONIO NARIÑO,-74.111,4.60199999999998,True,True,PUENTE ARANDA
10562242,2022-01-29,KENNEDY,-74.136798386,4.59685844699999,True,True,PUENTE ARANDA
10560866,2022-01-19,LOS MÁRTIRES,-74.097239597,4.60797244399998,True,True,PUENTE ARANDA
10563222,2022-02-11,BARRIOS UNIDOS,-74.086,4.65499999999997,True,True,TEUSAQUILLO
10574600,2022-06-28,ANTONIO NARIÑO,-74.089,4.59199999999998,True,True,LOS MARTIRES
10574832,2022-06-28,KENNEDY,-74.122,4.62900000000002,True,True,PUENTE ARANDA
10565142,2022-03-07,TEUSAQUILLO,-74.107,4.64999999999998,True,True,FONTIBON
10565221,2022-03-09,CANDELARIA,-74.086,4.577,True,True,SAN CRISTOBAL
10573903,2022-06-18,TUNJUELITO,-74.127,4.58699999999999,True,True,RAFAEL URIBE URIBE
10563092,2022-02-17,USAQUÉN,-74.066,4.65600000000001,True,True,BARRIOS UNIDOS
10564923,2022-03-03,SANTA FE,-74.073,4.61599999999999,True,True,TEUSAQUILLO
10563788,2022-02-23,KENNEDY,-74.096,4.64299999999997,True,True,TEUSAQUILLO
10564195,2022-02-23,FONTIBÓN,-74.129,4.69900000000001,True,True,ENGATIVA
10564205,2022-02-25,SANTA FE,-74.09,4.613,True,True,LOS MARTIRES
10564504,2022-03-01,FONTIBÓN,-74.12,4.726,True,True,ENGATIVA
10567034,2022-03-29,FONTIBÓN,-74.112,4.66699999999997,True,True,ENGATIVA
10567066,2022-03-28,ANTONIO NARIÑO,-74.08971104,4.60788094499998,True,True,LOS MARTIRES
10567067,2022-03-29,SANTA FE,-74.077,4.59300000000002,True,True,CANDELARIA
10568985,2022-04-24,SAN CRISTÓBAL,-74.091,4.58300000000003,True,True,ANTONIO NARINO
10569015,2022-04-22,FONTIBÓN,-74.151,4.66000000000003,True,True,KENNEDY
10566328,2022-03-20,CIUDAD BOLÍVAR,-74.206,4.60700000000003,True,True,BOSA
10566347,2022-03-17,TUNJUELITO,-74.123,4.589,True,True,RAFAEL URIBE URIBE
10566374,2022-03-18,LOS MÁRTIRES,-74.075,4.61099999999999,True,True,SANTA FE
10566397,2022-03-19,ANTONIO NARIÑO,-74.103,4.58100000000002,True,True,RAFAEL URIBE URIBE
10566403,2022-03-20,RAFAEL URIBE URIBE,-74.13,4.56999999999999,True,True,TUNJUELITO
10571526,2022-05-21,FONTIBÓN,-74.112,4.66699999999997,True,True,ENGATIVA
10566385,2022-03-18,TEUSAQUILLO,-74.076,4.65199999999999,True,True,BARRIOS UNIDOS
10564810,2022-03-03,PUENTE ARANDA,-74.116,4.63999999999999,True,True,FONTIBON
10565759,2022-03-13,ANTONIO NARIÑO,-74.1,4.57900000000001,True,True,RAFAEL URIBE URIBE
10566456,2022-03-23,BARRIOS UNIDOS,-74.094,4.666,True,True,ENGATIVA
10565086,2022-03-08,USAQUÉN,-74.037,4.80900000000003,True,True,SUBA
10565207,2022-03-09,ANTONIO NARIÑO,-74.116,4.59800000000001,True,True,PUENTE ARANDA
10562694,2022-02-07,CANDELARIA,-74.083,4.596,True,True,SANTA FE
10567296,2022-04-01,CHAPINERO,-74.038,4.68000000000001,True,True,USAQUEN
10565407,2022-03-11,PUENTE ARANDA,-74.1,4.60399999999998,True,True,LOS MARTIRES
10568974,2022-04-22,BOSA,-74.171,4.596,True,True,CIUDAD BOLIVAR
10571877,2022-05-24,SANTA FE,-74.072,4.60000000000002,True,True,CANDELARIA
10572400,2022-05-31,TEUSAQUILLO,-74.107,4.649,True,True,FONTIBON
10560389,2022-01-07,TUNJUELITO,-74.134616057,4.61753472499998,True,True,KENNEDY
10560365,2022-01-08,KENNEDY,-74.119220146,4.63612843700002,True,True,PUENTE ARANDA
10573745,2022-06-14,KENNEDY,-74.113,4.661,True,True,FONTIBON
10566615,2022-03-24,BOSA,-74.176,4.63299999999998,True,True,KENNEDY
10567154,2022-03-31,USAQUÉN,-74.041,4.78500000000003,True,True,SUBA
10565420,2022-03-10,TUNJUELITO,-74.127,4.59399999999999,True,True,PUENTE ARANDA
10567091,2022-03-29,ENGATIVÁ,-74.12,4.67899999999997,True,True,FONTIBON
10567095,2022-03-29,TEUSAQUILLO,-74.141172053,4.59442867600001,True,True,TUNJUELITO
10569324,2022-04-25,SANTA FE,-74.079577465,4.59727390199998,True,True,CANDELARIA
10562660,2022-02-07,TEUSAQUILLO,-74.081,4.65300000000002,True,True,BARRIOS UNIDOS
10562709,2022-02-07,LOS MÁRTIRES,-74.092,4.61399999999998,True,True,PUENTE ARANDA
10567975,2022-04-10,SANTA FE,-74.079,4.59800000000001,True,True,CANDELARIA
10572869,2022-06-06,USAQUÉN,-74.051,4.726,True,True,SUBA
10561190,2022-01-20,ENGATIVÁ,-74.075,4.69799999999998,True,True,SUBA
10573773,2022-06-16,CHAPINERO,-74.03,4.67599999999999,True,True,USAQUEN
10573877,2022-06-18,SAN CRISTÓBAL,-74.098148688,4.572328895,True,True,RAFAEL URIBE URIBE
10573928,2022-06-17,CIUDAD BOLÍVAR,-74.122,4.51400000000001,True,True,USME
10575039,2022-07-01,BARRIOS UNIDOS,-74.096,4.66300000000001,True,True,TEUSAQUILLO
10566634,2022-03-24,BARRIOS UNIDOS,-74.068,4.69,True,True,SUBA
10566651,2022-03-24,FONTIBÓN,-74.151,4.661,True,True,KENNEDY
10566683,2022-03-24,KENNEDY,-74.134,4.654,True,True,FONTIBON
10565515,2022-03-12,KENNEDY,-74.129,4.60899999999998,True,True,PUENTE ARANDA
10568813,2022-04-21,KENNEDY,-74.111,4.55900000000003,True,True,RAFAEL URIBE URIBE
10567784,2022-04-06,SUBA,-74.055,4.69999999999999,True,True,USAQUEN
10562758,2022-02-13,SANTA FE,-74.089,4.72399999999999,True,True,SUBA
10562770,2022-02-12,USAQUÉN,-74.095084189,4.57627731500003,True,True,ANTONIO NARINO
10562768,2022-02-12,USAQUÉN,-74.098,4.58600000000001,True,True,ANTONIO NARINO
10562774,2022-02-14,BOSA,-74.158,4.596,True,True,CIUDAD BOLIVAR
10562793,2022-02-08,ANTONIO NARIÑO,-74.115649554,4.58827190300002,True,True,RAFAEL URIBE URIBE
10562795,2022-02-14,BOSA,-74.177,4.62599999999998,True,True,KENNEDY
10562798,2022-02-14,LOS MÁRTIRES,-74.085,4.62299999999999,True,True,PUENTE ARANDA
10560218,2022-01-04,ENGATIVÁ,-74.151,4.62599999999998,True,True,KENNEDY
10573454,2022-06-13,BOSA,-74.158,4.596,True,True,CIUDAD BOLIVAR
10562292,2022-02-01,SANTA FE,-74.078,4.56700000000001,True,True,SAN CRISTOBAL
10562294,2022-02-01,ANTONIO NARIÑO,-74.099,4.59500000000003,True,True,LOS MARTIRES
10573973,2022-06-16,ENGATIVÁ,-74.114,4.66399999999999,True,True,FONTIBON
10560239,2022-01-03,ANTONIO NARIÑO,-74.123271408,4.59408235000001,True,True,PUENTE ARANDA
10561695,2022-01-26,BARRIOS UNIDOS,-74.076,4.65100000000001,True,True,TEUSAQUILLO
10574268,2022-06-23,USAQUÉN,-74.05,4.73200000000003,True,True,SUBA
10566339,2022-03-18,CIUDAD BOLÍVAR,-74.145,4.59500000000003,True,True,TUNJUELITO
10563415,2022-02-19,CIUDAD BOLÍVAR,-74.153,4.589,True,True,TUNJUELITO
10560299,2022-01-05,USAQUÉN,-74.050843381,4.727626375,True,True,SUBA
10562478,2022-02-03,PUENTE ARANDA,-74.101,4.60300000000001,True,True,LOS MARTIRES
10562513,2022-02-06,LOS MÁRTIRES,-74.096,4.61000000000001,True,True,PUENTE ARANDA
10565701,2022-03-15,USAQUÉN,-74.042,4.77800000000002,True,True,SUBA
10561477,2022-01-21,SANTA FE,-74.085,4.59699999999998,True,True,LOS MARTIRES
10562131,2022-02-04,SAN CRISTÓBAL,-74.121,4.55900000000003,True,True,RAFAEL URIBE URIBE
10562156,2022-02-04,PUENTE ARANDA,-74.169,4.61099999999999,True,True,KENNEDY
10565837,2022-03-15,PUENTE ARANDA,-74.135,4.60000000000002,True,True,KENNEDY
10565927,2022-03-16,SAN CRISTÓBAL,-74.09,4.58199999999999,True,True,ANTONIO NARINO
10562171,2022-01-31,BARRIOS UNIDOS,-74.062,4.65800000000002,True,True,CHAPINERO
10562177,2022-01-31,FONTIBÓN,-74.116,4.67500000000001,True,True,ENGATIVA
10560669,2022-01-13,PUENTE ARANDA,-74.125741715,4.62047289100002,True,True,KENNEDY
10560688,2022-01-14,USAQUÉN,-74.04535323,4.76088676799998,True,True,SUBA
10560826,2022-01-18,ENGATIVÁ,-74.091667391,4.66827093799998,True,True,BARRIOS UNIDOS
10573377,2022-06-13,CIUDAD BOLÍVAR,-74.107,4.50700000000001,True,True,USME
10564181,2022-02-24,KENNEDY,-74.137,4.65800000000002,True,True,FONTIBON
10564250,2022-02-24,BOSA,-74.177,4.62700000000001,True,True,KENNEDY
10564285,2022-02-27,BARRIOS UNIDOS,-74.068,4.69,True,True,SUBA
10572027,2022-05-28,CANDELARIA,-74.077,4.58999999999997,True,True,SANTA FE
10600014,2023-12-25,TUNJUELITO,-74.12668672983,4.57597877483,True,True,RAFAEL URIBE URIBE
10601474,2024-02-08,PUENTE ARANDA,-74.12734692786,4.59216838196,True,True,ANTONIO NARINO
10608009,2024-07-27,ENGATIVÁ,-74.11962894472,4.67896200409,True,True,FONTIBON
10602958,2024-03-15,TEUSAQUILLO,-74.07796732758,4.62242710926,True,True,LOS MARTIRES
10607267,2024-07-06,BOSA,-74.14291543548,4.65311233859,True,True,KENNEDY
10607060,2024-06-27,KENNEDY,-74.12902787086,4.60937713742,True,True,PUENTE ARANDA
10607698,2024-07-18,LOS MÁRTIRES,-74.0951314343,4.61046770083,True,True,PUENTE ARANDA
10608083,2024-07-26,CANDELARIA,-74.08119110052,4.59525158768,True,True,SANTA FE
10610360,2024-09-23,TEUSAQUILLO,-74.09333614294,4.6661729603,True,True,BARRIOS UNIDOS
10611412,2024-10-19,SAN CRISTÓBAL,-74.12301961425,4.55611882729,True,True,TUNJUELITO
10611426,2024-10-19,SANTA FE,-74.07805828039,4.6000239247,True,True,CANDELARIA
10609111,2024-08-24,USAQUÉN,-74.05679909174,4.71125703399,True,True,SUBA
10609845,2024-09-11,BARRIOS UNIDOS,-74.09105156967,4.66971149835,True,True,ENGATIVA
10592919,2023-06-27,PUENTE ARANDA,-74.11448648818,4.64121628374,True,True,FONTIBON
10599760,2023-12-17,USME,-74.1211130995,4.54570830314,True,True,RAFAEL URIBE URIBE
10595462,2023-08-30,CIUDAD BOLÍVAR,-74.15349272673,4.58920390799,True,True,TUNJUELITO
10590090,2023-04-18,BARRIOS UNIDOS,-74.10437282939,4.68437543062,True,True,ENGATIVA
10598722,2023-11-24,PUENTE ARANDA,-74.10146860068,4.6024916248,True,True,LOS MARTIRES
10595994,2023-04-12,TUNJUELITO,-74.15163057064,4.53946301652,True,True,CIUDAD BOLIVAR
10597380,2023-10-20,ANTONIO NARIÑO,-74.08768204683,4.58530868943,True,True,SAN CRISTOBAL
10594338,2023-08-07,SUBA,-74.04770223264,4.74182794021,True,True,USAQUEN
10594341,2023-08-02,RAFAEL URIBE URIBE,-74.10241273825,4.58128463193,True,True,ANTONIO NARINO
10586806,2023-01-27,CANDELARIA,-74.07741455023,4.5901396708,True,True,SANTA FE
10604719,2024-04-23,USAQUÉN,-74.04404787009,4.76812054566,True,True,SUBA
10611062,2024-10-10,BOSA,-74.17536882346,4.59659239036,True,True,CIUDAD BOLIVAR
10608673,2024-08-14,CIUDAD BOLÍVAR,-74.13832838001,4.56729343992,True,True,TUNJUELITO
10611745,2024-10-25,SAN CRISTÓBAL,-74.10880640199,4.56534840993,True,True,RAFAEL URIBE URIBE
10607201,2024-07-04,TEUSAQUILLO,-74.07049981539,4.65065149836,True,True,BARRIOS UNIDOS
10606572,2024-06-16,SANTA FE,-74.06915066426,4.62462033583,True,True,TEUSAQUILLO
10600577,2024-01-15,USAQUÉN,-74.03633383696,4.81513036467,True,True,SUBA
10592816,2023-06-23,PUENTE ARANDA,-74.10396712443,4.59854765064,True,True,LOS MARTIRES
10587431,2023-02-08,ANTONIO NARIÑO,-74.09039347662,4.61610620401,True,True,PUENTE ARANDA
10592953,2023-06-28,LOS MÁRTIRES,-74.08840087836,4.61834031144,True,True,PUENTE ARANDA
10597895,2023-11-06,RAFAEL URIBE URIBE,-74.12664982385,4.56706906948,True,True,TUNJUELITO
10587428,2023-02-11,BOSA,-74.15814416567,4.59619657804,True,True,CIUDAD BOLIVAR
10587776,2023-02-19,USAQUÉN,-74.04061409182,4.7881011644,True,True,SUBA
10588043,2023-02-25,SANTA FE,-74.08295062964,4.5994758428,True,True,LOS MARTIRES
10588057,2023-02-25,BOSA,-74.17871379879,4.59676194127,True,True,CIUDAD BOLIVAR
10601884,2024-02-19,SANTA FE,-74.07249684235,4.6162420682,True,True,TEUSAQUILLO
10613418,2024-12-06,SANTA FE,-74.07185969536,4.59605633695,True,True,CANDELARIA
10613448,2024-12-10,PUENTE ARANDA,-74.12249247499,4.62908689096,True,True,KENNEDY
10613456,2024-12-08,USAQUÉN,-74.04529241507,4.75920093173,True,True,SUBA
10611653,2024-10-24,LOS MÁRTIRES,-74.09095219773,4.61528930549,True,True,PUENTE ARANDA
10612220,2024-11-06,LOS MÁRTIRES,-74.09634665441,4.60867928474,True,True,PUENTE ARANDA
10593508,2023-07-10,SANTA FE,-74.10112796013,4.5813782093,True,True,ANTONIO NARINO
10593626,2023-07-16,USAQUÉN,-74.0519135081,4.72033353467,True,True,SUBA
10593629,2023-07-16,BOSA,-74.17621184705,4.59670100631,True,True,CIUDAD BOLIVAR
10598168,2023-11-10,TEUSAQUILLO,-74.11184696104,4.6463684353,True,True,FONTIBON
10598169,2023-11-10,SANTA FE,-74.08105162566,4.59515533854,True,True,CANDELARIA
10594993,2023-08-22,RAFAEL URIBE URIBE,-74.09357485954,4.54005325334,True,True,SAN CRISTOBAL
10593730,2023-07-18,SANTA FE,-74.07853543238,4.59916768082,True,True,CANDELARIA
10593733,2023-07-19,PUENTE ARANDA,-74.11534009062,4.59240788778,True,True,ANTONIO NARINO
10600138,2023-12-31,ANTONIO NARIÑO,-74.12142691796,4.58466410416,True,True,RAFAEL URIBE URIBE
10588259,2023-03-01,CHAPINERO,-74.06582204287,4.62566566441,True,True,SANTA FE
10607258,2024-07-04,ANTONIO NARIÑO,-74.10283842919,4.59518071433,True,True,LOS MARTIRES
10608834,2024-08-17,USAQUÉN,-74.04903678376,4.73675570347,True,True,SUBA
10610632,2024-09-30,TEUSAQUILLO,-74.07589641993,4.61967171334,True,True,LOS MARTIRES
10601450,2024-02-07,LOS MÁRTIRES,-74.09549263899,4.60954978801,True,True,PUENTE ARANDA
10612257,2024-11-13,CHAPINERO,-74.05796317045,4.68359743749,True,True,BARRIOS UNIDOS
10609005,2024-08-21,CANDELARIA,-74.08045620366,4.59148718113,True,True,SANTA FE
10598275,2023-11-10,FONTIBÓN,-74.11864546721,4.63727913437,True,True,KENNEDY
10598393,2023-11-11,BARRIOS UNIDOS,-74.08631948416,4.67722437428,True,True,ENGATIVA
10598461,2023-11-16,USAQUÉN,-74.04551421161,4.75925994596,True,True,SUBA
10589446,2023-03-27,USME,-74.13178680163,4.53846115202,True,True,CIUDAD BOLIVAR
10590371,2023-04-25,CANDELARIA,-74.07848511223,4.59060836354,True,True,SANTA FE
10595589,2023-09-03,USME,-74.15269302565,4.46924344769,True,True,CIUDAD BOLIVAR
10593773,2023-07-21,TEUSAQUILLO,-74.07098551432,4.60263983093,True,True,SANTA FE
10593786,2023-07-23,RAFAEL URIBE URIBE,-74.09787305354,4.57203440155,True,True,SAN CRISTOBAL
10595015,2023-08-21,LOS MÁRTIRES,-74.08610490744,4.62131323754,True,True,PUENTE ARANDA
10594657,2023-08-12,BARRIOS UNIDOS,-74.05924829174,4.68755026944,True,True,SUBA
10594659,2023-08-10,TEUSAQUILLO,-74.1005834717,4.65742045913,True,True,ENGATIVA
10595185,2023-08-25,USAQUÉN,-74.06392721555,4.65313325852,True,True,BARRIOS UNIDOS
10601315,2024-02-02,TUNJUELITO,-74.14531198923,4.59528634432,True,True,KENNEDY
10608649,2024-08-12,BOSA,-74.1714527987,4.59573639797,True,True,CIUDAD BOLIVAR
10610044,2024-09-14,TEUSAQUILLO,-74.10856572573,4.64716005793,True,True,FONTIBON
10606309,2024-06-07,LOS MÁRTIRES,-74.09429637377,4.61139987072,True,True,PUENTE ARANDA
10609312,2024-08-30,BARRIOS UNIDOS,-74.1010287184,4.65059669411,True,True,TEUSAQUILLO
10609366,2024-08-31,PUENTE ARANDA,-74.12619990974,4.61896079711,True,True,KENNEDY
10607140,2024-07-04,ANTONIO NARIÑO,-74.10190848295,4.5807793139,True,True,RAFAEL URIBE URIBE
10607015,2024-06-27,LOS MÁRTIRES,-74.08843230789,4.61834030122,True,True,PUENTE ARANDA
10607153,2024-07-04,BARRIOS UNIDOS,-74.088653006,4.65946824407,True,True,TEUSAQUILLO
10610330,2024-08-15,SANTA FE,-74.09770546143,4.60347549417,True,True,LOS MARTIRES
10607866,2024-07-23,SAN CRISTÓBAL,-74.10142209716,4.56803575671,True,True,RAFAEL URIBE URIBE
10598477,2023-11-15,TEUSAQUILLO,-74.08473698084,4.62457488673,True,True,PUENTE ARANDA
10598478,2023-11-18,SANTA FE,-74.08472566069,4.59711121359,True,True,LOS MARTIRES
10595692,2023-09-05,SANTA FE,-74.06575230543,4.62618431792,True,True,CHAPINERO
10591873,2023-06-01,CANDELARIA,-74.08106510069,4.58600008677,True,True,SAN CRISTOBAL
10592791,2023-06-23,CIUDAD BOLÍVAR,-74.14838580076,4.57948259669,True,True,TUNJUELITO
10595667,2023-09-06,SANTA FE,-74.07231164758,4.61803419559,True,True,TEUSAQUILLO
10597719,2023-10-28,TEUSAQUILLO,-74.10054592078,4.65729748491,True,True,ENGATIVA
10599584,2023-12-15,BARRIOS UNIDOS,-74.07914969063,4.68412383309,True,True,ENGATIVA
10600190,2023-12-31,RAFAEL URIBE URIBE,-74.12503448908,4.56345658234,True,True,TUNJUELITO
10587108,2023-02-05,RAFAEL URIBE URIBE,-74.1255762953,4.56914620604,True,True,TUNJUELITO
10595993,2023-09-13,KENNEDY,-74.12890223448,4.60932521117,True,True,PUENTE ARANDA
10596022,2023-09-13,LOS MÁRTIRES,-74.07058564608,4.61499308117,True,True,SANTA FE
10597694,2023-10-30,CHAPINERO,-74.05887388105,4.67906179238,True,True,BARRIOS UNIDOS
10597707,2023-10-26,TUNJUELITO,-74.125077099,4.56422764400003,True,True,RAFAEL URIBE URIBE
10612582,2024-11-20,RAFAEL URIBE URIBE,-74.12640510026,4.56824517359,True,True,TUNJUELITO
10601357,2024-02-05,PUENTE ARANDA,-74.0977564234,4.60665701899,True,True,LOS MARTIRES
10608835,2024-08-16,CHAPINERO,-74.06115956979,4.66413988601,True,True,BARRIOS UNIDOS
10611821,2024-10-29,TEUSAQUILLO,-74.08689168853,4.62510601763,True,True,PUENTE ARANDA
10611322,2024-10-16,LOS MÁRTIRES,-74.09028057187,4.61602612456,True,True,PUENTE ARANDA
10611907,2024-10-31,BOSA,-74.17458830063,4.59657501208,True,True,CIUDAD BOLIVAR
10602132,2024-02-21,SANTA FE,-74.07661256974,4.59161817354,True,True,CANDELARIA
10610762,2024-10-03,BOSA,-74.15809003298,4.59612852372,True,True,CIUDAD BOLIVAR
10588513,2023-03-07,CANDELARIA,-74.08283930081,4.59239375323,True,True,SANTA FE
10596413,2023-09-26,ANTONIO NARIÑO,-74.10313157027,4.5818835269,True,True,RAFAEL URIBE URIBE
10600220,2024-01-03,LOS MÁRTIRES,-74.08640535133,4.62079648718,True,True,PUENTE ARANDA
10587855,2023-02-11,PUENTE ARANDA,-74.08283261244,4.62439309028,True,True,LOS MARTIRES
10587870,2023-02-21,CHAPINERO,-74.06394986098,4.65310894179,True,True,BARRIOS UNIDOS
10588279,2023-03-02,FONTIBÓN,-74.075286344,4.610156448,True,True,SANTA FE
10589656,2023-04-05,ENGATIVÁ,-74.06834165,4.67502654899999,True,True,BARRIOS UNIDOS
10589712,2022-07-06,SANTA FE,-74.079,4.61700000000002,True,True,LOS MARTIRES
10601628,2024-02-11,ANTONIO NARIÑO,-74.10266035776,4.58131218171,True,True,RAFAEL URIBE URIBE
10601832,2024-02-15,BARRIOS UNIDOS,-74.06765667383,4.68969777328,True,True,SUBA
10601839,2024-02-16,ANTONIO NARIÑO,-74.0890124207,4.59195771814,True,True,LOS MARTIRES
10601844,2024-02-18,SAN CRISTÓBAL,-74.16126040404,4.59000599048,True,True,CIUDAD BOLIVAR
10603583,2024-03-31,ANTONIO NARIÑO,-74.09976271574,4.57933821978,True,True,RAFAEL URIBE URIBE
10612834,2024-11-22,PUENTE ARANDA,-74.08832041209,4.61830288243,True,True,LOS MARTIRES
10607387,2024-07-10,ANTONIO NARIÑO,-74.08889099214,4.5918225824,True,True,SANTA FE
10607576,2024-07-16,BARRIOS UNIDOS,-74.08871885175,4.65942449937,True,True,TEUSAQUILLO
10608861,2024-08-16,ANTONIO NARIÑO,-74.0882578325,4.59145864952,True,True,SANTA FE
10606243,2024-06-10,ANTONIO NARIÑO,-74.09714756195,4.57756291618,True,True,RAFAEL URIBE URIBE
10610971,2024-10-08,USAQUÉN,-74.04205209617,4.77933264143,True,True,SUBA
10613171,2024-10-18,BOSA,-74.15372560168,4.59644441637,True,True,CIUDAD BOLIVAR
10603490,2024-03-27,LOS MÁRTIRES,-74.09183410524,4.61418460968,True,True,PUENTE ARANDA
10609488,2024-09-04,SAN CRISTÓBAL,-74.09271878426,4.57832627494,True,True,ANTONIO NARINO
10612324,2024-11-08,PUENTE ARANDA,-74.08834186976,4.61830822943,True,True,LOS MARTIRES
10589799,2023-04-10,BOSA,-74.16201210544,4.595702565,True,True,CIUDAD BOLIVAR
10590082,2023-04-17,USAQUÉN,-74.0402638727,4.79171574821,True,True,SUBA
10591993,2023-06-03,ANTONIO NARIÑO,-74.10995511,4.58864779694,True,True,RAFAEL URIBE URIBE
10599184,2023-12-05,PUENTE ARANDA,-74.13669874037,4.59749167191,True,True,KENNEDY
10593984,2023-07-23,RAFAEL URIBE URIBE,-74.14322889453,4.56673175293,True,True,CIUDAD BOLIVAR
10597662,2023-10-29,LOS MÁRTIRES,-74.0949883837,4.61035184758,True,True,PUENTE ARANDA
10588456,2023-03-08,ENGATIVÁ,-74.09344790876,4.712695444,True,True,SUBA
10609379,2024-08-29,TUNJUELITO,-74.14817569035,4.57343121348,True,True,CIUDAD BOLIVAR
10610633,2024-09-25,ANTONIO NARIÑO,-74.08195013105,4.57168574743,True,True,SAN CRISTOBAL
10610634,2024-09-29,USAQUÉN,-74.03891412203,4.79867943421,True,True,SUBA
10612361,2024-11-08,USAQUÉN,-74.04377160256,4.76804570371,True,True,SUBA
10612364,2024-11-08,KENNEDY,-74.19988957827,4.62504274501,True,True,BOSA
10609703,2024-09-08,ANTONIO NARIÑO,-74.08903578756,4.59195655597,True,True,LOS MARTIRES
10610337,2024-09-23,ENGATIVÁ,-74.06845597212,4.67461525113,True,True,BARRIOS UNIDOS
10612535,2024-11-17,PUENTE ARANDA,-74.12279037464,4.62814664384,True,True,KENNEDY
10611918,2024-11-01,RAFAEL URIBE URIBE,-74.12505326454,4.56344856122,True,True,TUNJUELITO
10595611,2023-09-04,TEUSAQUILLO,-74.10865692084,4.64706381584,True,True,FONTIBON
10586990,2023-01-31,FONTIBÓN,-74.12080172048,4.68118761678,True,True,ENGATIVA
10594532,2023-08-09,USAQUÉN,-74.044001061,4.76809723712,True,True,SUBA
10594859,2023-08-17,PUENTE ARANDA,-74.09772423689,4.60641639996,True,True,LOS MARTIRES
10612405,2024-11-13,BARRIOS UNIDOS,-74.05845311692,4.67935942961,True,True,CHAPINERO
10612659,2024-11-20,KENNEDY,-74.13207796995,4.65223948316,True,True,FONTIBON
10612833,2024-11-22,SANTA FE,-74.08387867396,4.59822461035,True,True,LOS MARTIRES
10602647,2024-03-05,USAQUÉN,-74.05711515454,4.68861872124,True,True,SUBA
10612290,2024-11-12,USAQUÉN,-74.04348888235,4.76938827523,True,True,SUBA
10608042,2024-07-27,FONTIBÓN,-74.10653083014,4.6494591753,True,True,TEUSAQUILLO
10610003,2024-09-15,BOSA,-74.1802428717,4.59691834362,True,True,CIUDAD BOLIVAR
10610005,2024-09-16,SAN CRISTÓBAL,-74.09796027128,4.57208190588,True,True,RAFAEL URIBE URIBE
10610953,2024-10-05,ANTONIO NARIÑO,-74.1267671961,4.59374582131,True,True,PUENTE ARANDA
10607050,2024-07-03,SANTA FE,-74.07806900923,4.60006402824,True,True,CANDELARIA
10596120,2023-09-17,ANTONIO NARIÑO,-74.08903387968,4.59189355436,True,True,LOS MARTIRES
10593952,2023-07-22,BARRIOS UNIDOS,-74.0877303261,4.67994576492,True,True,ENGATIVA
10594005,2023-07-26,SANTA FE,-74.05856398527,4.62498125508,True,True,CHAPINERO
10594085,2023-07-27,TEUSAQUILLO,-74.06846538676,4.65035518912,True,True,BARRIOS UNIDOS
10588784,2023-03-15,BOSA,-74.17542247825,4.59659549771,True,True,CIUDAD BOLIVAR
10608396,2024-07-28,PUENTE ARANDA,-74.10722864454,4.57436388282,True,True,RAFAEL URIBE URIBE
10609259,2024-08-28,SANTA FE,-74.07759336062,4.60704557262,True,True,LOS MARTIRES
10606608,2024-06-19,LOS MÁRTIRES,-74.08962289435,4.61676829128,True,True,PUENTE ARANDA
10607007,2024-07-01,TEUSAQUILLO,-74.07501665537,4.61839912844,True,True,LOS MARTIRES
10607396,2024-07-09,TUNJUELITO,-74.15758014487,4.5912010916,True,True,CIUDAD BOLIVAR
10607427,2024-07-11,FONTIBÓN,-74.10474731634,4.65590306308,True,True,ENGATIVA
10587132,2023-02-04,USAQUÉN,-74.05212180904,4.71910461962,True,True,SUBA
10587166,2023-02-04,BOSA,-74.17619104248,4.59668462861,True,True,CIUDAD BOLIVAR
10587450,2023-02-10,FONTIBÓN,-74.14273170416,4.65327675075,True,True,KENNEDY
10596686,2023-09-29,FONTIBÓN,-74.1234050471,4.68426307706,True,True,ENGATIVA
10591834,2023-05-31,KENNEDY,-74.12657407706,4.64890310693,True,True,FONTIBON
10597975,2023-11-02,RAFAEL URIBE URIBE,-74.09363207488,4.58684934358,True,True,ANTONIO NARINO
10598550,2023-11-19,FONTIBÓN,-74.11119429056,4.66664079098,True,True,ENGATIVA
10597438,2023-10-20,USAQUÉN,-74.04195796742,4.7794365523,True,True,SUBA
10597461,2023-10-23,TUNJUELITO,-74.142726965,4.59577921200002,True,True,KENNEDY
10602567,2024-03-05,RAFAEL URIBE URIBE,-74.10136085622,4.56584443832,True,True,SAN CRISTOBAL
10605184,2024-05-13,TUNJUELITO,-74.12332080161,4.58283631288,True,True,RAFAEL URIBE URIBE
10609532,2024-09-02,ENGATIVÁ,-74.07598493283,4.6752568397,True,True,BARRIOS UNIDOS
10606637,2024-06-21,BOSA,-74.1576501507,4.59645470087,True,True,CIUDAD BOLIVAR
10606640,2024-06-23,SAN CRISTÓBAL,-74.08397523348,4.59042039941,True,True,SANTA FE
10606642,2024-06-22,SAN CRISTÓBAL,-74.09461287443,4.57578760817,True,True,RAFAEL URIBE URIBE
10608881,2024-08-15,RAFAEL URIBE URIBE,-74.10757196729,4.58761444521,True,True,ANTONIO NARINO
10608886,2024-08-17,BOSA,-74.17310116192,4.61953783153,True,True,KENNEDY
10609791,2024-09-07,ENGATIVÁ,-74.09345773685,4.71318971772,True,True,SUBA
10609792,2024-09-09,CANDELARIA,-74.07728848641,4.59014769162,True,True,SANTA FE
10609534,2024-09-03,TEUSAQUILLO,-74.06825789958,4.65137049526,True,True,BARRIOS UNIDOS
10604360,2024-04-15,BOSA,-74.16188535874,4.5958223983,True,True,CIUDAD BOLIVAR
10604871,2024-05-01,ANTONIO NARIÑO,-74.13747993891,4.59516603289,True,True,PUENTE ARANDA
10595333,2023-08-26,USAQUÉN,-74.03915552084,4.79737777582,True,True,SUBA
10595535,2023-09-02,USME,-74.04400227253,4.66906815888,True,True,CHAPINERO
10595545,2023-09-01,BOSA,-74.15387360041,4.59652421401,True,True,CIUDAD BOLIVAR
10595550,2023-09-03,TEUSAQUILLO,-74.10648969595,4.64953402544,True,True,FONTIBON
10588643,2023-03-09,CHAPINERO,-74.05866445548,4.67868981409,True,True,BARRIOS UNIDOS
10588648,2023-03-12,KENNEDY,-74.17937562466,4.61013570539,True,True,BOSA
10597003,2023-10-06,SUBA,-74.05368236487,4.70680623073,True,True,USAQUEN
10597339,2023-10-18,SANTA FE,-74.078409354,4.59910015399998,True,True,CANDELARIA
10597536,2023-10-25,PUENTE ARANDA,-74.10641630109,4.5986834916,True,True,LOS MARTIRES
10598828,2023-11-27,SAN CRISTÓBAL,-74.10371996071,4.56565229682,True,True,RAFAEL URIBE URIBE
10592151,2023-06-08,TUNJUELITO,-74.10362107341,4.5487283222,True,True,RAFAEL URIBE URIBE
10599039,2023-12-01,LOS MÁRTIRES,-74.09178582613,4.61408943323,True,True,PUENTE ARANDA
10600150,2023-12-29,FONTIBÓN,-74.14958828701,4.65868407348,True,True,KENNEDY
10604810,2024-05-03,BOSA,-74.15811149065,4.59612317655,True,True,CIUDAD BOLIVAR
10605192,2024-05-10,CHAPINERO,-74.064677715,4.64962953791,True,True,TEUSAQUILLO
10612252,2024-11-06,PUENTE ARANDA,-74.12362901156,4.62632868532,True,True,KENNEDY
10612265,2024-11-07,CANDELARIA,-74.07654015009,4.58997123359,True,True,SANTA FE
10610483,2024-09-25,BARRIOS UNIDOS,-74.06268385832,4.68858303579,True,True,SUBA
10607469,2024-07-11,PUENTE ARANDA,-74.07278773968,4.6326621078,True,True,TEUSAQUILLO
10607883,2024-07-23,CANDELARIA,-74.07648650558,4.58998994851,True,True,SANTA FE
10608063,2024-07-26,SANTA FE,-74.08020616885,4.59424654705,True,True,CANDELARIA
10608517,2024-08-09,BARRIOS UNIDOS,-74.08867982089,4.6594575546,True,True,TEUSAQUILLO
10610999,2024-10-10,TUNJUELITO,-74.1249543919,4.56998182861,True,True,RAFAEL URIBE URIBE
10608362,2024-08-04,SAN CRISTÓBAL,-74.10563764717,4.57479969073,True,True,RAFAEL URIBE URIBE
10589109,2023-03-23,TEUSAQUILLO,-74.10058323016,4.65744739402,True,True,ENGATIVA
10589322,2023-03-29,ENGATIVÁ,-74.10520104382,4.65570416579,True,True,FONTIBON
10598941,2023-11-29,PUENTE ARANDA,-74.09783688967,4.60626133432,True,True,LOS MARTIRES
10599686,2023-12-19,ANTONIO NARIÑO,-74.12245285949,4.59365545663,True,True,PUENTE ARANDA
10592185,2023-06-09,KENNEDY,-74.11282103311,4.66849569566,True,True,ENGATIVA
10592200,2023-06-09,LOS MÁRTIRES,-74.079573296,4.603735073,True,True,SANTA FE
10592594,2023-06-19,BARRIOS UNIDOS,-74.05742508286,4.6832619309,True,True,CHAPINERO
10599460,2023-12-12,BOSA,-74.15215893838,4.59578071924,True,True,KENNEDY
10600308,2024-01-05,CHAPINERO,-74.05988044795,4.67304335404,True,True,BARRIOS UNIDOS
10600319,2024-01-02,LOS MÁRTIRES,-74.1036787409,4.60097304113,True,True,PUENTE ARANDA
10595585,2023-09-03,FONTIBÓN,-74.12099111105,4.68187105711,True,True,ENGATIVA
10605367,2024-05-13,TEUSAQUILLO,-74.06542312321,4.63819028673,True,True,CHAPINERO
10610204,2024-09-16,KENNEDY,-74.20004299006,4.62541118368,True,True,BOSA
10602094,2024-02-22,CANDELARIA,-74.0768995661,4.60222426875,True,True,SANTA FE
10602289,2024-02-28,FONTIBÓN,-74.11855695431,4.69088201284,True,True,ENGATIVA
10609409,2024-08-29,FONTIBÓN,-74.14264050905,4.65357082118,True,True,KENNEDY
10607623,2024-07-21,LOS MÁRTIRES,-74.09179297858,4.61424627988,True,True,PUENTE ARANDA
10608108,2024-07-28,SUBA,-74.08031848154,4.63195364289,True,True,TEUSAQUILLO
10613178,2024-12-03,SANTA FE,-74.0786161779,4.59914431989,True,True,CANDELARIA
10608386,2024-08-05,CIUDAD BOLÍVAR,-74.13832751696,4.56707142368,True,True,TUNJUELITO
10606190,2024-06-03,SANTA FE,-74.08178118651,4.58659446008,True,True,SAN CRISTOBAL
10587494,2023-02-12,PUENTE ARANDA,-74.08401473516,4.63135041619,True,True,TEUSAQUILLO
10587496,2023-02-14,TUNJUELITO,-74.12311622097,4.56814214177,True,True,RAFAEL URIBE URIBE
10592229,2023-06-10,CIUDAD BOLÍVAR,-74.12364510481,4.52208781553,True,True,USME
10598549,2023-11-18,PUENTE ARANDA,-74.09112540673,4.61349383216,True,True,LOS MARTIRES
10593801,2023-07-18,PUENTE ARANDA,-74.11418758307,4.59112205211,True,True,ANTONIO NARINO
10587748,2023-02-18,ANTONIO NARIÑO,-74.09991291945,4.62622174651,True,True,PUENTE ARANDA
10596173,2023-09-19,TUNJUELITO,-74.15557412092,4.57691589178,True,True,CIUDAD BOLIVAR
10596189,2023-09-20,SANTA FE,-74.07110063021,4.59918709705,True,True,CANDELARIA
10606386,2024-06-12,SANTA FE,-74.05836818402,4.62477539746,True,True,CHAPINERO
10606399,2024-06-13,USAQUÉN,-74.04605952685,4.75668567058,True,True,SUBA
10613010,2024-11-29,USAQUÉN,-74.04603700114,4.7566172602,True,True,SUBA
10602335,2024-02-29,SANTA FE,-74.07368091528,4.61388089892,True,True,LOS MARTIRES
10604500,2024-04-24,ANTONIO NARIÑO,-74.10712269728,4.58700619737,True,True,RAFAEL URIBE URIBE
10604884,2024-05-03,CHAPINERO,-74.06584618275,4.62555070508,True,True,SANTA FE
10608513,2024-08-07,CANDELARIA,-74.08120712234,4.59264399903,True,True,SANTA FE
10607434,2024-06-20,LOS MÁRTIRES,-74.08720568674,4.61979041691,True,True,PUENTE ARANDA
10606834,2024-06-21,USAQUÉN,-74.05393986839,4.70674849307,True,True,SUBA
10589246,2023-03-27,SAN CRISTÓBAL,-74.10268095915,4.5756913564,True,True,RAFAEL URIBE URIBE
10589270,2023-03-26,ANTONIO NARIÑO,-74.09091784751,4.61536348543,True,True,PUENTE ARANDA
10592980,2023-07-01,PUENTE ARANDA,-74.1228626635,4.62845674889,True,True,KENNEDY
10593012,2023-06-28,RAFAEL URIBE URIBE,-74.1253509239,4.56404610493,True,True,TUNJUELITO
10593110,2023-06-30,PUENTE ARANDA,-74.11242335125,4.59446709104,True,True,ANTONIO NARINO
10598758,2023-11-25,CANDELARIA,-74.08225861971,4.59519276876,True,True,SANTA FE
10588600,2023-03-10,USAQUÉN,-74.04458431189,4.76507874846,True,True,SUBA
10588670,2023-03-12,KENNEDY,-74.190588559,4.60308317449,True,True,BOSA
10610565,2024-09-27,SANTA FE,-74.05965832655,4.63773361711,True,True,CHAPINERO
10610655,2024-09-29,SANTA FE,-74.07281187956,4.61545827226,True,True,TEUSAQUILLO
10610657,2024-10-01,TUNJUELITO,-74.15076223795,4.58042371951,True,True,CIUDAD BOLIVAR
10606217,2024-06-07,SANTA FE,-74.07474575226,4.61164316158,True,True,LOS MARTIRES
10612933,2024-12-04,TUNJUELITO,-74.13690594618,4.59503770068,True,True,PUENTE ARANDA
10610383,2024-09-21,BOSA,-74.16404632535,4.59559380708,True,True,CIUDAD BOLIVAR
10610135,2024-09-19,CIUDAD BOLÍVAR,-74.13841334765,4.5670981606,True,True,TUNJUELITO
10589679,2023-04-05,SAN CRISTÓBAL,-74.10305643477,4.56635458814,True,True,RAFAEL URIBE URIBE
10589951,2023-04-16,SAN CRISTÓBAL,-74.09540951653,4.5749947249,True,True,RAFAEL URIBE URIBE
10590138,2023-04-19,LOS MÁRTIRES,-74.07379356806,4.60981179424,True,True,SANTA FE
10592681,2023-06-21,PUENTE ARANDA,-74.13280242732,4.60308169884,True,True,KENNEDY
10597221,2023-10-15,BOSA,-74.17542090013,4.59657514209,True,True,CIUDAD BOLIVAR
10593113,2023-06-29,RAFAEL URIBE URIBE,-74.09455923025,4.57578760817,True,True,SAN CRISTOBAL
10587234,2023-02-03,PUENTE ARANDA,-74.13171806806,4.60475977322,True,True,KENNEDY
10589461,2023-04-01,CIUDAD BOLÍVAR,-74.12476149197,4.52272538175,True,True,USME
10589475,2023-03-31,USAQUÉN,-74.04920554094,4.73690699299,True,True,SUBA
10589482,2023-04-01,CHAPINERO,-74.0672006983,4.63655196137,True,True,TEUSAQUILLO
10589625,2023-04-04,CIUDAD BOLÍVAR,-74.14080051367,4.5794023873,True,True,TUNJUELITO
10597462,2023-10-21,CIUDAD BOLÍVAR,-74.14010637352,4.5815696173,True,True,TUNJUELITO
10599422,2023-12-09,CANDELARIA,-74.08049860536,4.59146965553,True,True,SANTA FE
10599431,2023-12-12,RAFAEL URIBE URIBE,-74.12544999173,4.56950908795,True,True,TUNJUELITO
10613051,2024-11-25,BARRIOS UNIDOS,-74.06826285414,4.68977422887,True,True,SUBA
10606734,2024-06-23,ANTONIO NARIÑO,-74.09876225178,4.57862168211,True,True,RAFAEL URIBE URIBE
10602891,2024-03-13,SUBA,-74.03721610052,4.80474302659,True,True,USAQUEN
10608070,2024-07-26,LOS MÁRTIRES,-74.06921158572,4.6036793838,True,True,SANTA FE
10608865,2024-08-16,TEUSAQUILLO,-74.08979692701,4.62546564842,True,True,PUENTE ARANDA
10610424,2024-09-23,BOSA,-74.1688921827,4.59578630556,True,True,CIUDAD BOLIVAR
10611295,2024-10-15,CHAPINERO,-74.04832762597,4.68542380693,True,True,USAQUEN
10609864,2024-09-12,FONTIBÓN,-74.11644978748,4.67459154483,True,True,ENGATIVA
10610950,2024-10-06,CIUDAD BOLÍVAR,-74.14420267968,4.58688999302,True,True,TUNJUELITO
10612142,2024-11-07,BARRIOS UNIDOS,-74.06069634144,4.68801631005,True,True,SUBA
10611578,2024-10-23,BOSA,-74.17459420185,4.59636914606,True,True,CIUDAD BOLIVAR
10611580,2024-10-22,CANDELARIA,-74.07731772566,4.59012363039,True,True,SANTA FE
10598931,2023-11-28,USAQUÉN,-74.05063537543,4.72825536485,True,True,SUBA
10599765,2023-12-17,USME,-74.11052373929,4.54923135035,True,True,RAFAEL URIBE URIBE
10592715,2023-06-22,LOS MÁRTIRES,-74.10370267219,4.60094477392,True,True,PUENTE ARANDA
10592730,2023-06-23,LOS MÁRTIRES,-74.07782761042,4.60460239724,True,True,SANTA FE
10589256,2023-03-27,BOSA,-74.16193047171,4.59571436092,True,True,CIUDAD BOLIVAR
10589434,2023-03-31,FONTIBÓN,-74.119392993,4.67928692599997,True,True,ENGATIVA
10595092,2023-08-23,CANDELARIA,-74.08119865356,4.59272132477,True,True,SANTA FE
10596973,2023-10-08,SANTA FE,-74.07853214523,4.61876435899,True,True,LOS MARTIRES
10589499,2023-04-01,FONTIBÓN,-74.12921852075,4.64673981094,True,True,KENNEDY
10557225,2021-12-01,BARRIOS UNIDOS,-74.069371625,4.68970783899999,True,True,SUBA
10557226,2021-12-02,SANTA FE,-74.080326441,4.59602445899998,True,True,CANDELARIA
10557232,2021-11-02,SANTA FE,-74.080326441,4.59602445899998,True,True,CANDELARIA
10557540,2021-12-04,SANTA FE,-74.075113951,4.60064788599999,True,True,CANDELARIA
10557613,2021-12-06,BARRIOS UNIDOS,-74.092316593,4.69076078400002,True,True,ENGATIVA
10555479,2021-09-30,PUENTE ARANDA,-74.134653621,4.60091194199998,True,True,KENNEDY
10555497,2021-11-18,USAQUÉN,-74.05735993,4.68869281500002,True,True,SUBA
10555507,2021-11-18,TEUSAQUILLO,-74.060598384,4.63321345600002,True,True,CHAPINERO
10555509,2021-11-18,LOS MÁRTIRES,-74.101487696,4.59478689399998,True,True,ANTONIO NARINO
10556645,2021-11-24,BARRIOS UNIDOS,-74.086016573,4.67815648300001,True,True,ENGATIVA
10556755,2021-11-26,ANTONIO NARIÑO,-74.086040042,4.61108889500002,True,True,LOS MARTIRES
10553252,2021-10-23,LOS MÁRTIRES,-74.088459924,4.61865158699999,True,True,PUENTE ARANDA
10553407,2021-10-25,PUENTE ARANDA,-74.081503192,4.621102248,True,True,LOS MARTIRES
10553957,2021-10-29,PUENTE ARANDA,-74.13786887,4.59516566999997,True,True,KENNEDY
10555136,2021-11-11,PUENTE ARANDA,-74.134339075,4.59398876199998,True,True,TUNJUELITO
10551842,2021-10-09,SANTA FE,-74.075437806,4.61065828599999,True,True,LOS MARTIRES
10549222,2021-09-09,CIUDAD BOLÍVAR,-74.086230644,4.53200299999997,True,True,SAN CRISTOBAL
10556060,2021-11-23,USAQUÉN,-74.062076795,4.71498476800002,True,True,SUBA
10557542,2021-12-03,TEUSAQUILLO,-74.066788183,4.63649015200002,True,True,CHAPINERO
10555154,2021-11-12,PUENTE ARANDA,-74.103200889,4.59407702599998,True,True,ANTONIO NARINO
10555177,2021-11-12,RAFAEL URIBE URIBE,-74.142693703,4.56347291399999,True,True,CIUDAD BOLIVAR
10548796,2021-09-03,SAN CRISTÓBAL,-74.076225072,4.59887162000001,True,True,CANDELARIA
10548830,2021-09-03,CIUDAD BOLÍVAR,-74.138,4.56700000000001,True,True,TUNJUELITO
10558442,2021-12-13,FONTIBÓN,-74.119392993,4.67928692599997,True,True,ENGATIVA
10557244,2021-12-01,SANTA FE,-74.078897478,4.60544749299999,True,True,LOS MARTIRES
10557268,2021-12-01,BOSA,-74.185,4.61700000000002,True,True,KENNEDY
10554474,2021-11-06,USAQUÉN,-74.088421434,4.72133725600003,True,True,SUBA
10554520,2021-11-06,TUNJUELITO,-74.12664803,4.57999087100001,True,True,RAFAEL URIBE URIBE
10542976,2021-06-24,CIUDAD BOLÍVAR,-74.142343967,4.58051414699997,True,True,TUNJUELITO
10553304,2021-10-23,BOSA,-74.15808313,4.59611384300001,True,True,CIUDAD BOLIVAR
10554962,2021-11-11,TUNJUELITO,-74.058479827,4.67306464699999,True,True,CHAPINERO
10554967,2021-11-11,BOSA,-74.155222832,4.59151498099999,True,True,CIUDAD BOLIVAR
10554973,2021-11-10,PUENTE ARANDA,-74.090661362,4.61514374900003,True,True,LOS MARTIRES
10556676,2021-11-25,SUBA,-74.067603806,4.681927148,True,True,BARRIOS UNIDOS
10553370,2021-10-24,SAN CRISTÓBAL,-74.10898933,4.54709108499998,True,True,RAFAEL URIBE URIBE
10558453,2021-12-13,BOSA,-74.139612992,4.554077452,True,True,CIUDAD BOLIVAR
10558458,2021-12-13,CIUDAD BOLÍVAR,-74.086927796,4.54430044999998,True,True,SAN CRISTOBAL
10558464,2021-12-13,USAQUÉN,-74.050104546,4.73203669100002,True,True,SUBA
10559732,2021-12-28,SANTA FE,-74.075672654,4.61031176199998,True,True,LOS MARTIRES
10555520,2021-11-18,KENNEDY,-74.168909426,4.56836209300002,True,True,CIUDAD BOLIVAR
10548829,2021-09-05,BOSA,-74.14398208,4.60201350800003,True,True,KENNEDY
10543561,2021-07-02,RAFAEL URIBE URIBE,-74.133987619,4.58551487300002,True,True,TUNJUELITO
10549263,2021-09-08,TUNJUELITO,-74.122887558,4.58775326099999,True,True,RAFAEL URIBE URIBE
10557255,2021-12-02,BOSA,-74.167206751,4.59546040100003,True,True,CIUDAD BOLIVAR
10559178,2021-12-20,TUNJUELITO,-74.142774327,4.61572807200002,True,True,KENNEDY
10558116,2021-12-10,CHAPINERO,-74.06624523,4.68114281499999,True,True,BARRIOS UNIDOS
10558179,2021-12-11,SANTA FE,-74.069,4.62799999999999,True,True,TEUSAQUILLO
10558183,2021-12-12,BOSA,-74.173139936,4.62275352199998,True,True,KENNEDY
10544030,2021-07-08,USME,-74.114779212,4.55345462100001,True,True,RAFAEL URIBE URIBE
10551323,2021-10-01,BARRIOS UNIDOS,-74.101830873,4.67151231999998,True,True,ENGATIVA
10551816,2021-10-07,TUNJUELITO,-74.153872441,4.57306485800001,True,True,CIUDAD BOLIVAR
10551393,2021-10-04,PUENTE ARANDA,-74.067591253,4.62571726499999,True,True,SANTA FE
10557762,2021-12-08,SANTA FE,-74.064,4.601,True,True,CANDELARIA
10555450,2021-11-17,TEUSAQUILLO,-74.091780216,4.61109842299999,True,True,LOS MARTIRES
10559246,2021-12-23,USAQUÉN,-74.053173805,4.71304211299997,True,True,SUBA
10551515,2021-10-06,BOSA,-74.153617554,4.59631107600001,True,True,CIUDAD BOLIVAR
10558241,2021-12-10,SAN CRISTÓBAL,-74.101011663,4.56886092299999,True,True,RAFAEL URIBE URIBE
10554917,2021-11-10,BARRIOS UNIDOS,-74.065665559,4.68954195100002,True,True,SUBA
10554500,2021-11-06,TUNJUELITO,-74.153872441,4.57306485800001,True,True,CIUDAD BOLIVAR
10554870,2021-11-10,TUNJUELITO,-74.146029087,4.567304218,True,True,CIUDAD BOLIVAR
10554847,2021-11-09,PUENTE ARANDA,-74.129724526,4.608521107,True,True,KENNEDY
10549731,2021-09-15,BOSA,-74.158,4.596,True,True,CIUDAD BOLIVAR
10552267,2021-10-13,CANDELARIA,-74.081154494,4.59535344599999,True,True,SANTA FE
10559724,2021-12-27,SAN CRISTÓBAL,-74.095,4.57600000000002,True,True,RAFAEL URIBE URIBE
10547770,2021-08-23,BOSA,-74.174317518,4.60913877399997,True,True,KENNEDY
10547779,2021-08-24,SANTA FE,-74.075909785,4.59302783200002,True,True,CANDELARIA
10554907,2021-11-10,SANTA FE,-74.072749153,4.61591273200003,True,True,TEUSAQUILLO
10551043,2021-10-01,LOS MÁRTIRES,-74.085627527,4.62175954499997,True,True,PUENTE ARANDA
10555195,2021-11-12,USAQUÉN,-74.049550801,4.73795319200002,True,True,SUBA
10555222,2021-11-13,BOSA,-74.17157828,4.59562164300002,True,True,CIUDAD BOLIVAR
10554239,2021-11-04,RAFAEL URIBE URIBE,-74.11818352,4.59929745599999,True,True,PUENTE ARANDA
10555698,2021-10-23,LOS MÁRTIRES,-74.077245824,4.607008694,True,True,SANTA FE
10558161,2021-12-10,FONTIBÓN,-74.11133647,4.66684784099999,True,True,ENGATIVA
10552292,2021-10-12,TUNJUELITO,-74.150263293,4.58032622000002,True,True,CIUDAD BOLIVAR
10556291,2021-11-22,USAQUÉN,-74.051585618,4.723345209,True,True,SUBA
10551445,2021-10-05,SAN CRISTÓBAL,-74.099744476,4.57359323200001,True,True,RAFAEL URIBE URIBE
10555251,2021-11-13,CIUDAD BOLÍVAR,-74.136880514,4.57434392099998,True,True,TUNJUELITO
10554455,2021-11-05,PUENTE ARANDA,-74.107805619,4.589321283,True,True,ANTONIO NARINO
10555835,2021-11-19,USAQUÉN,-74.038073224,4.80644826899999,True,True,SUBA
10547628,2021-08-22,USME,-74.137912039,4.62728007999999,True,True,KENNEDY
10553400,2021-10-25,BARRIOS UNIDOS,-74.077282474,4.69718742700002,True,True,SUBA
10557699,2021-12-07,BOSA,-74.154,4.596,True,True,CIUDAD BOLIVAR
10555310,2021-11-14,PUENTE ARANDA,-74.120005676,4.63872516700002,True,True,FONTIBON
10555331,2021-11-12,USAQUÉN,-74.049645834,4.73480376600003,True,True,SUBA
10555354,2021-11-17,SANTA FE,-74.078991498,4.59820989299999,True,True,CANDELARIA
10556638,2021-11-24,SUBA,-74.136,4.56900000000002,True,True,TUNJUELITO
10555855,2021-11-20,ANTONIO NARIÑO,-74.089951137,4.58158772399997,True,True,SAN CRISTOBAL
10555847,2021-11-20,ANTONIO NARIÑO,-74.089951137,4.58158772399997,True,True,SAN CRISTOBAL
10555943,2021-11-22,FONTIBÓN,-74.109179725,4.663462063,True,True,ENGATIVA
10554711,2021-11-08,SANTA FE,-74.06757533,4.60054310999999,True,True,CANDELARIA
10555382,2021-11-17,TUNJUELITO,-74.114623851,4.66060046699999,True,True,FONTIBON
10555414,2021-11-16,SANTA FE,-74.07473949,4.61173653399999,True,True,LOS MARTIRES
10556717,2021-11-28,CHAPINERO,-74.058,4.68299999999999,True,True,BARRIOS UNIDOS
10556718,2021-11-27,TUNJUELITO,-74.141440742,4.595794291,True,True,KENNEDY
10556762,2021-11-29,LOS MÁRTIRES,-74.094761318,4.61040989100002,True,True,PUENTE ARANDA
10548861,2021-09-04,ANTONIO NARIÑO,-74.121764101,4.58697974099999,True,True,RAFAEL URIBE URIBE
10551340,2021-10-03,CHAPINERO,-74.026253843,4.67572303499998,True,True,USAQUEN
10555866,2021-11-20,ENGATIVÁ,-74.120642642,4.69236080500002,True,True,FONTIBON
10552074,2021-10-07,USME,-74.125161053,4.56333317500003,True,True,TUNJUELITO
10554508,2021-11-06,BARRIOS UNIDOS,-74.094560179,4.66470499399998,True,True,TEUSAQUILLO
10553616,2021-10-26,SANTA FE,-74.076299368,4.609001535,True,True,LOS MARTIRES
10555475,2021-11-18,ANTONIO NARIÑO,-74.107347283,4.58688765599999,True,True,RAFAEL URIBE URIBE
10555481,2021-11-18,TEUSAQUILLO,-74.060598384,4.63321345600002,True,True,CHAPINERO
10557263,2021-12-02,TEUSAQUILLO,-74.089506318,4.66110528899998,True,True,BARRIOS UNIDOS
10557118,2021-11-30,USAQUÉN,-74.122775811,4.59812851800001,True,True,PUENTE ARANDA
10557128,2021-11-30,TUNJUELITO,-74.12,4.53699999999998,True,True,USME
10557135,2021-11-30,CHAPINERO,-74.061235584,4.66427263000003,True,True,BARRIOS UNIDOS
10557140,2021-12-01,BARRIOS UNIDOS,-74.08294427,4.64443143599999,True,True,TEUSAQUILLO
10551929,2021-10-10,CIUDAD BOLÍVAR,-74.152466616,4.58962076900002,True,True,TUNJUELITO
10551857,2021-10-07,SANTA FE,-74.072459113,4.61647503900002,True,True,TEUSAQUILLO
10555929,2021-11-21,ANTONIO NARIÑO,-74.080903605,4.61235128599998,True,True,LOS MARTIRES
10556940,2021-11-30,PUENTE ARANDA,-74.107066669,4.59806206799999,True,True,ANTONIO NARINO
10556951,2021-11-29,BARRIOS UNIDOS,-74.08877445,4.68764663500002,True,True,ENGATIVA
10555489,2021-11-17,USAQUÉN,-74.047571923,4.75178422599998,True,True,SUBA
10555498,2021-11-18,KENNEDY,-74.177354139,4.62621732500003,True,True,BOSA
10557149,2021-12-01,CIUDAD BOLÍVAR,-74.130489143,4.64656910500003,True,True,KENNEDY
10552920,2021-10-20,CHAPINERO,-74.06854272,4.62745052000002,True,True,SANTA FE
10557481,2021-12-01,RAFAEL URIBE URIBE,-74.100923762,4.56843078499998,True,True,SAN CRISTOBAL
10557488,2021-12-02,FONTIBÓN,-74.124951344,4.63984349100002,True,True,KENNEDY
10557508,2021-12-03,TUNJUELITO,-74.150263293,4.58032622000002,True,True,CIUDAD BOLIVAR
10557519,2021-12-03,TEUSAQUILLO,-74.093,4.66699999999997,True,True,ENGATIVA
10557602,2021-12-07,USAQUÉN,-74.04004455,4.791695694,True,True,SUBA
10555478,2021-11-17,BARRIOS UNIDOS,-74.078871482,4.64923631099998,True,True,TEUSAQUILLO
10554700,2021-11-09,BOSA,-74.155287817,4.59628799199999,True,True,CIUDAD BOLIVAR
